MFR URL,Ref URL 1,Ref URL 2,Ref URL 3,Ref URL 4,Ref URL 5,PART_NUMBER,Dept,Class,Fine,SKU - MY_PART_NUMBER,Mfg_Part_Num,Part_Desc,E1_Brand,Unilog_Brand,DIB_Brand,Part_Manuf,MANUFACTURER_NAME,BRAND_NAME,TRADE_NAME,MANUFACTURER_PART_NUMBER,ALTERNATE_PART_NUMBER,Classpath,MOBILE_DESC,INVOICE_DESC,SHORT_DESC,LONG_DESC1,RETAIL_DESC,MARKETING_DESCRIPTION,ITEM_FEATURES_1,ITEM_FEATURES_2,ITEM_FEATURES_3,ITEM_FEATURES_4,ITEM_FEATURES_5,ITEM_FEATURES_6,ITEM_FEATURES_7,ITEM_FEATURES_8,ITEM_FEATURES_9,ITEM_FEATURES_10,ITEM_FEATURES_11,ITEM_FEATURES_12,ITEM_FEATURES_13,ITEM_FEATURES_14,ITEM_FEATURES_15,ITEM_FEATURES_16,ITEM_FEATURES_17,ITEM_FEATURES_18,ITEM_FEATURES_19,ITEM_FEATURES_20,With,Standard/Approvals,Prop 65,Application,Includes,Product Name,ATTRIBUTE_LABEL 1,ATTRIBUTE_VALUE 1,ATTRIBUTE_UOM 1,ATTRIBUTE_LABEL 2,ATTRIBUTE_VALUE 2,ATTRIBUTE_UOM 2,ATTRIBUTE_LABEL 3,ATTRIBUTE_VALUE 3,ATTRIBUTE_UOM 3,ATTRIBUTE_LABEL 4,ATTRIBUTE_VALUE 4,ATTRIBUTE_UOM 4,ATTRIBUTE_LABEL 5,ATTRIBUTE_VALUE 5,ATTRIBUTE_UOM 5,ATTRIBUTE_LABEL 6,ATTRIBUTE_VALUE 6,ATTRIBUTE_UOM 6,ATTRIBUTE_LABEL 7,ATTRIBUTE_VALUE 7,ATTRIBUTE_UOM 7,ATTRIBUTE_LABEL 8,ATTRIBUTE_VALUE 8,ATTRIBUTE_UOM 8,ATTRIBUTE_LABEL 9,ATTRIBUTE_VALUE 9,ATTRIBUTE_UOM 9,ATTRIBUTE_LABEL 10,ATTRIBUTE_VALUE 10,ATTRIBUTE_UOM 10,ATTRIBUTE_LABEL 11,ATTRIBUTE_VALUE 11,ATTRIBUTE_UOM 11,ATTRIBUTE_LABEL 12,ATTRIBUTE_VALUE 12,ATTRIBUTE_UOM 12,ATTRIBUTE_LABEL 13,ATTRIBUTE_VALUE 13,ATTRIBUTE_UOM 13,ATTRIBUTE_LABEL 14,ATTRIBUTE_VALUE 14,ATTRIBUTE_UOM 14,ATTRIBUTE_LABEL 15,ATTRIBUTE_VALUE 15,ATTRIBUTE_UOM 15,ATTRIBUTE_LABEL 16,ATTRIBUTE_VALUE 16,ATTRIBUTE_UOM 16,ATTRIBUTE_LABEL 17,ATTRIBUTE_VALUE 17,ATTRIBUTE_UOM 17,ATTRIBUTE_LABEL 18,ATTRIBUTE_VALUE 18,ATTRIBUTE_UOM 18,ATTRIBUTE_LABEL 19,ATTRIBUTE_VALUE 19,ATTRIBUTE_UOM 19,ATTRIBUTE_LABEL 20,ATTRIBUTE_VALUE 20,ATTRIBUTE_UOM 20,ATTRIBUTE_LABEL 21,ATTRIBUTE_VALUE 21,ATTRIBUTE_UOM 21,ATTRIBUTE_LABEL 22,ATTRIBUTE_VALUE 22,ATTRIBUTE_UOM 22,ATTRIBUTE_LABEL 23,ATTRIBUTE_VALUE 23,ATTRIBUTE_UOM 23,ATTRIBUTE_LABEL 24,ATTRIBUTE_VALUE 24,ATTRIBUTE_UOM 24,ATTRIBUTE_LABEL 25,ATTRIBUTE_VALUE 25,ATTRIBUTE_UOM 25,ATTRIBUTE_LABEL 26,ATTRIBUTE_VALUE 26,ATTRIBUTE_UOM 26,ATTRIBUTE_LABEL 27,ATTRIBUTE_VALUE 27,ATTRIBUTE_UOM 27,ATTRIBUTE_LABEL 28,ATTRIBUTE_VALUE 28,ATTRIBUTE_UOM 28,ATTRIBUTE_LABEL 29,ATTRIBUTE_VALUE 29,ATTRIBUTE_UOM 29,ATTRIBUTE_LABEL 30,ATTRIBUTE_VALUE 30,ATTRIBUTE_UOM 30,ATTRIBUTE_LABEL 31,ATTRIBUTE_VALUE 31,ATTRIBUTE_UOM 31,ATTRIBUTE_LABEL 32,ATTRIBUTE_VALUE 32,ATTRIBUTE_UOM 32,ATTRIBUTE_LABEL 33,ATTRIBUTE_VALUE 33,ATTRIBUTE_UOM 33,ATTRIBUTE_LABEL 34,ATTRIBUTE_VALUE 34,ATTRIBUTE_UOM 34,ATTRIBUTE_LABEL 35,ATTRIBUTE_VALUE 35,ATTRIBUTE_UOM 35,ATTRIBUTE_LABEL 36,ATTRIBUTE_VALUE 36,ATTRIBUTE_UOM 36,ATTRIBUTE_LABEL 37,ATTRIBUTE_VALUE 37,ATTRIBUTE_UOM 37,ATTRIBUTE_LABEL 38,ATTRIBUTE_VALUE 38,ATTRIBUTE_UOM 38,ATTRIBUTE_LABEL 39,ATTRIBUTE_VALUE 39,ATTRIBUTE_UOM 39,ATTRIBUTE_LABEL 40,ATTRIBUTE_VALUE 40,ATTRIBUTE_UOM 40,ATTRIBUTE_LABEL 41,ATTRIBUTE_VALUE 41,ATTRIBUTE_UOM 41,ATTRIBUTE_LABEL 42,ATTRIBUTE_VALUE 42,ATTRIBUTE_UOM 42,ATTRIBUTE_LABEL 43,ATTRIBUTE_VALUE 43,ATTRIBUTE_UOM 43,ATTRIBUTE_LABEL 44,ATTRIBUTE_VALUE 44,ATTRIBUTE_UOM 44,ATTRIBUTE_LABEL 45,ATTRIBUTE_VALUE 45,ATTRIBUTE_UOM 45,ATTRIBUTE_LABEL 46,ATTRIBUTE_VALUE 46,ATTRIBUTE_UOM 46,ATTRIBUTE_LABEL 47,ATTRIBUTE_VALUE 47,ATTRIBUTE_UOM 47,ATTRIBUTE_LABEL 48,ATTRIBUTE_VALUE 48,ATTRIBUTE_UOM 48,ATTRIBUTE_LABEL 49,ATTRIBUTE_VALUE 49,ATTRIBUTE_UOM 49,ATTRIBUTE_LABEL 50,ATTRIBUTE_VALUE 50,ATTRIBUTE_UOM 50,UPC,EAN,GTIN,UNSPSC,Warranty,List Price,Selling Qty,Selling UOM,Standard Packaging Information,LENGTH,LENGTH_UOM,HEIGHT,HEIGHT_UOM,WIDTH,WIDTH_UOM,WEIGHT,WEIGHT_UOM,VOLUME,VOLUME_UOM,Product Image,Alternate Image 1,Alternate Image 2,Alternate Image 3,Alternate Image 4,SDS,SDS_1,Warranty Information,Catalog,Specification Sheet,Instruction/Installation Manual,Service Manual,Owners/User Manual,Line Drawing,MTR,RoHS,Full Engineering Drawing,Energy Star Guide,Technical Bulletin,Submittal,Compatibility Chart,Size Chart,Product Label/Insert,Video Link,Video Link 1,Country Of Origin,Discontinued,Actual Image (Yes/No)
,,,,,,,Abrasives,Coated Abrasives,Sanding Belts,,DCB518ASTS06G,"DCB518ASTS06G Diablo 1/2""x18"" - Sanding Belt 6pc",,,,Freud Inc (2435),"Freud America, Inc.",Diablo®,,DCB518ASTS06G,,Abrasives & Polishing>Coated Abrasives>Sanding Belts,"Freud America, Inc., Diablo, Sanding Belt, DCB518ASTS06G","SANDING BELT 1/2""V ALUMINUM OXIDEA DCB51","Diablo®, DCB518ASTS06G, Sanding Belt, 6 Mounting","Diablo® Sanding Belt Model DCB518ASTS06G. Outer Diameter: 518 in in, Thickness: 06 in in, Arbor Size: 1/2"" in, Abrasive Material: Aluminum Oxide, Package Quantity: 6 pc","Sanding Belt, 6 Mounting",,,,,,,,,,,,,,,,,,,,,,,,,,,Sanding Belt,Grit,,,Outer Diameter,518 in,in,Thickness,06 in,in,Arbor Size,"1/2""",in,Abrasive Material,Aluminum Oxide,,Package Quantity,6,pc,,,,,,,,,,,,,,,,,,,,,,,,,,,,,,,,,,,,,,,,,,,,,,,,,,,,,,,,,,,,,,,,,,,,,,,,,,,,,,,,,,,,,,,,,,,,,,,,,,,,,,,,,,,,,,,,,,,,,,,,,,,,,,,,,,,,,,,,,,,,,,,,,,,,,,,,,,,,,,,,,,,,,,,,,,,,,,,,,,,
,,,,,,,Hardware,General Hardware,Hardware Accessories,,3MABR-7100075678,3M 775L Stikit Film P150 - Cubitron II 50 Disc/Box,,,,Jam Industrial Supply LLC (JAMIN),3M Company,3M®,,3MABR-7100075678,,Industrial & Commercial Supplies>Hardware>General Hardware,"3M Company, 3M, Industrial Hardware, P150, 3MABR-7100075678",INDUSTRIAL HARDWARE 150V CUBITRON IIA 3M,"3M®, P150, 3MABR-7100075678, Industrial Hardware, 50 Mounting","3M® Industrial Hardware Model 3MABR-7100075678. Grit: P150, Outer Diameter: 3 in in, Thickness: 775 in in, Arbor Size: 150 in, Abrasive Material: Cubitron II, Package Quantity: 50 pc","P150, Industrial Hardware, 50 Mounting",,,,,,,,,,,,,,,,,,,,,,,,,,,Industrial Hardware,Grit,P150,,Outer Diameter,3 in,in,Thickness,775 in,in,Arbor Size,150,in,Abrasive Material,Cubitron II,,Package Quantity,50,pc,,,,,,,,,,,,,,,,,,,,,,,,,,,,,,,,,,,,,,,,,,,,,,,,,,,,,,,,,,,,,,,,,,,,,,,,,,,,,,,,,,,,,,,,,,,,,,,,,,,,,,,,,,,,,,,,,,,,,,,,,,,,,,,,,,,,,,,,,,,,,,,,,,,,,,,,,,,,,,,,,,,,,,,,,,,,,,,,,,,
,,,,,,,Hardware,General Hardware,Hardware Accessories,,3MABR-7100045865,3M 775L Stikit Film P120 - Cubitron II 50 Disc/Box,,,,Jam Industrial Supply LLC (JAMIN),3M Company,3M®,,3MABR-7100045865,,Industrial & Commercial Supplies>Hardware>General Hardware,"3M Company, 3M, Industrial Hardware, P120, 3MABR-7100045865",INDUSTRIAL HARDWARE 120V CUBITRON IIA 3M,"3M®, P120, 3MABR-7100045865, Industrial Hardware, 50 Mounting","3M® Industrial Hardware Model 3MABR-7100045865. Grit: P120, Outer Diameter: 3 in in, Thickness: 775 in in, Arbor Size: 120 in, Abrasive Material: Cubitron II, Package Quantity: 50 pc","P120, Industrial Hardware, 50 Mounting",,,,,,,,,,,,,,,,,,,,,,,,,,,Industrial Hardware,Grit,P120,,Outer Diameter,3 in,in,Thickness,775 in,in,Arbor Size,120,in,Abrasive Material,Cubitron II,,Package Quantity,50,pc,,,,,,,,,,,,,,,,,,,,,,,,,,,,,,,,,,,,,,,,,,,,,,,,,,,,,,,,,,,,,,,,,,,,,,,,,,,,,,,,,,,,,,,,,,,,,,,,,,,,,,,,,,,,,,,,,,,,,,,,,,,,,,,,,,,,,,,,,,,,,,,,,,,,,,,,,,,,,,,,,,,,,,,,,,,,,,,,,,,
,,,,,,,Hardware,General Hardware,Hardware Accessories,,3MABR-7100048736,3M 775L Stikit Film P80 - Cubitron II 50 Disc/Box,,,,Jam Industrial Supply LLC (JAMIN),3M Company,3M®,,3MABR-7100048736,,Industrial & Commercial Supplies>Hardware>General Hardware,"3M Company, 3M, Industrial Hardware, P80, 3MABR-7100048736",INDUSTRIAL HARDWARE 80V CUBITRON IIA 3MA,"3M®, P80, 3MABR-7100048736, Industrial Hardware, 50 Mounting","3M® Industrial Hardware Model 3MABR-7100048736. Grit: P80, Outer Diameter: 3 in in, Thickness: 775 in in, Arbor Size: 80 in, Abrasive Material: Cubitron II, Package Quantity: 50 pc","P80, Industrial Hardware, 50 Mounting",,,,,,,,,,,,,,,,,,,,,,,,,,,Industrial Hardware,Grit,P80,,Outer Diameter,3 in,in,Thickness,775 in,in,Arbor Size,80,in,Abrasive Material,Cubitron II,,Package Quantity,50,pc,,,,,,,,,,,,,,,,,,,,,,,,,,,,,,,,,,,,,,,,,,,,,,,,,,,,,,,,,,,,,,,,,,,,,,,,,,,,,,,,,,,,,,,,,,,,,,,,,,,,,,,,,,,,,,,,,,,,,,,,,,,,,,,,,,,,,,,,,,,,,,,,,,,,,,,,,,,,,,,,,,,,,,,,,,,,,,,,,,,
,,,,,,,Hardware,General Hardware,Hardware Accessories,,3MABR-7100075690,3M 775L Stikit Film P180 - Cubitron II 50 Disc/Box,,,,Jam Industrial Supply LLC (JAMIN),3M Company,3M®,,3MABR-7100075690,,Industrial & Commercial Supplies>Hardware>General Hardware,"3M Company, 3M, Industrial Hardware, P180, 3MABR-7100075690",INDUSTRIAL HARDWARE 180V CUBITRON IIA 3M,"3M®, P180, 3MABR-7100075690, Industrial Hardware, 50 Mounting","3M® Industrial Hardware Model 3MABR-7100075690. Grit: P180, Outer Diameter: 3 in in, Thickness: 775 in in, Arbor Size: 180 in, Abrasive Material: Cubitron II, Package Quantity: 50 pc","P180, Industrial Hardware, 50 Mounting",,,,,,,,,,,,,,,,,,,,,,,,,,,Industrial Hardware,Grit,P180,,Outer Diameter,3 in,in,Thickness,775 in,in,Arbor Size,180,in,Abrasive Material,Cubitron II,,Package Quantity,50,pc,,,,,,,,,,,,,,,,,,,,,,,,,,,,,,,,,,,,,,,,,,,,,,,,,,,,,,,,,,,,,,,,,,,,,,,,,,,,,,,,,,,,,,,,,,,,,,,,,,,,,,,,,,,,,,,,,,,,,,,,,,,,,,,,,,,,,,,,,,,,,,,,,,,,,,,,,,,,,,,,,,,,,,,,,,,,,,,,,,,
,,,,,,,Hardware,General Hardware,Hardware Accessories,,3MABR-7100075692,3M 775L Stikit Film P220 - Cubitron II 50 Disc/Box,,,,Jam Industrial Supply LLC (JAMIN),3M Company,3M®,,3MABR-7100075692,,Industrial & Commercial Supplies>Hardware>General Hardware,"3M Company, 3M, Industrial Hardware, P220, 3MABR-7100075692",INDUSTRIAL HARDWARE 220V CUBITRON IIA 3M,"3M®, P220, 3MABR-7100075692, Industrial Hardware, 50 Mounting","3M® Industrial Hardware Model 3MABR-7100075692. Grit: P220, Outer Diameter: 3 in in, Thickness: 775 in in, Arbor Size: 220 in, Abrasive Material: Cubitron II, Package Quantity: 50 pc","P220, Industrial Hardware, 50 Mounting",,,,,,,,,,,,,,,,,,,,,,,,,,,Industrial Hardware,Grit,P220,,Outer Diameter,3 in,in,Thickness,775 in,in,Arbor Size,220,in,Abrasive Material,Cubitron II,,Package Quantity,50,pc,,,,,,,,,,,,,,,,,,,,,,,,,,,,,,,,,,,,,,,,,,,,,,,,,,,,,,,,,,,,,,,,,,,,,,,,,,,,,,,,,,,,,,,,,,,,,,,,,,,,,,,,,,,,,,,,,,,,,,,,,,,,,,,,,,,,,,,,,,,,,,,,,,,,,,,,,,,,,,,,,,,,,,,,,,,,,,,,,,,
,,,,,,,Hardware,General Hardware,Hardware Accessories,,3MABR-7100145365,3M 775L Stikit Film P320 - Cubitron II 50 Disc/Box,,,,Jam Industrial Supply LLC (JAMIN),3M Company,3M®,,3MABR-7100145365,,Industrial & Commercial Supplies>Hardware>General Hardware,"3M Company, 3M, Industrial Hardware, P320, 3MABR-7100145365",INDUSTRIAL HARDWARE 320V CUBITRON IIA 3M,"3M®, P320, 3MABR-7100145365, Industrial Hardware, 50 Mounting","3M® Industrial Hardware Model 3MABR-7100145365. Grit: P320, Outer Diameter: 3 in in, Thickness: 775 in in, Arbor Size: 320 in, Abrasive Material: Cubitron II, Package Quantity: 50 pc","P320, Industrial Hardware, 50 Mounting",,,,,,,,,,,,,,,,,,,,,,,,,,,Industrial Hardware,Grit,P320,,Outer Diameter,3 in,in,Thickness,775 in,in,Arbor Size,320,in,Abrasive Material,Cubitron II,,Package Quantity,50,pc,,,,,,,,,,,,,,,,,,,,,,,,,,,,,,,,,,,,,,,,,,,,,,,,,,,,,,,,,,,,,,,,,,,,,,,,,,,,,,,,,,,,,,,,,,,,,,,,,,,,,,,,,,,,,,,,,,,,,,,,,,,,,,,,,,,,,,,,,,,,,,,,,,,,,,,,,,,,,,,,,,,,,,,,,,,,,,,,,,,
,,,,,,,Hardware,General Hardware,Hardware Accessories,,5B-332-080,"5B-332-080 HIOLIT 5"" P80",,,,Mirka Abrasives Inc (MIRUS),Mirka USA Inc.,Mirka®,,5B-332-080,,Industrial & Commercial Supplies>Hardware>General Hardware,"Mirka USA Inc., Mirka, Industrial Hardware, 5B-332-080",INDUSTRIAL HARDWARE 5B-332-080,"Mirka®, 5B-332-080, Industrial Hardware",Mirka® Industrial Hardware Model 5B-332-080. ,Industrial Hardware,,,,,,,,,,,,,,,,,,,,,,,,,,,Industrial Hardware,Size,,,Material,,,,,,,,,,,,,,,,,,,,,,,,,,,,,,,,,,,,,,,,,,,,,,,,,,,,,,,,,,,,,,,,,,,,,,,,,,,,,,,,,,,,,,,,,,,,,,,,,,,,,,,,,,,,,,,,,,,,,,,,,,,,,,,,,,,,,,,,,,,,,,,,,,,,,,,,,,,,,,,,,,,,,,,,,,,,,,,,,,,,,,,,,,,,,,,,,
,,,,,,,Hardware,General Hardware,Hardware Accessories,,5B-332-120,"5B-332-120 HIOLIT 5"" P120",,,,Mirka Abrasives Inc (MIRUS),Mirka USA Inc.,Mirka®,,5B-332-120,,Industrial & Commercial Supplies>Hardware>General Hardware,"Mirka USA Inc., Mirka, Industrial Hardware, 5B-332-120",INDUSTRIAL HARDWARE 5B-332-120,"Mirka®, 5B-332-120, Industrial Hardware",Mirka® Industrial Hardware Model 5B-332-120. ,Industrial Hardware,,,,,,,,,,,,,,,,,,,,,,,,,,,Industrial Hardware,Size,,,Material,,,,,,,,,,,,,,,,,,,,,,,,,,,,,,,,,,,,,,,,,,,,,,,,,,,,,,,,,,,,,,,,,,,,,,,,,,,,,,,,,,,,,,,,,,,,,,,,,,,,,,,,,,,,,,,,,,,,,,,,,,,,,,,,,,,,,,,,,,,,,,,,,,,,,,,,,,,,,,,,,,,,,,,,,,,,,,,,,,,,,,,,,,,,,,,,,
,,,,,,,Hardware,General Hardware,Hardware Accessories,,9A-570-240,9A-570-240 Abranet 2.75x30,,,,Mirka Abrasives Inc (MIRUS),Mirka USA Inc.,Mirka®,,9A-570-240,,Industrial & Commercial Supplies>Hardware>General Hardware,"Mirka USA Inc., Mirka, Industrial Hardware, 9A-570-240",INDUSTRIAL HARDWARE 9A-570-240,"Mirka®, 9A-570-240, Industrial Hardware",Mirka® Industrial Hardware Model 9A-570-240. ,Industrial Hardware,,,,,,,,,,,,,,,,,,,,,,,,,,,Industrial Hardware,Size,,,Material,,,,,,,,,,,,,,,,,,,,,,,,,,,,,,,,,,,,,,,,,,,,,,,,,,,,,,,,,,,,,,,,,,,,,,,,,,,,,,,,,,,,,,,,,,,,,,,,,,,,,,,,,,,,,,,,,,,,,,,,,,,,,,,,,,,,,,,,,,,,,,,,,,,,,,,,,,,,,,,,,,,,,,,,,,,,,,,,,,,,,,,,,,,,,,,,,
,,,,,,,Hardware,General Hardware,Hardware Accessories,,9A-570-320,9A-570-320 Abranet 2.75x30,,,,Mirka Abrasives Inc (MIRUS),Mirka USA Inc.,Mirka®,,9A-570-320,,Industrial & Commercial Supplies>Hardware>General Hardware,"Mirka USA Inc., Mirka, Industrial Hardware, 9A-570-320",INDUSTRIAL HARDWARE 9A-570-320,"Mirka®, 9A-570-320, Industrial Hardware",Mirka® Industrial Hardware Model 9A-570-320. ,Industrial Hardware,,,,,,,,,,,,,,,,,,,,,,,,,,,Industrial Hardware,Size,,,Material,,,,,,,,,,,,,,,,,,,,,,,,,,,,,,,,,,,,,,,,,,,,,,,,,,,,,,,,,,,,,,,,,,,,,,,,,,,,,,,,,,,,,,,,,,,,,,,,,,,,,,,,,,,,,,,,,,,,,,,,,,,,,,,,,,,,,,,,,,,,,,,,,,,,,,,,,,,,,,,,,,,,,,,,,,,,,,,,,,,,,,,,,,,,,,,,,
,,,,,,,Abrasives,Bonded Abrasives,Cut-Off Wheels,,DBD090094101F,"DBD090094101F Diablo 9"" - Metal Cut-Off Disc",,,,Freud Inc (2435),"Freud America, Inc.",Diablo®,,DBD090094101F,,Abrasives & Polishing>Bonded Abrasives>Cut-Off Wheels,"Freud America, Inc., Diablo, Cut-Off Disc, DBD090094101F",CUT-OFF DISC METALA DBD090094101F,"Diablo®, DBD090094101F, Cut-Off Disc, 1 Mounting","Diablo® Cut-Off Disc Model DBD090094101F. Width: 090094101 in in, Length: 9"" in in, Abrasive Material: Metal, Package Quantity: 1 pc","Cut-Off Disc, 1 Mounting",,,,,,,,,,,,,,,,,,,,,,,,,,,Cut-Off Disc,Grit,,,Width,090094101 in,in,Length,"9"" in",in,Arbor Size,,,Abrasive Material,Metal,,Package Quantity,1,pc,,,,,,,,,,,,,,,,,,,,,,,,,,,,,,,,,,,,,,,,,,,,,,,,,,,,,,,,,,,,,,,,,,,,,,,,,,,,,,,,,,,,,,,,,,,,,,,,,,,,,,,,,,,,,,,,,,,,,,,,,,,,,,,,,,,,,,,,,,,,,,,,,,,,,,,,,,,,,,,,,,,,,,,,,,,,,,,,,,,
,,,,,,,Abrasives,Bonded Abrasives,Cut-Off Wheels,,DBDS12125A01F,"DBDS12125A01F Diablo 12"" - Steel Demon Metal Cut-Off Disc",,,,Freud Inc (2435),"Freud America, Inc.",Diablo®,,DBDS12125A01F,,Abrasives & Polishing>Bonded Abrasives>Cut-Off Wheels,"Freud America, Inc., Diablo, Cut-Off Disc, DBDS12125A01F","CUT-OFF DISC 12""V METALA DBDS12125A01F","Diablo®, DBDS12125A01F, Cut-Off Disc, 1 Mounting","Diablo® Cut-Off Disc Model DBDS12125A01F. Outer Diameter: 12125 in in, Thickness: 01 in in, Arbor Size: 12"" in, Abrasive Material: Metal, Package Quantity: 1 pc","Cut-Off Disc, 1 Mounting",,,,,,,,,,,,,,,,,,,,,,,,,,,Cut-Off Disc,Grit,,,Outer Diameter,12125 in,in,Thickness,01 in,in,Arbor Size,"12""",in,Abrasive Material,Metal,,Package Quantity,1,pc,,,,,,,,,,,,,,,,,,,,,,,,,,,,,,,,,,,,,,,,,,,,,,,,,,,,,,,,,,,,,,,,,,,,,,,,,,,,,,,,,,,,,,,,,,,,,,,,,,,,,,,,,,,,,,,,,,,,,,,,,,,,,,,,,,,,,,,,,,,,,,,,,,,,,,,,,,,,,,,,,,,,,,,,,,,,,,,,,,,
,,,,,,,Abrasives,Bonded Abrasives,Cut-Off Wheels,,DBDS12125G01F,"DBDS12125G01F Diablo 12""x20mm - Speed Demon Metal Cut-Off Disc",,,,Freud Inc (2435),"Freud America, Inc.",Diablo®,,DBDS12125G01F,,Abrasives & Polishing>Bonded Abrasives>Cut-Off Wheels,"Freud America, Inc., Diablo, Cut-Off Disc, DBDS12125G01F","CUT-OFF DISC 12""V METALA DBDS12125G01F","Diablo®, DBDS12125G01F, Cut-Off Disc, 1 Mounting","Diablo® Cut-Off Disc Model DBDS12125G01F. Outer Diameter: 12125 in in, Thickness: 01 in in, Arbor Size: 12"" in, Abrasive Material: Metal, Package Quantity: 1 pc","Cut-Off Disc, 1 Mounting",,,,,,,,,,,,,,,,,,,,,,,,,,,Cut-Off Disc,Grit,,,Outer Diameter,12125 in,in,Thickness,01 in,in,Arbor Size,"12""",in,Abrasive Material,Metal,,Package Quantity,1,pc,,,,,,,,,,,,,,,,,,,,,,,,,,,,,,,,,,,,,,,,,,,,,,,,,,,,,,,,,,,,,,,,,,,,,,,,,,,,,,,,,,,,,,,,,,,,,,,,,,,,,,,,,,,,,,,,,,,,,,,,,,,,,,,,,,,,,,,,,,,,,,,,,,,,,,,,,,,,,,,,,,,,,,,,,,,,,,,,,,,
,,,,,,,Abrasives,Bonded Abrasives,Cut-Off Wheels,,DBDS14125A01F,"DBDS14125A01F Diablo 14""x1"" - Steel Demon Metal Cut-Off Disc",,,,Freud Inc (2435),"Freud America, Inc.",Diablo®,,DBDS14125A01F,,Abrasives & Polishing>Bonded Abrasives>Cut-Off Wheels,"Freud America, Inc., Diablo, Cut-Off Disc, DBDS14125A01F","CUT-OFF DISC 14""V METALA DBDS14125A01F","Diablo®, DBDS14125A01F, Cut-Off Disc, 1 Mounting","Diablo® Cut-Off Disc Model DBDS14125A01F. Outer Diameter: 14125 in in, Thickness: 01 in in, Arbor Size: 14"" in, Abrasive Material: Metal, Package Quantity: 1 pc","Cut-Off Disc, 1 Mounting",,,,,,,,,,,,,,,,,,,,,,,,,,,Cut-Off Disc,Grit,,,Outer Diameter,14125 in,in,Thickness,01 in,in,Arbor Size,"14""",in,Abrasive Material,Metal,,Package Quantity,1,pc,,,,,,,,,,,,,,,,,,,,,,,,,,,,,,,,,,,,,,,,,,,,,,,,,,,,,,,,,,,,,,,,,,,,,,,,,,,,,,,,,,,,,,,,,,,,,,,,,,,,,,,,,,,,,,,,,,,,,,,,,,,,,,,,,,,,,,,,,,,,,,,,,,,,,,,,,,,,,,,,,,,,,,,,,,,,,,,,,,,
,,,,,,,Abrasives,Bonded Abrasives,Cut-Off Wheels,,DBDS14125G01F,"DBDS14125G01F Diablo 14""x20mm - Steel Demon Metal Cut-Off Disc",,,,Freud Inc (2435),"Freud America, Inc.",Diablo®,,DBDS14125G01F,,Abrasives & Polishing>Bonded Abrasives>Cut-Off Wheels,"Freud America, Inc., Diablo, Cut-Off Disc, DBDS14125G01F","CUT-OFF DISC 14""V METALA DBDS14125G01F","Diablo®, DBDS14125G01F, Cut-Off Disc, 1 Mounting","Diablo® Cut-Off Disc Model DBDS14125G01F. Outer Diameter: 14125 in in, Thickness: 01 in in, Arbor Size: 14"" in, Abrasive Material: Metal, Package Quantity: 1 pc","Cut-Off Disc, 1 Mounting",,,,,,,,,,,,,,,,,,,,,,,,,,,Cut-Off Disc,Grit,,,Outer Diameter,14125 in,in,Thickness,01 in,in,Arbor Size,"14""",in,Abrasive Material,Metal,,Package Quantity,1,pc,,,,,,,,,,,,,,,,,,,,,,,,,,,,,,,,,,,,,,,,,,,,,,,,,,,,,,,,,,,,,,,,,,,,,,,,,,,,,,,,,,,,,,,,,,,,,,,,,,,,,,,,,,,,,,,,,,,,,,,,,,,,,,,,,,,,,,,,,,,,,,,,,,,,,,,,,,,,,,,,,,,,,,,,,,,,,,,,,,,
,,,,,,,Abrasives,Bonded Abrasives,Cut-Off Wheels,,49-94-0013,"49-94-0013 Milw 5""x.045""x7/8"" Metal Cut Off Disc",,,,Milwaukee Accessory (4031),Milwaukee Tool,Milwaukee®,,49-94-0013,,Abrasives & Polishing>Bonded Abrasives>Cut-Off Wheels,"Milwaukee Tool, Milwaukee, Cut-Off Disc, 49-94-0013","CUT-OFF DISC 5""V METALA 49-94-0013","Milwaukee®, 49-94-0013, Cut-Off Disc, 1 Mounting","Milwaukee® Cut-Off Disc Model 49-94-0013. Outer Diameter: 49-94 in in, Thickness: 0013 in in, Arbor Size: 5"" in, Abrasive Material: Metal, Package Quantity: 1 pc","Cut-Off Disc, 1 Mounting",,,,,,,,,,,,,,,,,,,,,,,,,,,Cut-Off Disc,Grit,,,Outer Diameter,49-94 in,in,Thickness,0013 in,in,Arbor Size,"5""",in,Abrasive Material,Metal,,Package Quantity,1,pc,,,,,,,,,,,,,,,,,,,,,,,,,,,,,,,,,,,,,,,,,,,,,,,,,,,,,,,,,,,,,,,,,,,,,,,,,,,,,,,,,,,,,,,,,,,,,,,,,,,,,,,,,,,,,,,,,,,,,,,,,,,,,,,,,,,,,,,,,,,,,,,,,,,,,,,,,,,,,,,,,,,,,,,,,,,,,,,,,,,
,,,,,,,Abrasives,Bonded Abrasives,Cut-Off Wheels,,49-94-0029,"49-94-0029 Milw 6-1/2""x1/8""x5/8"" DKO Metal Cut Off Disc",,,,Milwaukee Accessory (4031),Milwaukee Tool,Milwaukee®,,49-94-0029,,Abrasives & Polishing>Bonded Abrasives>Cut-Off Wheels,"Milwaukee Tool, Milwaukee, Cut-Off Disc, 49-94-0029",CUT-OFF DISC 6-1V METALA 49-94-0029,"Milwaukee®, 49-94-0029, Cut-Off Disc, 1 Mounting","Milwaukee® Cut-Off Disc Model 49-94-0029. Outer Diameter: 49-94 in in, Thickness: 0029 in in, Arbor Size: 6-1 in, Abrasive Material: Metal, Package Quantity: 1 pc","Cut-Off Disc, 1 Mounting",,,,,,,,,,,,,,,,,,,,,,,,,,,Cut-Off Disc,Grit,,,Outer Diameter,49-94 in,in,Thickness,0029 in,in,Arbor Size,6-1,in,Abrasive Material,Metal,,Package Quantity,1,pc,,,,,,,,,,,,,,,,,,,,,,,,,,,,,,,,,,,,,,,,,,,,,,,,,,,,,,,,,,,,,,,,,,,,,,,,,,,,,,,,,,,,,,,,,,,,,,,,,,,,,,,,,,,,,,,,,,,,,,,,,,,,,,,,,,,,,,,,,,,,,,,,,,,,,,,,,,,,,,,,,,,,,,,,,,,,,,,,,,,
,,,,,,,Abrasives,Bonded Abrasives,Cut-Off Wheels,,49-94-0033,"49-94-0033 Milw 7""x1/16""x7/8"" Metal Cut Off Disc",,,,Milwaukee Accessory (4031),Milwaukee Tool,Milwaukee®,,49-94-0033,,Abrasives & Polishing>Bonded Abrasives>Cut-Off Wheels,"Milwaukee Tool, Milwaukee, Cut-Off Disc, 49-94-0033","CUT-OFF DISC 7""V METALA 49-94-0033","Milwaukee®, 49-94-0033, Cut-Off Disc, 1 Mounting","Milwaukee® Cut-Off Disc Model 49-94-0033. Outer Diameter: 49-94 in in, Thickness: 0033 in in, Arbor Size: 7"" in, Abrasive Material: Metal, Package Quantity: 1 pc","Cut-Off Disc, 1 Mounting",,,,,,,,,,,,,,,,,,,,,,,,,,,Cut-Off Disc,Grit,,,Outer Diameter,49-94 in,in,Thickness,0033 in,in,Arbor Size,"7""",in,Abrasive Material,Metal,,Package Quantity,1,pc,,,,,,,,,,,,,,,,,,,,,,,,,,,,,,,,,,,,,,,,,,,,,,,,,,,,,,,,,,,,,,,,,,,,,,,,,,,,,,,,,,,,,,,,,,,,,,,,,,,,,,,,,,,,,,,,,,,,,,,,,,,,,,,,,,,,,,,,,,,,,,,,,,,,,,,,,,,,,,,,,,,,,,,,,,,,,,,,,,,
,,,,,,,Abrasives,Bonded Abrasives,Cut-Off Wheels,,49-94-0001,"49-94-0001 Milw 4""x.040""x5/8"" Metal Cut Off Disc",,,,Milwaukee Accessory (4031),Milwaukee Tool,Milwaukee®,,49-94-0001,,Abrasives & Polishing>Bonded Abrasives>Cut-Off Wheels,"Milwaukee Tool, Milwaukee, Cut-Off Disc, 49-94-0001","CUT-OFF DISC 4""V METALA 49-94-0001","Milwaukee®, 49-94-0001, Cut-Off Disc, 1 Mounting","Milwaukee® Cut-Off Disc Model 49-94-0001. Outer Diameter: 49-94 in in, Thickness: 0001 in in, Arbor Size: 4"" in, Abrasive Material: Metal, Package Quantity: 1 pc","Cut-Off Disc, 1 Mounting",,,,,,,,,,,,,,,,,,,,,,,,,,,Cut-Off Disc,Grit,,,Outer Diameter,49-94 in,in,Thickness,0001 in,in,Arbor Size,"4""",in,Abrasive Material,Metal,,Package Quantity,1,pc,,,,,,,,,,,,,,,,,,,,,,,,,,,,,,,,,,,,,,,,,,,,,,,,,,,,,,,,,,,,,,,,,,,,,,,,,,,,,,,,,,,,,,,,,,,,,,,,,,,,,,,,,,,,,,,,,,,,,,,,,,,,,,,,,,,,,,,,,,,,,,,,,,,,,,,,,,,,,,,,,,,,,,,,,,,,,,,,,,,
,,,,,,,Abrasives,Bonded Abrasives,Cut-Off Wheels,,49-94-0039,"49-94-0039 Milw 7""x1/8""x5/8"" DKO Metal Cut Off Disc",,,,Milwaukee Accessory (4031),Milwaukee Tool,Milwaukee®,,49-94-0039,,Abrasives & Polishing>Bonded Abrasives>Cut-Off Wheels,"Milwaukee Tool, Milwaukee, Cut-Off Disc, 49-94-0039","CUT-OFF DISC 7""V METALA 49-94-0039","Milwaukee®, 49-94-0039, Cut-Off Disc, 1 Mounting","Milwaukee® Cut-Off Disc Model 49-94-0039. Outer Diameter: 49-94 in in, Thickness: 0039 in in, Arbor Size: 7"" in, Abrasive Material: Metal, Package Quantity: 1 pc","Cut-Off Disc, 1 Mounting",,,,,,,,,,,,,,,,,,,,,,,,,,,Cut-Off Disc,Grit,,,Outer Diameter,49-94 in,in,Thickness,0039 in,in,Arbor Size,"7""",in,Abrasive Material,Metal,,Package Quantity,1,pc,,,,,,,,,,,,,,,,,,,,,,,,,,,,,,,,,,,,,,,,,,,,,,,,,,,,,,,,,,,,,,,,,,,,,,,,,,,,,,,,,,,,,,,,,,,,,,,,,,,,,,,,,,,,,,,,,,,,,,,,,,,,,,,,,,,,,,,,,,,,,,,,,,,,,,,,,,,,,,,,,,,,,,,,,,,,,,,,,,,
,,,,,,,Abrasives,Bonded Abrasives,Cut-Off Wheels,,49-94-0043,"49-94-0043 Milw 9""x3/32""x7/8"" Metal Cut Off Disc",,,,Milwaukee Accessory (4031),Milwaukee Tool,Milwaukee®,,49-94-0043,,Abrasives & Polishing>Bonded Abrasives>Cut-Off Wheels,"Milwaukee Tool, Milwaukee, Cut-Off Disc, 49-94-0043","CUT-OFF DISC 9""V METALA 49-94-0043","Milwaukee®, 49-94-0043, Cut-Off Disc, 1 Mounting","Milwaukee® Cut-Off Disc Model 49-94-0043. Outer Diameter: 49-94 in in, Thickness: 0043 in in, Arbor Size: 9"" in, Abrasive Material: Metal, Package Quantity: 1 pc","Cut-Off Disc, 1 Mounting",,,,,,,,,,,,,,,,,,,,,,,,,,,Cut-Off Disc,Grit,,,Outer Diameter,49-94 in,in,Thickness,0043 in,in,Arbor Size,"9""",in,Abrasive Material,Metal,,Package Quantity,1,pc,,,,,,,,,,,,,,,,,,,,,,,,,,,,,,,,,,,,,,,,,,,,,,,,,,,,,,,,,,,,,,,,,,,,,,,,,,,,,,,,,,,,,,,,,,,,,,,,,,,,,,,,,,,,,,,,,,,,,,,,,,,,,,,,,,,,,,,,,,,,,,,,,,,,,,,,,,,,,,,,,,,,,,,,,,,,,,,,,,,
,,,,,,,Abrasives,Bonded Abrasives,Cut-Off Wheels,,49-94-0048,"49-94-0048 Milw 12""x7/64""x1"" Metal Cut Off Disc General Purpose",,,,Milwaukee Accessory (4031),Milwaukee Tool,Milwaukee®,,49-94-0048,,Abrasives & Polishing>Bonded Abrasives>Cut-Off Wheels,"Milwaukee Tool, Milwaukee, Cut-Off Disc, 49-94-0048","CUT-OFF DISC 12""V METALA 49-94-0048","Milwaukee®, 49-94-0048, Cut-Off Disc, 1 Mounting","Milwaukee® Cut-Off Disc Model 49-94-0048. Outer Diameter: 49-94 in in, Thickness: 0048 in in, Arbor Size: 12"" in, Abrasive Material: Metal, Package Quantity: 1 pc","Cut-Off Disc, 1 Mounting",,,,,,,,,,,,,,,,,,,,,,,,,,,Cut-Off Disc,Grit,,,Outer Diameter,49-94 in,in,Thickness,0048 in,in,Arbor Size,"12""",in,Abrasive Material,Metal,,Package Quantity,1,pc,,,,,,,,,,,,,,,,,,,,,,,,,,,,,,,,,,,,,,,,,,,,,,,,,,,,,,,,,,,,,,,,,,,,,,,,,,,,,,,,,,,,,,,,,,,,,,,,,,,,,,,,,,,,,,,,,,,,,,,,,,,,,,,,,,,,,,,,,,,,,,,,,,,,,,,,,,,,,,,,,,,,,,,,,,,,,,,,,,,
,,,,,,,Abrasives,Bonded Abrasives,Cut-Off Wheels,,49-94-0053,"49-94-0053 Milw 12""x1/8""x1"" Metal Cut Off Disc",,,,Milwaukee Accessory (4031),Milwaukee Tool,Milwaukee®,,49-94-0053,,Abrasives & Polishing>Bonded Abrasives>Cut-Off Wheels,"Milwaukee Tool, Milwaukee, Cut-Off Disc, 49-94-0053","CUT-OFF DISC 12""V METALA 49-94-0053","Milwaukee®, 49-94-0053, Cut-Off Disc, 1 Mounting","Milwaukee® Cut-Off Disc Model 49-94-0053. Outer Diameter: 49-94 in in, Thickness: 0053 in in, Arbor Size: 12"" in, Abrasive Material: Metal, Package Quantity: 1 pc","Cut-Off Disc, 1 Mounting",,,,,,,,,,,,,,,,,,,,,,,,,,,Cut-Off Disc,Grit,,,Outer Diameter,49-94 in,in,Thickness,0053 in,in,Arbor Size,"12""",in,Abrasive Material,Metal,,Package Quantity,1,pc,,,,,,,,,,,,,,,,,,,,,,,,,,,,,,,,,,,,,,,,,,,,,,,,,,,,,,,,,,,,,,,,,,,,,,,,,,,,,,,,,,,,,,,,,,,,,,,,,,,,,,,,,,,,,,,,,,,,,,,,,,,,,,,,,,,,,,,,,,,,,,,,,,,,,,,,,,,,,,,,,,,,,,,,,,,,,,,,,,,
,,,,,,,Abrasives,Bonded Abrasives,Cut-Off Wheels,,49-94-0058,"49-94-0058 Milw 12""x1/8""x20mm Metal Cut Off Disc",,,,Milwaukee Accessory (4031),Milwaukee Tool,Milwaukee®,,49-94-0058,,Abrasives & Polishing>Bonded Abrasives>Cut-Off Wheels,"Milwaukee Tool, Milwaukee, Cut-Off Disc, 49-94-0058","CUT-OFF DISC 12""V METALA 49-94-0058","Milwaukee®, 49-94-0058, Cut-Off Disc, 1 Mounting","Milwaukee® Cut-Off Disc Model 49-94-0058. Outer Diameter: 49-94 in in, Thickness: 0058 in in, Arbor Size: 12"" in, Abrasive Material: Metal, Package Quantity: 1 pc","Cut-Off Disc, 1 Mounting",,,,,,,,,,,,,,,,,,,,,,,,,,,Cut-Off Disc,Grit,,,Outer Diameter,49-94 in,in,Thickness,0058 in,in,Arbor Size,"12""",in,Abrasive Material,Metal,,Package Quantity,1,pc,,,,,,,,,,,,,,,,,,,,,,,,,,,,,,,,,,,,,,,,,,,,,,,,,,,,,,,,,,,,,,,,,,,,,,,,,,,,,,,,,,,,,,,,,,,,,,,,,,,,,,,,,,,,,,,,,,,,,,,,,,,,,,,,,,,,,,,,,,,,,,,,,,,,,,,,,,,,,,,,,,,,,,,,,,,,,,,,,,,
,,,,,,,Abrasives,Bonded Abrasives,Cut-Off Wheels,,49-94-0063,"49-94-0063 Milw 14""x7/64""x1"" Metal Cut Off Disc General Purpose",,,,Milwaukee Accessory (4031),Milwaukee Tool,Milwaukee®,,49-94-0063,,Abrasives & Polishing>Bonded Abrasives>Cut-Off Wheels,"Milwaukee Tool, Milwaukee, Cut-Off Disc, 49-94-0063","CUT-OFF DISC 14""V METALA 49-94-0063","Milwaukee®, 49-94-0063, Cut-Off Disc, 1 Mounting","Milwaukee® Cut-Off Disc Model 49-94-0063. Outer Diameter: 49-94 in in, Thickness: 0063 in in, Arbor Size: 14"" in, Abrasive Material: Metal, Package Quantity: 1 pc","Cut-Off Disc, 1 Mounting",,,,,,,,,,,,,,,,,,,,,,,,,,,Cut-Off Disc,Grit,,,Outer Diameter,49-94 in,in,Thickness,0063 in,in,Arbor Size,"14""",in,Abrasive Material,Metal,,Package Quantity,1,pc,,,,,,,,,,,,,,,,,,,,,,,,,,,,,,,,,,,,,,,,,,,,,,,,,,,,,,,,,,,,,,,,,,,,,,,,,,,,,,,,,,,,,,,,,,,,,,,,,,,,,,,,,,,,,,,,,,,,,,,,,,,,,,,,,,,,,,,,,,,,,,,,,,,,,,,,,,,,,,,,,,,,,,,,,,,,,,,,,,,
,,,,,,,Abrasives,Bonded Abrasives,Cut-Off Wheels,,49-94-0068,"49-94-0068 Milw 14""x1/8""x20mm Metal Cut Off Disc",,,,Milwaukee Accessory (4031),Milwaukee Tool,Milwaukee®,,49-94-0068,,Abrasives & Polishing>Bonded Abrasives>Cut-Off Wheels,"Milwaukee Tool, Milwaukee, Cut-Off Disc, 49-94-0068","CUT-OFF DISC 14""V METALA 49-94-0068","Milwaukee®, 49-94-0068, Cut-Off Disc, 1 Mounting","Milwaukee® Cut-Off Disc Model 49-94-0068. Outer Diameter: 49-94 in in, Thickness: 0068 in in, Arbor Size: 14"" in, Abrasive Material: Metal, Package Quantity: 1 pc","Cut-Off Disc, 1 Mounting",,,,,,,,,,,,,,,,,,,,,,,,,,,Cut-Off Disc,Grit,,,Outer Diameter,49-94 in,in,Thickness,0068 in,in,Arbor Size,"14""",in,Abrasive Material,Metal,,Package Quantity,1,pc,,,,,,,,,,,,,,,,,,,,,,,,,,,,,,,,,,,,,,,,,,,,,,,,,,,,,,,,,,,,,,,,,,,,,,,,,,,,,,,,,,,,,,,,,,,,,,,,,,,,,,,,,,,,,,,,,,,,,,,,,,,,,,,,,,,,,,,,,,,,,,,,,,,,,,,,,,,,,,,,,,,,,,,,,,,,,,,,,,,
,,,,,,,Abrasives,Bonded Abrasives,Cut-Off Wheels,,49-94-0073,"49-94-0073 Milw 14""x1/8""x1"" Metal Cut Off Disc",,,,Milwaukee Accessory (4031),Milwaukee Tool,Milwaukee®,,49-94-0073,,Abrasives & Polishing>Bonded Abrasives>Cut-Off Wheels,"Milwaukee Tool, Milwaukee, Cut-Off Disc, 49-94-0073","CUT-OFF DISC 14""V METALA 49-94-0073","Milwaukee®, 49-94-0073, Cut-Off Disc, 1 Mounting","Milwaukee® Cut-Off Disc Model 49-94-0073. Outer Diameter: 49-94 in in, Thickness: 0073 in in, Arbor Size: 14"" in, Abrasive Material: Metal, Package Quantity: 1 pc","Cut-Off Disc, 1 Mounting",,,,,,,,,,,,,,,,,,,,,,,,,,,Cut-Off Disc,Grit,,,Outer Diameter,49-94 in,in,Thickness,0073 in,in,Arbor Size,"14""",in,Abrasive Material,Metal,,Package Quantity,1,pc,,,,,,,,,,,,,,,,,,,,,,,,,,,,,,,,,,,,,,,,,,,,,,,,,,,,,,,,,,,,,,,,,,,,,,,,,,,,,,,,,,,,,,,,,,,,,,,,,,,,,,,,,,,,,,,,,,,,,,,,,,,,,,,,,,,,,,,,,,,,,,,,,,,,,,,,,,,,,,,,,,,,,,,,,,,,,,,,,,,
,,,,,,,Abrasives,Bonded Abrasives,Cut-Off Wheels,,49-94-0101,"49-94-0101 Milw 4-1/2""x.045""x7/8"" Perform+ Metal Cut Off Disc 10pc",,,,Milwaukee Accessory (4031),Milwaukee Tool,Milwaukee®,,49-94-0101,,Abrasives & Polishing>Bonded Abrasives>Cut-Off Wheels,"Milwaukee Tool, Milwaukee, Cut-Off Disc, 49-94-0101",CUT-OFF DISC 4-1V METALA 49-94-0101,"Milwaukee®, 49-94-0101, Cut-Off Disc, 10 Mounting","Milwaukee® Cut-Off Disc Model 49-94-0101. Outer Diameter: 49-94 in in, Thickness: 0101 in in, Arbor Size: 4-1 in, Abrasive Material: Metal, Package Quantity: 10 pc","Cut-Off Disc, 10 Mounting",,,,,,,,,,,,,,,,,,,,,,,,,,,Cut-Off Disc,Grit,,,Outer Diameter,49-94 in,in,Thickness,0101 in,in,Arbor Size,4-1,in,Abrasive Material,Metal,,Package Quantity,10,pc,,,,,,,,,,,,,,,,,,,,,,,,,,,,,,,,,,,,,,,,,,,,,,,,,,,,,,,,,,,,,,,,,,,,,,,,,,,,,,,,,,,,,,,,,,,,,,,,,,,,,,,,,,,,,,,,,,,,,,,,,,,,,,,,,,,,,,,,,,,,,,,,,,,,,,,,,,,,,,,,,,,,,,,,,,,,,,,,,,,
,,,,,,,Abrasives,Bonded Abrasives,Cut-Off Wheels,,49-94-0107,"49-94-0107 Milw 4-1/2""x.045""x7/8"" Performance+ Metal Cut Off Disc",,,,Milwaukee Accessory (4031),Milwaukee Tool,Milwaukee®,,49-94-0107,,Abrasives & Polishing>Bonded Abrasives>Cut-Off Wheels,"Milwaukee Tool, Milwaukee, Cut-Off Disc, 49-94-0107",CUT-OFF DISC 4-1V METALA 49-94-0107,"Milwaukee®, 49-94-0107, Cut-Off Disc, 1 Mounting","Milwaukee® Cut-Off Disc Model 49-94-0107. Outer Diameter: 49-94 in in, Thickness: 0107 in in, Arbor Size: 4-1 in, Abrasive Material: Metal, Package Quantity: 1 pc","Cut-Off Disc, 1 Mounting",,,,,,,,,,,,,,,,,,,,,,,,,,,Cut-Off Disc,Grit,,,Outer Diameter,49-94 in,in,Thickness,0107 in,in,Arbor Size,4-1,in,Abrasive Material,Metal,,Package Quantity,1,pc,,,,,,,,,,,,,,,,,,,,,,,,,,,,,,,,,,,,,,,,,,,,,,,,,,,,,,,,,,,,,,,,,,,,,,,,,,,,,,,,,,,,,,,,,,,,,,,,,,,,,,,,,,,,,,,,,,,,,,,,,,,,,,,,,,,,,,,,,,,,,,,,,,,,,,,,,,,,,,,,,,,,,,,,,,,,,,,,,,,
,,,,,,,Abrasives,Bonded Abrasives,Cut-Off Wheels,,49-94-0117,"49-94-0117 Milw 5""x.045""x7/8"" Performance+ Metal Cut Off Disc",,,,Milwaukee Accessory (4031),Milwaukee Tool,Milwaukee®,,49-94-0117,,Abrasives & Polishing>Bonded Abrasives>Cut-Off Wheels,"Milwaukee Tool, Milwaukee, Cut-Off Disc, 49-94-0117","CUT-OFF DISC 5""V METALA 49-94-0117","Milwaukee®, 49-94-0117, Cut-Off Disc, 1 Mounting","Milwaukee® Cut-Off Disc Model 49-94-0117. Outer Diameter: 49-94 in in, Thickness: 0117 in in, Arbor Size: 5"" in, Abrasive Material: Metal, Package Quantity: 1 pc","Cut-Off Disc, 1 Mounting",,,,,,,,,,,,,,,,,,,,,,,,,,,Cut-Off Disc,Grit,,,Outer Diameter,49-94 in,in,Thickness,0117 in,in,Arbor Size,"5""",in,Abrasive Material,Metal,,Package Quantity,1,pc,,,,,,,,,,,,,,,,,,,,,,,,,,,,,,,,,,,,,,,,,,,,,,,,,,,,,,,,,,,,,,,,,,,,,,,,,,,,,,,,,,,,,,,,,,,,,,,,,,,,,,,,,,,,,,,,,,,,,,,,,,,,,,,,,,,,,,,,,,,,,,,,,,,,,,,,,,,,,,,,,,,,,,,,,,,,,,,,,,,
,,,,,,,Abrasives,Bonded Abrasives,Cut-Off Wheels,,49-94-0123,"49-94-0123 Milw 6""x.045""x7/8"" Performance+ Metal Cut Off Disc",,,,Milwaukee Accessory (4031),Milwaukee Tool,Milwaukee®,,49-94-0123,,Abrasives & Polishing>Bonded Abrasives>Cut-Off Wheels,"Milwaukee Tool, Milwaukee, Cut-Off Disc, 49-94-0123","CUT-OFF DISC 6""V METALA 49-94-0123","Milwaukee®, 49-94-0123, Cut-Off Disc, 1 Mounting","Milwaukee® Cut-Off Disc Model 49-94-0123. Outer Diameter: 49-94 in in, Thickness: 0123 in in, Arbor Size: 6"" in, Abrasive Material: Metal, Package Quantity: 1 pc","Cut-Off Disc, 1 Mounting",,,,,,,,,,,,,,,,,,,,,,,,,,,Cut-Off Disc,Grit,,,Outer Diameter,49-94 in,in,Thickness,0123 in,in,Arbor Size,"6""",in,Abrasive Material,Metal,,Package Quantity,1,pc,,,,,,,,,,,,,,,,,,,,,,,,,,,,,,,,,,,,,,,,,,,,,,,,,,,,,,,,,,,,,,,,,,,,,,,,,,,,,,,,,,,,,,,,,,,,,,,,,,,,,,,,,,,,,,,,,,,,,,,,,,,,,,,,,,,,,,,,,,,,,,,,,,,,,,,,,,,,,,,,,,,,,,,,,,,,,,,,,,,
,,,,,,,Abrasives,Bonded Abrasives,Cut-Off Wheels,,49-94-0023,"49-94-0023 Milw 6""x.045""x7/8"" Metal Cut Off Disc",,,,Milwaukee Accessory (4031),Milwaukee Tool,Milwaukee®,,49-94-0023,,Abrasives & Polishing>Bonded Abrasives>Cut-Off Wheels,"Milwaukee Tool, Milwaukee, Cut-Off Disc, 49-94-0023","CUT-OFF DISC 6""V METALA 49-94-0023","Milwaukee®, 49-94-0023, Cut-Off Disc, 1 Mounting","Milwaukee® Cut-Off Disc Model 49-94-0023. Outer Diameter: 49-94 in in, Thickness: 0023 in in, Arbor Size: 6"" in, Abrasive Material: Metal, Package Quantity: 1 pc","Cut-Off Disc, 1 Mounting",,,,,,,,,,,,,,,,,,,,,,,,,,,Cut-Off Disc,Grit,,,Outer Diameter,49-94 in,in,Thickness,0023 in,in,Arbor Size,"6""",in,Abrasive Material,Metal,,Package Quantity,1,pc,,,,,,,,,,,,,,,,,,,,,,,,,,,,,,,,,,,,,,,,,,,,,,,,,,,,,,,,,,,,,,,,,,,,,,,,,,,,,,,,,,,,,,,,,,,,,,,,,,,,,,,,,,,,,,,,,,,,,,,,,,,,,,,,,,,,,,,,,,,,,,,,,,,,,,,,,,,,,,,,,,,,,,,,,,,,,,,,,,,
,,,,,,,Abrasives,Bonded Abrasives,Cut-Off Wheels,,49-94-0121,"49-94-0121 Milw 6""x.045""x7/8"" Performance+ Metal Cut Off Disc 10pc",,,,Milwaukee Accessory (4031),Milwaukee Tool,Milwaukee®,,49-94-0121,,Abrasives & Polishing>Bonded Abrasives>Cut-Off Wheels,"Milwaukee Tool, Milwaukee, Cut-Off Disc, 49-94-0121","CUT-OFF DISC 6""V METALA 49-94-0121","Milwaukee®, 49-94-0121, Cut-Off Disc, 10 Mounting","Milwaukee® Cut-Off Disc Model 49-94-0121. Outer Diameter: 49-94 in in, Thickness: 0121 in in, Arbor Size: 6"" in, Abrasive Material: Metal, Package Quantity: 10 pc","Cut-Off Disc, 10 Mounting",,,,,,,,,,,,,,,,,,,,,,,,,,,Cut-Off Disc,Grit,,,Outer Diameter,49-94 in,in,Thickness,0121 in,in,Arbor Size,"6""",in,Abrasive Material,Metal,,Package Quantity,10,pc,,,,,,,,,,,,,,,,,,,,,,,,,,,,,,,,,,,,,,,,,,,,,,,,,,,,,,,,,,,,,,,,,,,,,,,,,,,,,,,,,,,,,,,,,,,,,,,,,,,,,,,,,,,,,,,,,,,,,,,,,,,,,,,,,,,,,,,,,,,,,,,,,,,,,,,,,,,,,,,,,,,,,,,,,,,,,,,,,,,
,,,,,,,Abrasives,Bonded Abrasives,Cut-Off Wheels,,49-94-0127,"49-94-0127 Milw 6""x.045""x7/8"" Performance+Metal Cut Off Disc",,,,Milwaukee Accessory (4031),Milwaukee Tool,Milwaukee®,,49-94-0127,,Abrasives & Polishing>Bonded Abrasives>Cut-Off Wheels,"Milwaukee Tool, Milwaukee, Cut-Off Disc, 49-94-0127","CUT-OFF DISC 6""V METALA 49-94-0127","Milwaukee®, 49-94-0127, Cut-Off Disc, 1 Mounting","Milwaukee® Cut-Off Disc Model 49-94-0127. Outer Diameter: 49-94 in in, Thickness: 0127 in in, Arbor Size: 6"" in, Abrasive Material: Metal, Package Quantity: 1 pc","Cut-Off Disc, 1 Mounting",,,,,,,,,,,,,,,,,,,,,,,,,,,Cut-Off Disc,Grit,,,Outer Diameter,49-94 in,in,Thickness,0127 in,in,Arbor Size,"6""",in,Abrasive Material,Metal,,Package Quantity,1,pc,,,,,,,,,,,,,,,,,,,,,,,,,,,,,,,,,,,,,,,,,,,,,,,,,,,,,,,,,,,,,,,,,,,,,,,,,,,,,,,,,,,,,,,,,,,,,,,,,,,,,,,,,,,,,,,,,,,,,,,,,,,,,,,,,,,,,,,,,,,,,,,,,,,,,,,,,,,,,,,,,,,,,,,,,,,,,,,,,,,
,,,,,,,Abrasives,Bonded Abrasives,Cut-Off Wheels,,49-94-0137,"49-94-0137 Milw 7""x3/32""x7/8"" Performance+ Metal Cut Off Disc",,,,Milwaukee Accessory (4031),Milwaukee Tool,Milwaukee®,,49-94-0137,,Abrasives & Polishing>Bonded Abrasives>Cut-Off Wheels,"Milwaukee Tool, Milwaukee, Cut-Off Disc, 49-94-0137","CUT-OFF DISC 7""V METALA 49-94-0137","Milwaukee®, 49-94-0137, Cut-Off Disc, 1 Mounting","Milwaukee® Cut-Off Disc Model 49-94-0137. Outer Diameter: 49-94 in in, Thickness: 0137 in in, Arbor Size: 7"" in, Abrasive Material: Metal, Package Quantity: 1 pc","Cut-Off Disc, 1 Mounting",,,,,,,,,,,,,,,,,,,,,,,,,,,Cut-Off Disc,Grit,,,Outer Diameter,49-94 in,in,Thickness,0137 in,in,Arbor Size,"7""",in,Abrasive Material,Metal,,Package Quantity,1,pc,,,,,,,,,,,,,,,,,,,,,,,,,,,,,,,,,,,,,,,,,,,,,,,,,,,,,,,,,,,,,,,,,,,,,,,,,,,,,,,,,,,,,,,,,,,,,,,,,,,,,,,,,,,,,,,,,,,,,,,,,,,,,,,,,,,,,,,,,,,,,,,,,,,,,,,,,,,,,,,,,,,,,,,,,,,,,,,,,,,
,,,,,,,Abrasives,Bonded Abrasives,Cut-Off Wheels,,49-94-0160,"49-94-0160 Milw 14""x7/64""x1"" Performance+ Metal Cut Off Disc",,,,Milwaukee Accessory (4031),Milwaukee Tool,Milwaukee®,,49-94-0160,,Abrasives & Polishing>Bonded Abrasives>Cut-Off Wheels,"Milwaukee Tool, Milwaukee, Cut-Off Disc, 49-94-0160","CUT-OFF DISC 14""V METALA 49-94-0160","Milwaukee®, 49-94-0160, Cut-Off Disc, 1 Mounting","Milwaukee® Cut-Off Disc Model 49-94-0160. Outer Diameter: 49-94 in in, Thickness: 0160 in in, Arbor Size: 14"" in, Abrasive Material: Metal, Package Quantity: 1 pc","Cut-Off Disc, 1 Mounting",,,,,,,,,,,,,,,,,,,,,,,,,,,Cut-Off Disc,Grit,,,Outer Diameter,49-94 in,in,Thickness,0160 in,in,Arbor Size,"14""",in,Abrasive Material,Metal,,Package Quantity,1,pc,,,,,,,,,,,,,,,,,,,,,,,,,,,,,,,,,,,,,,,,,,,,,,,,,,,,,,,,,,,,,,,,,,,,,,,,,,,,,,,,,,,,,,,,,,,,,,,,,,,,,,,,,,,,,,,,,,,,,,,,,,,,,,,,,,,,,,,,,,,,,,,,,,,,,,,,,,,,,,,,,,,,,,,,,,,,,,,,,,,
,,,,,,,Abrasives,Bonded Abrasives,Cut-Off Wheels,,49-94-0223,"49-94-0223 Milw 6""x.045""x7/8"" Ceramic+ Metal Cut Off Disc",,,,Milwaukee Accessory (4031),Milwaukee Tool,Milwaukee®,,49-94-0223,,Abrasives & Polishing>Bonded Abrasives>Cut-Off Wheels,"Milwaukee Tool, Milwaukee, Cut-Off Disc, 49-94-0223","CUT-OFF DISC 6""V CERAMICA 49-94-0223","Milwaukee®, 49-94-0223, Cut-Off Disc, 1 Mounting","Milwaukee® Cut-Off Disc Model 49-94-0223. Outer Diameter: 49-94 in in, Thickness: 0223 in in, Arbor Size: 6"" in, Abrasive Material: Ceramic, Package Quantity: 1 pc","Cut-Off Disc, 1 Mounting",,,,,,,,,,,,,,,,,,,,,,,,,,,Cut-Off Disc,Grit,,,Outer Diameter,49-94 in,in,Thickness,0223 in,in,Arbor Size,"6""",in,Abrasive Material,Ceramic,,Package Quantity,1,pc,,,,,,,,,,,,,,,,,,,,,,,,,,,,,,,,,,,,,,,,,,,,,,,,,,,,,,,,,,,,,,,,,,,,,,,,,,,,,,,,,,,,,,,,,,,,,,,,,,,,,,,,,,,,,,,,,,,,,,,,,,,,,,,,,,,,,,,,,,,,,,,,,,,,,,,,,,,,,,,,,,,,,,,,,,,,,,,,,,,
,,,,,,,Abrasives,Bonded Abrasives,Cut-Off Wheels,,49-94-0445,"49-94-0445 Milw 10""x3/32""x5/8"" Performance+ Metal Cut Off Disc",,,,Milwaukee Accessory (4031),Milwaukee Tool,Milwaukee®,,49-94-0445,,Abrasives & Polishing>Bonded Abrasives>Cut-Off Wheels,"Milwaukee Tool, Milwaukee, Cut-Off Disc, 49-94-0445","CUT-OFF DISC 10""V METALA 49-94-0445","Milwaukee®, 49-94-0445, Cut-Off Disc, 1 Mounting","Milwaukee® Cut-Off Disc Model 49-94-0445. Outer Diameter: 49-94 in in, Thickness: 0445 in in, Arbor Size: 10"" in, Abrasive Material: Metal, Package Quantity: 1 pc","Cut-Off Disc, 1 Mounting",,,,,,,,,,,,,,,,,,,,,,,,,,,Cut-Off Disc,Grit,,,Outer Diameter,49-94 in,in,Thickness,0445 in,in,Arbor Size,"10""",in,Abrasive Material,Metal,,Package Quantity,1,pc,,,,,,,,,,,,,,,,,,,,,,,,,,,,,,,,,,,,,,,,,,,,,,,,,,,,,,,,,,,,,,,,,,,,,,,,,,,,,,,,,,,,,,,,,,,,,,,,,,,,,,,,,,,,,,,,,,,,,,,,,,,,,,,,,,,,,,,,,,,,,,,,,,,,,,,,,,,,,,,,,,,,,,,,,,,,,,,,,,,
,,,,,,,Hardware,General Hardware,Hardware Accessories,,49-94-0803,"49-94-0803 Milw 4-1/2""x1/8""x7/8"" Dual Metal Cut and Grind Disc",,,,Milwaukee Accessory (4031),Milwaukee Tool,Milwaukee®,,49-94-0803,,Industrial & Commercial Supplies>Hardware>General Hardware,"Milwaukee Tool, Milwaukee, Industrial Hardware, 49-94-0803",INDUSTRIAL HARDWARE 4-1V METALA 49-94-08,"Milwaukee®, 49-94-0803, Industrial Hardware, 1 Mounting","Milwaukee® Industrial Hardware Model 49-94-0803. Outer Diameter: 49-94 in in, Thickness: 0803 in in, Arbor Size: 4-1 in, Abrasive Material: Metal, Package Quantity: 1 pc","Industrial Hardware, 1 Mounting",,,,,,,,,,,,,,,,,,,,,,,,,,,Industrial Hardware,Grit,,,Outer Diameter,49-94 in,in,Thickness,0803 in,in,Arbor Size,4-1,in,Abrasive Material,Metal,,Package Quantity,1,pc,,,,,,,,,,,,,,,,,,,,,,,,,,,,,,,,,,,,,,,,,,,,,,,,,,,,,,,,,,,,,,,,,,,,,,,,,,,,,,,,,,,,,,,,,,,,,,,,,,,,,,,,,,,,,,,,,,,,,,,,,,,,,,,,,,,,,,,,,,,,,,,,,,,,,,,,,,,,,,,,,,,,,,,,,,,,,,,,,,,
,,,,,,,Hardware,General Hardware,Hardware Accessories,,49-94-0903,"49-94-0903 Milw 4-1/2""x1/8""x7/8""Perform+Dual Metal Cut and Grind Disc",,,,Milwaukee Accessory (4031),Milwaukee Tool,Milwaukee®,,49-94-0903,,Industrial & Commercial Supplies>Hardware>General Hardware,"Milwaukee Tool, Milwaukee, Industrial Hardware, 49-94-0903",INDUSTRIAL HARDWARE 4-1V METALA 49-94-09,"Milwaukee®, 49-94-0903, Industrial Hardware, 1 Mounting","Milwaukee® Industrial Hardware Model 49-94-0903. Outer Diameter: 49-94 in in, Thickness: 0903 in in, Arbor Size: 4-1 in, Abrasive Material: Metal, Package Quantity: 1 pc","Industrial Hardware, 1 Mounting",,,,,,,,,,,,,,,,,,,,,,,,,,,Industrial Hardware,Grit,,,Outer Diameter,49-94 in,in,Thickness,0903 in,in,Arbor Size,4-1,in,Abrasive Material,Metal,,Package Quantity,1,pc,,,,,,,,,,,,,,,,,,,,,,,,,,,,,,,,,,,,,,,,,,,,,,,,,,,,,,,,,,,,,,,,,,,,,,,,,,,,,,,,,,,,,,,,,,,,,,,,,,,,,,,,,,,,,,,,,,,,,,,,,,,,,,,,,,,,,,,,,,,,,,,,,,,,,,,,,,,,,,,,,,,,,,,,,,,,,,,,,,,
,,,,,,,Hardware,General Hardware,Hardware Accessories,,49-94-0907,"49-94-0907 Milw 4-1/2""x1/8""x5/8-11""Perform+Dual Metal Cut n Grind Disc",,,,Milwaukee Accessory (4031),Milwaukee Tool,Milwaukee®,,49-94-0907,,Industrial & Commercial Supplies>Hardware>General Hardware,"Milwaukee Tool, Milwaukee, Industrial Hardware, 49-94-0907",INDUSTRIAL HARDWARE 4-1V METALA 49-94-09,"Milwaukee®, 49-94-0907, Industrial Hardware, 1 Mounting","Milwaukee® Industrial Hardware Model 49-94-0907. Outer Diameter: 49-94 in in, Thickness: 0907 in in, Arbor Size: 4-1 in, Abrasive Material: Metal, Package Quantity: 1 pc","Industrial Hardware, 1 Mounting",,,,,,,,,,,,,,,,,,,,,,,,,,,Industrial Hardware,Grit,,,Outer Diameter,49-94 in,in,Thickness,0907 in,in,Arbor Size,4-1,in,Abrasive Material,Metal,,Package Quantity,1,pc,,,,,,,,,,,,,,,,,,,,,,,,,,,,,,,,,,,,,,,,,,,,,,,,,,,,,,,,,,,,,,,,,,,,,,,,,,,,,,,,,,,,,,,,,,,,,,,,,,,,,,,,,,,,,,,,,,,,,,,,,,,,,,,,,,,,,,,,,,,,,,,,,,,,,,,,,,,,,,,,,,,,,,,,,,,,,,,,,,,
,,,,,,,Hardware,General Hardware,Hardware Accessories,,49-94-0923,"49-94-0923 Milw 6""x1/8""x7/8"" Perform+Dual Metal Cut and Grind Disc",,,,Milwaukee Accessory (4031),Milwaukee Tool,Milwaukee®,,49-94-0923,,Industrial & Commercial Supplies>Hardware>General Hardware,"Milwaukee Tool, Milwaukee, Industrial Hardware, 49-94-0923","INDUSTRIAL HARDWARE 6""V METALA 49-94-092","Milwaukee®, 49-94-0923, Industrial Hardware, 1 Mounting","Milwaukee® Industrial Hardware Model 49-94-0923. Outer Diameter: 49-94 in in, Thickness: 0923 in in, Arbor Size: 6"" in, Abrasive Material: Metal, Package Quantity: 1 pc","Industrial Hardware, 1 Mounting",,,,,,,,,,,,,,,,,,,,,,,,,,,Industrial Hardware,Grit,,,Outer Diameter,49-94 in,in,Thickness,0923 in,in,Arbor Size,"6""",in,Abrasive Material,Metal,,Package Quantity,1,pc,,,,,,,,,,,,,,,,,,,,,,,,,,,,,,,,,,,,,,,,,,,,,,,,,,,,,,,,,,,,,,,,,,,,,,,,,,,,,,,,,,,,,,,,,,,,,,,,,,,,,,,,,,,,,,,,,,,,,,,,,,,,,,,,,,,,,,,,,,,,,,,,,,,,,,,,,,,,,,,,,,,,,,,,,,,,,,,,,,,
,,,,,,,Abrasives,Bonded Abrasives,Cut-Off Wheels,,49-94-1900,"49-94-1900 Milw 4""x1/8""x5/8"" Masonry Cut Off Disc",,,,Milwaukee Accessory (4031),Milwaukee Tool,Milwaukee®,,49-94-1900,,Abrasives & Polishing>Bonded Abrasives>Cut-Off Wheels,"Milwaukee Tool, Milwaukee, Cut-Off Disc, 49-94-1900","CUT-OFF DISC 4""V MASONRYA 49-94-1900","Milwaukee®, 49-94-1900, Cut-Off Disc, 1 Mounting","Milwaukee® Cut-Off Disc Model 49-94-1900. Outer Diameter: 49-94 in in, Thickness: 1900 in in, Arbor Size: 4"" in, Abrasive Material: Masonry, Package Quantity: 1 pc","Cut-Off Disc, 1 Mounting",,,,,,,,,,,,,,,,,,,,,,,,,,,Cut-Off Disc,Grit,,,Outer Diameter,49-94 in,in,Thickness,1900 in,in,Arbor Size,"4""",in,Abrasive Material,Masonry,,Package Quantity,1,pc,,,,,,,,,,,,,,,,,,,,,,,,,,,,,,,,,,,,,,,,,,,,,,,,,,,,,,,,,,,,,,,,,,,,,,,,,,,,,,,,,,,,,,,,,,,,,,,,,,,,,,,,,,,,,,,,,,,,,,,,,,,,,,,,,,,,,,,,,,,,,,,,,,,,,,,,,,,,,,,,,,,,,,,,,,,,,,,,,,,
,,,,,,,Abrasives,Bonded Abrasives,Cut-Off Wheels,,49-94-1905,"49-94-1905 Milw 4-1/2""x1/8""x7/8"" Masonry Cut Off Disc",,,,Milwaukee Accessory (4031),Milwaukee Tool,Milwaukee®,,49-94-1905,,Abrasives & Polishing>Bonded Abrasives>Cut-Off Wheels,"Milwaukee Tool, Milwaukee, Cut-Off Disc, 49-94-1905",CUT-OFF DISC 4-1V MASONRYA 49-94-1905,"Milwaukee®, 49-94-1905, Cut-Off Disc, 1 Mounting","Milwaukee® Cut-Off Disc Model 49-94-1905. Outer Diameter: 49-94 in in, Thickness: 1905 in in, Arbor Size: 4-1 in, Abrasive Material: Masonry, Package Quantity: 1 pc","Cut-Off Disc, 1 Mounting",,,,,,,,,,,,,,,,,,,,,,,,,,,Cut-Off Disc,Grit,,,Outer Diameter,49-94 in,in,Thickness,1905 in,in,Arbor Size,4-1,in,Abrasive Material,Masonry,,Package Quantity,1,pc,,,,,,,,,,,,,,,,,,,,,,,,,,,,,,,,,,,,,,,,,,,,,,,,,,,,,,,,,,,,,,,,,,,,,,,,,,,,,,,,,,,,,,,,,,,,,,,,,,,,,,,,,,,,,,,,,,,,,,,,,,,,,,,,,,,,,,,,,,,,,,,,,,,,,,,,,,,,,,,,,,,,,,,,,,,,,,,,,,,
,,,,,,,Abrasives,Bonded Abrasives,Cut-Off Wheels,,49-94-1915,"49-94-1915 Milw 6-1/2""x1/8""x5/8"" DKO Masonry Cut Off Disc",,,,Milwaukee Accessory (4031),Milwaukee Tool,Milwaukee®,,49-94-1915,,Abrasives & Polishing>Bonded Abrasives>Cut-Off Wheels,"Milwaukee Tool, Milwaukee, Cut-Off Disc, 49-94-1915",CUT-OFF DISC 6-1V MASONRYA 49-94-1915,"Milwaukee®, 49-94-1915, Cut-Off Disc, 1 Mounting","Milwaukee® Cut-Off Disc Model 49-94-1915. Outer Diameter: 49-94 in in, Thickness: 1915 in in, Arbor Size: 6-1 in, Abrasive Material: Masonry, Package Quantity: 1 pc","Cut-Off Disc, 1 Mounting",,,,,,,,,,,,,,,,,,,,,,,,,,,Cut-Off Disc,Grit,,,Outer Diameter,49-94 in,in,Thickness,1915 in,in,Arbor Size,6-1,in,Abrasive Material,Masonry,,Package Quantity,1,pc,,,,,,,,,,,,,,,,,,,,,,,,,,,,,,,,,,,,,,,,,,,,,,,,,,,,,,,,,,,,,,,,,,,,,,,,,,,,,,,,,,,,,,,,,,,,,,,,,,,,,,,,,,,,,,,,,,,,,,,,,,,,,,,,,,,,,,,,,,,,,,,,,,,,,,,,,,,,,,,,,,,,,,,,,,,,,,,,,,,
,,,,,,,Abrasives,Bonded Abrasives,Cut-Off Wheels,,49-94-1920,"49-94-1920 Milw 7""x1/8""x5/8"" DKO Masonry Cut Off Disc",,,,Milwaukee Accessory (4031),Milwaukee Tool,Milwaukee®,,49-94-1920,,Abrasives & Polishing>Bonded Abrasives>Cut-Off Wheels,"Milwaukee Tool, Milwaukee, Cut-Off Disc, 49-94-1920","CUT-OFF DISC 7""V MASONRYA 49-94-1920","Milwaukee®, 49-94-1920, Cut-Off Disc, 1 Mounting","Milwaukee® Cut-Off Disc Model 49-94-1920. Outer Diameter: 49-94 in in, Thickness: 1920 in in, Arbor Size: 7"" in, Abrasive Material: Masonry, Package Quantity: 1 pc","Cut-Off Disc, 1 Mounting",,,,,,,,,,,,,,,,,,,,,,,,,,,Cut-Off Disc,Grit,,,Outer Diameter,49-94 in,in,Thickness,1920 in,in,Arbor Size,"7""",in,Abrasive Material,Masonry,,Package Quantity,1,pc,,,,,,,,,,,,,,,,,,,,,,,,,,,,,,,,,,,,,,,,,,,,,,,,,,,,,,,,,,,,,,,,,,,,,,,,,,,,,,,,,,,,,,,,,,,,,,,,,,,,,,,,,,,,,,,,,,,,,,,,,,,,,,,,,,,,,,,,,,,,,,,,,,,,,,,,,,,,,,,,,,,,,,,,,,,,,,,,,,,
,,,,,,,Abrasives,Bonded Abrasives,Cut-Off Wheels,,49-94-1925,"49-94-1925 Milw 10""x1/8""x5/8"" Masonry Cut Off Disc",,,,Milwaukee Accessory (4031),Milwaukee Tool,Milwaukee®,,49-94-1925,,Abrasives & Polishing>Bonded Abrasives>Cut-Off Wheels,"Milwaukee Tool, Milwaukee, Cut-Off Disc, 49-94-1925","CUT-OFF DISC 10""V MASONRYA 49-94-1925","Milwaukee®, 49-94-1925, Cut-Off Disc, 1 Mounting","Milwaukee® Cut-Off Disc Model 49-94-1925. Outer Diameter: 49-94 in in, Thickness: 1925 in in, Arbor Size: 10"" in, Abrasive Material: Masonry, Package Quantity: 1 pc","Cut-Off Disc, 1 Mounting",,,,,,,,,,,,,,,,,,,,,,,,,,,Cut-Off Disc,Grit,,,Outer Diameter,49-94 in,in,Thickness,1925 in,in,Arbor Size,"10""",in,Abrasive Material,Masonry,,Package Quantity,1,pc,,,,,,,,,,,,,,,,,,,,,,,,,,,,,,,,,,,,,,,,,,,,,,,,,,,,,,,,,,,,,,,,,,,,,,,,,,,,,,,,,,,,,,,,,,,,,,,,,,,,,,,,,,,,,,,,,,,,,,,,,,,,,,,,,,,,,,,,,,,,,,,,,,,,,,,,,,,,,,,,,,,,,,,,,,,,,,,,,,,
,,,,,,,Abrasives,Bonded Abrasives,Cut-Off Wheels,,49-94-1935,"49-94-1935 Milw 12""x1/8""x1"" Masonry Cut Off Disc",,,,Milwaukee Accessory (4031),Milwaukee Tool,Milwaukee®,,49-94-1935,,Abrasives & Polishing>Bonded Abrasives>Cut-Off Wheels,"Milwaukee Tool, Milwaukee, Cut-Off Disc, 49-94-1935","CUT-OFF DISC 12""V MASONRYA 49-94-1935","Milwaukee®, 49-94-1935, Cut-Off Disc, 1 Mounting","Milwaukee® Cut-Off Disc Model 49-94-1935. Outer Diameter: 49-94 in in, Thickness: 1935 in in, Arbor Size: 12"" in, Abrasive Material: Masonry, Package Quantity: 1 pc","Cut-Off Disc, 1 Mounting",,,,,,,,,,,,,,,,,,,,,,,,,,,Cut-Off Disc,Grit,,,Outer Diameter,49-94 in,in,Thickness,1935 in,in,Arbor Size,"12""",in,Abrasive Material,Masonry,,Package Quantity,1,pc,,,,,,,,,,,,,,,,,,,,,,,,,,,,,,,,,,,,,,,,,,,,,,,,,,,,,,,,,,,,,,,,,,,,,,,,,,,,,,,,,,,,,,,,,,,,,,,,,,,,,,,,,,,,,,,,,,,,,,,,,,,,,,,,,,,,,,,,,,,,,,,,,,,,,,,,,,,,,,,,,,,,,,,,,,,,,,,,,,,
,,,,,,,Abrasives,Bonded Abrasives,Cut-Off Wheels,,49-94-1940,"49-94-1940 Milw 14""x1/8""x1"" Masonry Cut Off Disc",,,,Milwaukee Accessory (4031),Milwaukee Tool,Milwaukee®,,49-94-1940,,Abrasives & Polishing>Bonded Abrasives>Cut-Off Wheels,"Milwaukee Tool, Milwaukee, Cut-Off Disc, 49-94-1940","CUT-OFF DISC 14""V MASONRYA 49-94-1940","Milwaukee®, 49-94-1940, Cut-Off Disc, 1 Mounting","Milwaukee® Cut-Off Disc Model 49-94-1940. Outer Diameter: 49-94 in in, Thickness: 1940 in in, Arbor Size: 14"" in, Abrasive Material: Masonry, Package Quantity: 1 pc","Cut-Off Disc, 1 Mounting",,,,,,,,,,,,,,,,,,,,,,,,,,,Cut-Off Disc,Grit,,,Outer Diameter,49-94 in,in,Thickness,1940 in,in,Arbor Size,"14""",in,Abrasive Material,Masonry,,Package Quantity,1,pc,,,,,,,,,,,,,,,,,,,,,,,,,,,,,,,,,,,,,,,,,,,,,,,,,,,,,,,,,,,,,,,,,,,,,,,,,,,,,,,,,,,,,,,,,,,,,,,,,,,,,,,,,,,,,,,,,,,,,,,,,,,,,,,,,,,,,,,,,,,,,,,,,,,,,,,,,,,,,,,,,,,,,,,,,,,,,,,,,,,
,,,,,,,Abrasives,Bonded Abrasives,Grinding Wheels,,49-94-0501,"49-94-0501 Milw 4""x1/4""x5/8"" Metal Grinding Wheel",,,,Milwaukee Accessory (4031),Milwaukee Tool,Milwaukee®,,49-94-0501,,Abrasives & Polishing>Bonded Abrasives>Grinding Wheels,"Milwaukee Tool, Milwaukee, Grinding Wheel, 49-94-0501","GRINDING WHEEL 4""V METALA 49-94-0501","Milwaukee®, 49-94-0501, Grinding Wheel, 1 Mounting","Milwaukee® Grinding Wheel Model 49-94-0501. Outer Diameter: 49-94 in in, Thickness: 0501 in in, Arbor Size: 4"" in, Abrasive Material: Metal, Package Quantity: 1 pc","Grinding Wheel, 1 Mounting",,,,,,,,,,,,,,,,,,,,,,,,,,,Grinding Wheel,Grit,,,Outer Diameter,49-94 in,in,Thickness,0501 in,in,Arbor Size,"4""",in,Abrasive Material,Metal,,Package Quantity,1,pc,,,,,,,,,,,,,,,,,,,,,,,,,,,,,,,,,,,,,,,,,,,,,,,,,,,,,,,,,,,,,,,,,,,,,,,,,,,,,,,,,,,,,,,,,,,,,,,,,,,,,,,,,,,,,,,,,,,,,,,,,,,,,,,,,,,,,,,,,,,,,,,,,,,,,,,,,,,,,,,,,,,,,,,,,,,,,,,,,,,
,,,,,,,Abrasives,Bonded Abrasives,Grinding Wheels,,49-94-0503,"49-94-0503 Milw 4-1/2""x1/4""x7/8"" Metal Grinding Wheel",,,,Milwaukee Accessory (4031),Milwaukee Tool,Milwaukee®,,49-94-0503,,Abrasives & Polishing>Bonded Abrasives>Grinding Wheels,"Milwaukee Tool, Milwaukee, Grinding Wheel, 49-94-0503",GRINDING WHEEL 4-1V METALA 49-94-0503,"Milwaukee®, 49-94-0503, Grinding Wheel, 1 Mounting","Milwaukee® Grinding Wheel Model 49-94-0503. Outer Diameter: 49-94 in in, Thickness: 0503 in in, Arbor Size: 4-1 in, Abrasive Material: Metal, Package Quantity: 1 pc","Grinding Wheel, 1 Mounting",,,,,,,,,,,,,,,,,,,,,,,,,,,Grinding Wheel,Grit,,,Outer Diameter,49-94 in,in,Thickness,0503 in,in,Arbor Size,4-1,in,Abrasive Material,Metal,,Package Quantity,1,pc,,,,,,,,,,,,,,,,,,,,,,,,,,,,,,,,,,,,,,,,,,,,,,,,,,,,,,,,,,,,,,,,,,,,,,,,,,,,,,,,,,,,,,,,,,,,,,,,,,,,,,,,,,,,,,,,,,,,,,,,,,,,,,,,,,,,,,,,,,,,,,,,,,,,,,,,,,,,,,,,,,,,,,,,,,,,,,,,,,,
,,,,,,,Abrasives,Bonded Abrasives,Grinding Wheels,,49-94-0523,"49-94-0523 Milw 6""x1/4""x7/8"" Metal Grinding Wheel",,,,Milwaukee Accessory (4031),Milwaukee Tool,Milwaukee®,,49-94-0523,,Abrasives & Polishing>Bonded Abrasives>Grinding Wheels,"Milwaukee Tool, Milwaukee, Grinding Wheel, 49-94-0523","GRINDING WHEEL 6""V METALA 49-94-0523","Milwaukee®, 49-94-0523, Grinding Wheel, 1 Mounting","Milwaukee® Grinding Wheel Model 49-94-0523. Outer Diameter: 49-94 in in, Thickness: 0523 in in, Arbor Size: 6"" in, Abrasive Material: Metal, Package Quantity: 1 pc","Grinding Wheel, 1 Mounting",,,,,,,,,,,,,,,,,,,,,,,,,,,Grinding Wheel,Grit,,,Outer Diameter,49-94 in,in,Thickness,0523 in,in,Arbor Size,"6""",in,Abrasive Material,Metal,,Package Quantity,1,pc,,,,,,,,,,,,,,,,,,,,,,,,,,,,,,,,,,,,,,,,,,,,,,,,,,,,,,,,,,,,,,,,,,,,,,,,,,,,,,,,,,,,,,,,,,,,,,,,,,,,,,,,,,,,,,,,,,,,,,,,,,,,,,,,,,,,,,,,,,,,,,,,,,,,,,,,,,,,,,,,,,,,,,,,,,,,,,,,,,,
,,,,,,,Abrasives,Bonded Abrasives,Grinding Wheels,,49-94-1955,"49-94-1955 Milw 4-1/2""x1/4""x7/8"" Masonry Grinding Wheel",,,,Milwaukee Accessory (4031),Milwaukee Tool,Milwaukee®,,49-94-1955,,Abrasives & Polishing>Bonded Abrasives>Grinding Wheels,"Milwaukee Tool, Milwaukee, Grinding Wheel, 49-94-1955",GRINDING WHEEL 4-1V MASONRYA 49-94-1955,"Milwaukee®, 49-94-1955, Grinding Wheel, 1 Mounting","Milwaukee® Grinding Wheel Model 49-94-1955. Outer Diameter: 49-94 in in, Thickness: 1955 in in, Arbor Size: 4-1 in, Abrasive Material: Masonry, Package Quantity: 1 pc","Grinding Wheel, 1 Mounting",,,,,,,,,,,,,,,,,,,,,,,,,,,Grinding Wheel,Grit,,,Outer Diameter,49-94 in,in,Thickness,1955 in,in,Arbor Size,4-1,in,Abrasive Material,Masonry,,Package Quantity,1,pc,,,,,,,,,,,,,,,,,,,,,,,,,,,,,,,,,,,,,,,,,,,,,,,,,,,,,,,,,,,,,,,,,,,,,,,,,,,,,,,,,,,,,,,,,,,,,,,,,,,,,,,,,,,,,,,,,,,,,,,,,,,,,,,,,,,,,,,,,,,,,,,,,,,,,,,,,,,,,,,,,,,,,,,,,,,,,,,,,,,
,,,,,,,Abrasives,Bonded Abrasives,Grinding Wheels,,49-94-1965,"49-94-1965 Milw 7""x1/4""x7/8"" Masonry Grinding Wheel",,,,Milwaukee Accessory (4031),Milwaukee Tool,Milwaukee®,,49-94-1965,,Abrasives & Polishing>Bonded Abrasives>Grinding Wheels,"Milwaukee Tool, Milwaukee, Grinding Wheel, 49-94-1965","GRINDING WHEEL 7""V MASONRYA 49-94-1965","Milwaukee®, 49-94-1965, Grinding Wheel, 1 Mounting","Milwaukee® Grinding Wheel Model 49-94-1965. Outer Diameter: 49-94 in in, Thickness: 1965 in in, Arbor Size: 7"" in, Abrasive Material: Masonry, Package Quantity: 1 pc","Grinding Wheel, 1 Mounting",,,,,,,,,,,,,,,,,,,,,,,,,,,Grinding Wheel,Grit,,,Outer Diameter,49-94 in,in,Thickness,1965 in,in,Arbor Size,"7""",in,Abrasive Material,Masonry,,Package Quantity,1,pc,,,,,,,,,,,,,,,,,,,,,,,,,,,,,,,,,,,,,,,,,,,,,,,,,,,,,,,,,,,,,,,,,,,,,,,,,,,,,,,,,,,,,,,,,,,,,,,,,,,,,,,,,,,,,,,,,,,,,,,,,,,,,,,,,,,,,,,,,,,,,,,,,,,,,,,,,,,,,,,,,,,,,,,,,,,,,,,,,,,
,,,,,,,Abrasives,Bonded Abrasives,Grinding Wheels,,49-94-0513,"49-94-0513 Milw 5""x1/4""x7/8"" Metal Grinding Wheel",,,,Milwaukee Accessory (4031),Milwaukee Tool,Milwaukee®,,49-94-0513,,Abrasives & Polishing>Bonded Abrasives>Grinding Wheels,"Milwaukee Tool, Milwaukee, Grinding Wheel, 49-94-0513","GRINDING WHEEL 5""V METALA 49-94-0513","Milwaukee®, 49-94-0513, Grinding Wheel, 1 Mounting","Milwaukee® Grinding Wheel Model 49-94-0513. Outer Diameter: 49-94 in in, Thickness: 0513 in in, Arbor Size: 5"" in, Abrasive Material: Metal, Package Quantity: 1 pc","Grinding Wheel, 1 Mounting",,,,,,,,,,,,,,,,,,,,,,,,,,,Grinding Wheel,Grit,,,Outer Diameter,49-94 in,in,Thickness,0513 in,in,Arbor Size,"5""",in,Abrasive Material,Metal,,Package Quantity,1,pc,,,,,,,,,,,,,,,,,,,,,,,,,,,,,,,,,,,,,,,,,,,,,,,,,,,,,,,,,,,,,,,,,,,,,,,,,,,,,,,,,,,,,,,,,,,,,,,,,,,,,,,,,,,,,,,,,,,,,,,,,,,,,,,,,,,,,,,,,,,,,,,,,,,,,,,,,,,,,,,,,,,,,,,,,,,,,,,,,,,
,,,,,,,Abrasives,Bonded Abrasives,Grinding Wheels,,49-94-0533,"49-94-0533 Milw 7""x1/4""x7/8"" Metal Grinding Wheel",,,,Milwaukee Accessory (4031),Milwaukee Tool,Milwaukee®,,49-94-0533,,Abrasives & Polishing>Bonded Abrasives>Grinding Wheels,"Milwaukee Tool, Milwaukee, Grinding Wheel, 49-94-0533","GRINDING WHEEL 7""V METALA 49-94-0533","Milwaukee®, 49-94-0533, Grinding Wheel, 1 Mounting","Milwaukee® Grinding Wheel Model 49-94-0533. Outer Diameter: 49-94 in in, Thickness: 0533 in in, Arbor Size: 7"" in, Abrasive Material: Metal, Package Quantity: 1 pc","Grinding Wheel, 1 Mounting",,,,,,,,,,,,,,,,,,,,,,,,,,,Grinding Wheel,Grit,,,Outer Diameter,49-94 in,in,Thickness,0533 in,in,Arbor Size,"7""",in,Abrasive Material,Metal,,Package Quantity,1,pc,,,,,,,,,,,,,,,,,,,,,,,,,,,,,,,,,,,,,,,,,,,,,,,,,,,,,,,,,,,,,,,,,,,,,,,,,,,,,,,,,,,,,,,,,,,,,,,,,,,,,,,,,,,,,,,,,,,,,,,,,,,,,,,,,,,,,,,,,,,,,,,,,,,,,,,,,,,,,,,,,,,,,,,,,,,,,,,,,,,
,,,,,,,Abrasives,Coated Abrasives,Sanding Sponges,,DFBLBLOMFN01G,DFBLBLOMFN01G Diablo 220 Grit - Flat Edge Sanding Sponge,,,,Freud Inc (2435),"Freud America, Inc.",Freud®,,DFBLBLOMFN01G,,Abrasives & Polishing>Coated Abrasives>Sanding Sponges,"Freud America, Inc., Freud, Sanding Sponge, 220 GRIT, DFBLBLOMFN01G",SANDING SPONGE ALUMINUM OXIDEA DFBLBLOMF,"Freud®, 220 GRIT, DFBLBLOMFN01G, Sanding Sponge, 1 Mounting","Freud® Sanding Sponge Model DFBLBLOMFN01G. Grit: 220 GRIT, Width: 01 in in, Length: 220 in in, Abrasive Material: Aluminum Oxide, Package Quantity: 1 pc","220 GRIT, Sanding Sponge, 1 Mounting",,,,,,,,,,,,,,,,,,,,,,,,,,,Sanding Sponge,Grit,220 GRIT,,Width,01 in,in,Length,220 in,in,Arbor Size,,,Abrasive Material,Aluminum Oxide,,Package Quantity,1,pc,,,,,,,,,,,,,,,,,,,,,,,,,,,,,,,,,,,,,,,,,,,,,,,,,,,,,,,,,,,,,,,,,,,,,,,,,,,,,,,,,,,,,,,,,,,,,,,,,,,,,,,,,,,,,,,,,,,,,,,,,,,,,,,,,,,,,,,,,,,,,,,,,,,,,,,,,,,,,,,,,,,,,,,,,,,,,,,,,,,
,,,,,,,Adhesives & Tapes,Tape,Specialty Tape,,1700-1PK-BB40,3/4x60' Vinyl Elect Tape,,,3M,3 M Co (5293),3M Company,3M®,,1700-1PK-BB40,,"Adhesives, Sealants & Tape>Tape>Specialty Tape","3M Company, 3M, Tape, 1700-1PK-BB40",TAPE 1700-1PK-BB40,"3M®, 1700-1PK-BB40, Tape",3M® Tape Model 1700-1PK-BB40. ,Tape,,,,,,,,,,,,,,,,,,,,,,,,,,,Tape,Size,,,Material,,,,,,,,,,,,,,,,,,,,,,,,,,,,,,,,,,,,,,,,,,,,,,,,,,,,,,,,,,,,,,,,,,,,,,,,,,,,,,,,,,,,,,,,,,,,,,,,,,,,,,,,,,,,,,,,,,,,,,,,,,,,,,,,,,,,,,,,,,,,,,,,,,,,,,,,,,,,,,,,,,,,,,,,,,,,,,,,,,,,,,,,,,,,,,,,,
,,,,,,,Adhesives & Tapes,Tape,Specialty Tape,,ASH-40-40-04,1.5x1.5x13' Legacy Emseal Tape,,,,Emseal Joint Systems Ltd (EMSJO),Emseal Joint Systems Ltd.,EMSEAL®,,ASH-40-40-04,,"Adhesives, Sealants & Tape>Tape>Specialty Tape","Emseal Joint Systems Ltd., EMSEAL, Tape, ASH-40-40-04",TAPE ASH-40-40-04,"EMSEAL®, ASH-40-40-04, Tape",EMSEAL® Tape Model ASH-40-40-04. ,Tape,,,,,,,,,,,,,,,,,,,,,,,,,,,Tape,Size,,,Material,,,,,,,,,,,,,,,,,,,,,,,,,,,,,,,,,,,,,,,,,,,,,,,,,,,,,,,,,,,,,,,,,,,,,,,,,,,,,,,,,,,,,,,,,,,,,,,,,,,,,,,,,,,,,,,,,,,,,,,,,,,,,,,,,,,,,,,,,,,,,,,,,,,,,,,,,,,,,,,,,,,,,,,,,,,,,,,,,,,,,,,,,,,,,,,,,
,,,,,,,Appliances,Large Appliances,Dishwashers,,KDFM404KPS,KDFM404KPS Dishwasher SS,,,,Appliance Dealers Cooperative (APPDE),KitchenAid,KitchenAid®,,KDFM404KPS,,Appliances & Consumer Electronics>Kitchen Appliances>Built-In Dishwashers,"KitchenAid, Dishwasher, KDFM404KPS",DISHWASHER 120V 15A KDFM404KPS,"KitchenAid®, KDFM404KPS, Dishwasher, Stainless Steel","KitchenAid® Dishwasher Model KDFM404KPS. Model: KDFM404KPS, Voltage Rating: 120 V, Amperage Rating: 15 A, Material: Stainless Steel","Dishwasher, Stainless Steel",,,,,,,,,,,,,,,,,,,,,,,,,,,Dishwasher,Series,,,Model,KDFM404KPS,,Number of Wash Cycles,,,Voltage Rating,120,V,Amperage Rating,15,A,Mounting Type,,,Plug Type,,,Size,,,Depth With Door Open,,in,Minimum Height,,,Maximum Height,,,Sound Level,,dBA,Material,Stainless Steel,,Color,,,Additional Information,,,,,,,,,,,,,,,,,,,,,,,,,,,,,,,,,,,,,,,,,,,,,,,,,,,,,,,,,,,,,,,,,,,,,,,,,,,,,,,,,,,,,,,,,,,,,,,,,,,,,,,,,,,,,,,,,,,,,,,,,,,,,,,,,,,,,,,,,,,,,,,,,,,,,,,,,,
,,,,,,,Appliances,Large Appliances,Dishwashers,,PDSH4816AF,PDSH4816AF Dishwasher SS - Display Only,,,,Appliance Dealers Cooperative (APPDE),Rheem Manufacturing,FRIGIDAIRE®,,PDSH4816AF,,Appliances & Consumer Electronics>Kitchen Appliances>Built-In Dishwashers,"Rheem Manufacturing FRIGIDAIRE, Dishwasher, Professional Series, PDSH4816AF",DISHWASHER LEG 5 SST 120V 15A 50-1/4IN,"FRIGIDAIRE® Professional Series PDSH4816AF Dishwasher With CleanBoost™, Leg Mounting, 5-Wash Cycle, Stainless Steel","FRIGIDAIRE® Dishwasher With CleanBoost™, Professional Series, 5 Wash Cycles, 120 V, 15 A, Leg Mounting, 24 in W x 24-1/4 in D, 50-1/4 in Depth With Door Open, 8-1/2 in Upper Rack, 11-1/4 in Lower Rack Minimum Height, 10-3/8 in Upper Rack, 13-1/4 in Lower Rack Maximum Height, 47 dBA Sound Level, Stainless Steel, Additional Information: 240 kW-hr Annual Energy, 1 to 12 hr Delay Start Hours","Professional Series Dishwasher, Leg Mounting, 5-Wash Cycle, Stainless Steel",,,,,,,,,,,,,,,,,,,,,,,,,,,Dishwasher,Series,,,Model,PDSH4816AF,,Number of Wash Cycles,5,,Voltage Rating,120,V,Amperage Rating,15,A,Mounting Type,Leg,,Plug Type,,,Size,24 in W x 24-1/4 in D,,Depth With Door Open,50-1/4,in,Minimum Height,"8-1/2 in Upper Rack, 11-1/4 in Lower Rack",,Maximum Height,"10-3/8 in Upper Rack, 13-1/4 in Lower Rack",,Sound Level,47,dBA,Material,Stainless Steel,,Color,,,Additional Information,"240 kW-hr Annual Energy, 1 to 12 hr Delay Start Hours",,,,,,,,,,,,,,,,,,,,,,,,,,,,,,,,,,,,,,,,,,,,,,,,,,,,,,,,,,,,,,,,,,,,,,,,,,,,,,,,,,,,,,,,,,,,,,,,,,,,,,,,,,,,,,,,,,,,,,,,,,,,,,,,,,,,,,,,,,,,,,,,,,,,,,,,,
,,,,,,,Appliances,Large Appliances,Dishwashers,,PDT715SYVFS,PDT715SYVFS Ge Dishwasher SS,,,,Appliance Dealers Cooperative (APPDE),General Electric Company,GE®,,PDT715SYVFS,,Appliances & Consumer Electronics>Kitchen Appliances>Built-In Dishwashers,"General Electric Company, GE, Dishwasher, PDT715SYVFS",DISHWASHER 120V 15A PDT715SYVFS,"GE®, PDT715SYVFS, Dishwasher, Stainless Steel","GE® Dishwasher Model PDT715SYVFS. Model: PDT715SYVFS, Voltage Rating: 120 V, Amperage Rating: 15 A, Material: Stainless Steel","Dishwasher, Stainless Steel",,,,,,,,,,,,,,,,,,,,,,,,,,,Dishwasher,Series,,,Model,PDT715SYVFS,,Number of Wash Cycles,,,Voltage Rating,120,V,Amperage Rating,15,A,Mounting Type,,,Plug Type,,,Size,,,Depth With Door Open,,in,Minimum Height,,,Maximum Height,,,Sound Level,,dBA,Material,Stainless Steel,,Color,,,Additional Information,,,,,,,,,,,,,,,,,,,,,,,,,,,,,,,,,,,,,,,,,,,,,,,,,,,,,,,,,,,,,,,,,,,,,,,,,,,,,,,,,,,,,,,,,,,,,,,,,,,,,,,,,,,,,,,,,,,,,,,,,,,,,,,,,,,,,,,,,,,,,,,,,,,,,,,,,,
,,,,,,,Appliances,Large Appliances,Dishwashers,,LDPH5554D,LDPH5554D LG Dishwasher BSS,,,,Appliance Dealers Cooperative (APPDE),LG Electronics Inc.,LG®,,LDPH5554D,,Appliances & Consumer Electronics>Kitchen Appliances>Built-In Dishwashers,"LG Electronics Inc., LG, Dishwasher, LDPH5554D",DISHWASHER 120V 15A LDPH5554D,"LG®, LDPH5554D, Dishwasher, Stainless Steel","LG® Dishwasher Model LDPH5554D. Model: LDPH5554D, Voltage Rating: 120 V, Amperage Rating: 15 A, Material: Stainless Steel, Color: Black","Dishwasher, Stainless Steel",,,,,,,,,,,,,,,,,,,,,,,,,,,Dishwasher,Series,,,Model,LDPH5554D,,Number of Wash Cycles,,,Voltage Rating,120,V,Amperage Rating,15,A,Mounting Type,,,Plug Type,,,Size,,,Depth With Door Open,,in,Minimum Height,,,Maximum Height,,,Sound Level,,dBA,Material,Stainless Steel,,Color,Black,,Additional Information,,,,,,,,,,,,,,,,,,,,,,,,,,,,,,,,,,,,,,,,,,,,,,,,,,,,,,,,,,,,,,,,,,,,,,,,,,,,,,,,,,,,,,,,,,,,,,,,,,,,,,,,,,,,,,,,,,,,,,,,,,,,,,,,,,,,,,,,,,,,,,,,,,,,,,,,,,
,,,,,,,Appliances,Large Appliances,Dishwashers,,WDTS7024RZ,WDTS7024RZ Dishwasher SS - Display Only,,,,Appliance Dealers Cooperative (APPDE),Whirlpool Corporation,Whirlpool®,,WDTS7024RZ,,Appliances & Consumer Electronics>Kitchen Appliances>Built-In Dishwashers,"Whirlpool, Dishwasher, Eco Series, WDTS7024RZ, Built-in Mounting",DISHWASHER BLTLN SST SST 120V 10A 41DBA,"Whirlpool® Eco Series WDTS7024RZ Dishwasher, Built-in Mounting, Stainless Steel, Stainless Steel","Whirlpool® Dishwasher, Eco Series, 120 V, 10 A, Built-in Mounting, 33-7/16 in H x 23-7/8 in W x 22-5/8 in D, 50-3/16 in Depth With Door Open, 33-7/16 in Minimum Height, 41 dBA Sound Level, Stainless Steel, Stainless Steel, Additional Information: Folding Tines, Leak Detection System, Moisture Repellent Silverware Basket, Normal Cycle, Quick Wash Cycle, Sani Rinse Option, Sensor Cycle, Triple Wash Spray","Eco Series Dishwasher, Built-in Mounting, Stainless Steel, Stainless Steel",,,,,,,,,,,,,,,,,,,,,,,,,,,Dishwasher,Series,,,Model,WDTS7024RZ,,Number of Wash Cycles,,,Voltage Rating,120,V,Amperage Rating,10,A,Mounting Type,Built-in,,Plug Type,,,Size,33-7/16 in H x 23-7/8 in W x 22-5/8 in D,,Depth With Door Open,50-3/16,in,Minimum Height,33-7/16,in,Maximum Height,,,Sound Level,41,dBA,Material,Stainless Steel,,Color,Stainless Steel,,Additional Information,"Folding Tines, Leak Detection System, Moisture Repellent Silverware Basket, Normal Cycle, Quick Wash Cycle, Sani Rinse Option, Sensor Cycle, Triple Wash Spray",,,,,,,,,,,,,,,,,,,,,,,,,,,,,,,,,,,,,,,,,,,,,,,,,,,,,,,,,,,,,,,,,,,,,,,,,,,,,,,,,,,,,,,,,,,,,,,,,,,,,,,,,,,,,,,,,,,,,,,,,,,,,,,,,,,,,,,,,,,,,,,,,,,,,,,,,
,,,,,,,Appliances,Large Appliances,Dishwashers,,PDD415PYYFS,PDD415PYYFS GE Dishwasher SS,,,,Appliance Dealers Cooperative (APPDE),General Electric Company,GE®,,PDD415PYYFS,,Appliances & Consumer Electronics>Kitchen Appliances>Built-In Dishwashers,"General Electric Company, GE, Dishwasher, PDD415PYYFS",DISHWASHER 120V 15A PDD415PYYFS,"GE®, PDD415PYYFS, Dishwasher, Stainless Steel","GE® Dishwasher Model PDD415PYYFS. Model: PDD415PYYFS, Voltage Rating: 120 V, Amperage Rating: 15 A, Material: Stainless Steel","Dishwasher, Stainless Steel",,,,,,,,,,,,,,,,,,,,,,,,,,,Dishwasher,Series,,,Model,PDD415PYYFS,,Number of Wash Cycles,,,Voltage Rating,120,V,Amperage Rating,15,A,Mounting Type,,,Plug Type,,,Size,,,Depth With Door Open,,in,Minimum Height,,,Maximum Height,,,Sound Level,,dBA,Material,Stainless Steel,,Color,,,Additional Information,,,,,,,,,,,,,,,,,,,,,,,,,,,,,,,,,,,,,,,,,,,,,,,,,,,,,,,,,,,,,,,,,,,,,,,,,,,,,,,,,,,,,,,,,,,,,,,,,,,,,,,,,,,,,,,,,,,,,,,,,,,,,,,,,,,,,,,,,,,,,,,,,,,,,,,,,,
,,,,,,,Appliances,Large Appliances,Dishwashers,,KDTS424SBE,KDTS424SBE Kitchen Aid Dishwasher Bk,,,,Appliance Dealers Cooperative (APPDE),KitchenAid,KitchenAid®,,KDTS424SBE,,Appliances & Consumer Electronics>Kitchen Appliances>Built-In Dishwashers,"KitchenAid, Dishwasher, KDTS424SBE",DISHWASHER 120V 15A KDTS424SBE,"KitchenAid®, KDTS424SBE, Dishwasher","KitchenAid® Dishwasher Model KDTS424SBE. Model: KDTS424SBE, Voltage Rating: 120 V, Amperage Rating: 15 A, Color: Black",Dishwasher,,,,,,,,,,,,,,,,,,,,,,,,,,,Dishwasher,Series,,,Model,KDTS424SBE,,Number of Wash Cycles,,,Voltage Rating,120,V,Amperage Rating,15,A,Mounting Type,,,Plug Type,,,Size,,,Depth With Door Open,,in,Minimum Height,,,Maximum Height,,,Sound Level,,dBA,Material,,,Color,Black,,Additional Information,,,,,,,,,,,,,,,,,,,,,,,,,,,,,,,,,,,,,,,,,,,,,,,,,,,,,,,,,,,,,,,,,,,,,,,,,,,,,,,,,,,,,,,,,,,,,,,,,,,,,,,,,,,,,,,,,,,,,,,,,,,,,,,,,,,,,,,,,,,,,,,,,,,,,,,,,,
,,,,,,,Appliances,Large Appliances,Dishwashers,,KDTS324SPS,KDTS324SPS Kitchen Aid Dishwasher SS,,,,Appliance Dealers Cooperative (APPDE),KitchenAid,KitchenAid®,,KDTS324SPS,,Appliances & Consumer Electronics>Kitchen Appliances>Built-In Dishwashers,"KitchenAid, Dishwasher, KDTS324SPS",DISHWASHER 120V 15A KDTS324SPS,"KitchenAid®, KDTS324SPS, Dishwasher, Stainless Steel","KitchenAid® Dishwasher Model KDTS324SPS. Model: KDTS324SPS, Voltage Rating: 120 V, Amperage Rating: 15 A, Material: Stainless Steel","Dishwasher, Stainless Steel",,,,,,,,,,,,,,,,,,,,,,,,,,,Dishwasher,Series,,,Model,KDTS324SPS,,Number of Wash Cycles,,,Voltage Rating,120,V,Amperage Rating,15,A,Mounting Type,,,Plug Type,,,Size,,,Depth With Door Open,,in,Minimum Height,,,Maximum Height,,,Sound Level,,dBA,Material,Stainless Steel,,Color,,,Additional Information,,,,,,,,,,,,,,,,,,,,,,,,,,,,,,,,,,,,,,,,,,,,,,,,,,,,,,,,,,,,,,,,,,,,,,,,,,,,,,,,,,,,,,,,,,,,,,,,,,,,,,,,,,,,,,,,,,,,,,,,,,,,,,,,,,,,,,,,,,,,,,,,,,,,,,,,,,
,,,,,,,Appliances,Large Appliances,Dishwashers,,KDPS624SJP,KDPS624SJP Dishwasher Juniper - Display Only,,,,Appliance Dealers Cooperative (APPDE),KitchenAid,KitchenAid®,,KDPS624SJP,,Appliances & Consumer Electronics>Kitchen Appliances>Built-In Dishwashers,"KitchenAid, Dishwasher, KDPS624SJP",DISHWASHER 120V 15A KDPS624SJP,"KitchenAid®, KDPS624SJP, Dishwasher","KitchenAid® Dishwasher Model KDPS624SJP. Model: KDPS624SJP, Voltage Rating: 120 V, Amperage Rating: 15 A",Dishwasher,,,,,,,,,,,,,,,,,,,,,,,,,,,Dishwasher,Series,,,Model,KDPS624SJP,,Number of Wash Cycles,,,Voltage Rating,120,V,Amperage Rating,15,A,Mounting Type,,,Plug Type,,,Size,,,Depth With Door Open,,in,Minimum Height,,,Maximum Height,,,Sound Level,,dBA,Material,,,Color,,,Additional Information,,,,,,,,,,,,,,,,,,,,,,,,,,,,,,,,,,,,,,,,,,,,,,,,,,,,,,,,,,,,,,,,,,,,,,,,,,,,,,,,,,,,,,,,,,,,,,,,,,,,,,,,,,,,,,,,,,,,,,,,,,,,,,,,,,,,,,,,,,,,,,,,,,,,,,,,,,
,,,,,,,Appliances,Large Appliances,Dishwashers,,KDTS624SBE,KDTS624SBE Dishwasher BO Display Only,,,,Appliance Dealers Cooperative (APPDE),KitchenAid,KitchenAid®,,KDTS624SBE,,Appliances & Consumer Electronics>Kitchen Appliances>Built-In Dishwashers,"KitchenAid, Dishwasher, KDTS624SBE",DISHWASHER 120V 15A KDTS624SBE,"KitchenAid®, KDTS624SBE, Dishwasher","KitchenAid® Dishwasher Model KDTS624SBE. Model: KDTS624SBE, Voltage Rating: 120 V, Amperage Rating: 15 A",Dishwasher,,,,,,,,,,,,,,,,,,,,,,,,,,,Dishwasher,Series,,,Model,KDTS624SBE,,Number of Wash Cycles,,,Voltage Rating,120,V,Amperage Rating,15,A,Mounting Type,,,Plug Type,,,Size,,,Depth With Door Open,,in,Minimum Height,,,Maximum Height,,,Sound Level,,dBA,Material,,,Color,,,Additional Information,,,,,,,,,,,,,,,,,,,,,,,,,,,,,,,,,,,,,,,,,,,,,,,,,,,,,,,,,,,,,,,,,,,,,,,,,,,,,,,,,,,,,,,,,,,,,,,,,,,,,,,,,,,,,,,,,,,,,,,,,,,,,,,,,,,,,,,,,,,,,,,,,,,,,,,,,,
,,,,,,,Hardware,General Hardware,Hardware Accessories,,D519127,D519127 Heater Kit,,,,V & V Appliance Parts Inc (VVAPP),V & V Appliance Parts Inc,V & V Appliance Parts Inc,,D519127,,Industrial & Commercial Supplies>Hardware>General Hardware,"V & V Appliance Parts Inc, Industrial Hardware, D519127",INDUSTRIAL HARDWARE D519127,"V & V Appliance Parts Inc, D519127, Industrial Hardware",V & V Appliance Parts Inc Industrial Hardware Model D519127. ,Industrial Hardware,,,,,,,,,,,,,,,,,,,,,,,,,,,Industrial Hardware,Size,,,Material,,,,,,,,,,,,,,,,,,,,,,,,,,,,,,,,,,,,,,,,,,,,,,,,,,,,,,,,,,,,,,,,,,,,,,,,,,,,,,,,,,,,,,,,,,,,,,,,,,,,,,,,,,,,,,,,,,,,,,,,,,,,,,,,,,,,,,,,,,,,,,,,,,,,,,,,,,,,,,,,,,,,,,,,,,,,,,,,,,,,,,,,,,,,,,,,,
,,,,,,,Appliances,Large Appliances,Dryers,,DF7004WE,DF7004WE Speed Queen Elect Dryer Wh,,,,Appliance Dealers Cooperative (APPDE),Alliance Laundry Systems LLC,Speed Queen®,,DF7004WE,,Appliances & Consumer Electronics>Laundry Appliances>Clothes Dryers,"Alliance Laundry Systems LLC, Speed Queen, Clothes Dryer, DF7004WE",CLOTHES DRYER DF7004WE,"Speed Queen®, DF7004WE, Clothes Dryer",Speed Queen® Clothes Dryer Model DF7004WE. ,Clothes Dryer,,,,,,,,,,,,,,,,,,,,,,,,,,,Clothes Dryer,Size,,,Material,,,,,,,,,,,,,,,,,,,,,,,,,,,,,,,,,,,,,,,,,,,,,,,,,,,,,,,,,,,,,,,,,,,,,,,,,,,,,,,,,,,,,,,,,,,,,,,,,,,,,,,,,,,,,,,,,,,,,,,,,,,,,,,,,,,,,,,,,,,,,,,,,,,,,,,,,,,,,,,,,,,,,,,,,,,,,,,,,,,,,,,,,,,,,,,,,
,,,,,,,Appliances,Large Appliances,Dryers,,DR7004BE,DR7004BE SQ Elect Dryer Bk,,,,Appliance Dealers Cooperative (APPDE),Alliance Laundry Systems LLC,Speed Queen®,,DR7004BE,,Appliances & Consumer Electronics>Laundry Appliances>Clothes Dryers,"Alliance Laundry Systems LLC, Speed Queen, Clothes Dryer, DR7004BE",CLOTHES DRYER DR7004BE,"Speed Queen®, DR7004BE, Clothes Dryer",Speed Queen® Clothes Dryer Model DR7004BE. ,Clothes Dryer,,,,,,,,,,,,,,,,,,,,,,,,,,,Clothes Dryer,Size,,,Material,,,,,,,,,,,,,,,,,,,,,,,,,,,,,,,,,,,,,,,,,,,,,,,,,,,,,,,,,,,,,,,,,,,,,,,,,,,,,,,,,,,,,,,,,,,,,,,,,,,,,,,,,,,,,,,,,,,,,,,,,,,,,,,,,,,,,,,,,,,,,,,,,,,,,,,,,,,,,,,,,,,,,,,,,,,,,,,,,,,,,,,,,,,,,,,,,
,,,,,,,Appliances,Large Appliances,Dryers,,DV2000WE,DV2000WE SQ Elect Dryer Wh,,,,Appliance Dealers Cooperative (APPDE),Alliance Laundry Systems LLC,Speed Queen®,,DV2000WE,,Appliances & Consumer Electronics>Laundry Appliances>Clothes Dryers,"Alliance Laundry Systems LLC, Speed Queen, Clothes Dryer, DV2000WE",CLOTHES DRYER DV2000WE,"Speed Queen®, DV2000WE, Clothes Dryer",Speed Queen® Clothes Dryer Model DV2000WE. ,Clothes Dryer,,,,,,,,,,,,,,,,,,,,,,,,,,,Clothes Dryer,Size,,,Material,,,,,,,,,,,,,,,,,,,,,,,,,,,,,,,,,,,,,,,,,,,,,,,,,,,,,,,,,,,,,,,,,,,,,,,,,,,,,,,,,,,,,,,,,,,,,,,,,,,,,,,,,,,,,,,,,,,,,,,,,,,,,,,,,,,,,,,,,,,,,,,,,,,,,,,,,,,,,,,,,,,,,,,,,,,,,,,,,,,,,,,,,,,,,,,,,
,,,,,,,Appliances,Large Appliances,Dryers,,DC5004WE,DC5004WE SQ Elect Dryer Wh,,,,Appliance Dealers Cooperative (APPDE),Alliance Laundry Systems LLC,Speed Queen®,,DC5004WE,,Appliances & Consumer Electronics>Laundry Appliances>Clothes Dryers,"Alliance Laundry Systems LLC, Speed Queen, Clothes Dryer, DC5004WE",CLOTHES DRYER DC5004WE,"Speed Queen®, DC5004WE, Clothes Dryer",Speed Queen® Clothes Dryer Model DC5004WE. ,Clothes Dryer,,,,,,,,,,,,,,,,,,,,,,,,,,,Clothes Dryer,Size,,,Material,,,,,,,,,,,,,,,,,,,,,,,,,,,,,,,,,,,,,,,,,,,,,,,,,,,,,,,,,,,,,,,,,,,,,,,,,,,,,,,,,,,,,,,,,,,,,,,,,,,,,,,,,,,,,,,,,,,,,,,,,,,,,,,,,,,,,,,,,,,,,,,,,,,,,,,,,,,,,,,,,,,,,,,,,,,,,,,,,,,,,,,,,,,,,,,,,
,,,,,,,Appliances,Large Appliances,Dryers,,DC5004BE,DC5004BE SQ Elect Dryer Bk,,,,Appliance Dealers Cooperative (APPDE),Alliance Laundry Systems LLC,Speed Queen®,,DC5004BE,,Appliances & Consumer Electronics>Laundry Appliances>Clothes Dryers,"Alliance Laundry Systems LLC, Speed Queen, Clothes Dryer, DC5004BE",CLOTHES DRYER DC5004BE,"Speed Queen®, DC5004BE, Clothes Dryer",Speed Queen® Clothes Dryer Model DC5004BE. ,Clothes Dryer,,,,,,,,,,,,,,,,,,,,,,,,,,,Clothes Dryer,Size,,,Material,,,,,,,,,,,,,,,,,,,,,,,,,,,,,,,,,,,,,,,,,,,,,,,,,,,,,,,,,,,,,,,,,,,,,,,,,,,,,,,,,,,,,,,,,,,,,,,,,,,,,,,,,,,,,,,,,,,,,,,,,,,,,,,,,,,,,,,,,,,,,,,,,,,,,,,,,,,,,,,,,,,,,,,,,,,,,,,,,,,,,,,,,,,,,,,,,
,,,,,,,Appliances,Large Appliances,Washing Machines,,WKE100HWA,WKE100HWA LG Laundry Center Wh - Display,,,,Appliance Dealers Cooperative (APPDE),LG Electronics Inc.,LG®,,WKE100HWA,,Appliances & Consumer Electronics>Laundry Appliances>Washing Machines,"LG Electronics Inc., LG, Washing Machine, WKE100HWA",WASHING MACHINE WKE100HWA,"LG®, WKE100HWA, Washing Machine",LG® Washing Machine Model WKE100HWA. ,Washing Machine,,,,,,,,,,,,,,,,,,,,,,,,,,,Washing Machine,Size,,,Material,,,,,,,,,,,,,,,,,,,,,,,,,,,,,,,,,,,,,,,,,,,,,,,,,,,,,,,,,,,,,,,,,,,,,,,,,,,,,,,,,,,,,,,,,,,,,,,,,,,,,,,,,,,,,,,,,,,,,,,,,,,,,,,,,,,,,,,,,,,,,,,,,,,,,,,,,,,,,,,,,,,,,,,,,,,,,,,,,,,,,,,,,,,,,,,,,
,,,,,,,Appliances,Large Appliances,Washing Machines,,FF7011WN,FF7011WN Speed Queen Washer Wh,,,,Appliance Dealers Cooperative (APPDE),Alliance Laundry Systems LLC,Speed Queen®,,FF7011WN,,Appliances & Consumer Electronics>Laundry Appliances>Washing Machines,"Alliance Laundry Systems LLC, Speed Queen, Washing Machine, FF7011WN",WASHING MACHINE FF7011WN,"Speed Queen®, FF7011WN, Washing Machine",Speed Queen® Washing Machine Model FF7011WN. ,Washing Machine,,,,,,,,,,,,,,,,,,,,,,,,,,,Washing Machine,Size,,,Material,,,,,,,,,,,,,,,,,,,,,,,,,,,,,,,,,,,,,,,,,,,,,,,,,,,,,,,,,,,,,,,,,,,,,,,,,,,,,,,,,,,,,,,,,,,,,,,,,,,,,,,,,,,,,,,,,,,,,,,,,,,,,,,,,,,,,,,,,,,,,,,,,,,,,,,,,,,,,,,,,,,,,,,,,,,,,,,,,,,,,,,,,,,,,,,,,
,,,,,,,Appliances,Large Appliances,Dryers,,PTD70GBPTDG,PTD70GBPTDG GE Gas Dryer DG,,,,Appliance Dealers Cooperative (APPDE),General Electric Company,GE®,,PTD70GBPTDG,,Appliances & Consumer Electronics>Laundry Appliances>Clothes Dryers,"General Electric Company, GE, Clothes Dryer, PTD70GBPTDG",CLOTHES DRYER PTD70GBPTDG,"GE®, PTD70GBPTDG, Clothes Dryer",GE® Clothes Dryer Model PTD70GBPTDG. ,Clothes Dryer,,,,,,,,,,,,,,,,,,,,,,,,,,,Clothes Dryer,Size,,,Material,,,,,,,,,,,,,,,,,,,,,,,,,,,,,,,,,,,,,,,,,,,,,,,,,,,,,,,,,,,,,,,,,,,,,,,,,,,,,,,,,,,,,,,,,,,,,,,,,,,,,,,,,,,,,,,,,,,,,,,,,,,,,,,,,,,,,,,,,,,,,,,,,,,,,,,,,,,,,,,,,,,,,,,,,,,,,,,,,,,,,,,,,,,,,,,,,
,,,,,,,Appliances,Large Appliances,Dryers,,PTD70GBSTWS,PTD70GBSTWS GE Gas Dryer Wh,,,,Appliance Dealers Cooperative (APPDE),General Electric Company,GE®,,PTD70GBSTWS,,Appliances & Consumer Electronics>Laundry Appliances>Clothes Dryers,"General Electric Company, GE, Clothes Dryer, PTD70GBSTWS",CLOTHES DRYER PTD70GBSTWS,"GE®, PTD70GBSTWS, Clothes Dryer",GE® Clothes Dryer Model PTD70GBSTWS. ,Clothes Dryer,,,,,,,,,,,,,,,,,,,,,,,,,,,Clothes Dryer,Size,,,Material,,,,,,,,,,,,,,,,,,,,,,,,,,,,,,,,,,,,,,,,,,,,,,,,,,,,,,,,,,,,,,,,,,,,,,,,,,,,,,,,,,,,,,,,,,,,,,,,,,,,,,,,,,,,,,,,,,,,,,,,,,,,,,,,,,,,,,,,,,,,,,,,,,,,,,,,,,,,,,,,,,,,,,,,,,,,,,,,,,,,,,,,,,,,,,,,,
,,,,,,,Appliances,Large Appliances,Dryers,,DR5004WG,DR5004WG SQ Gas Dryer Wh,,,,Appliance Dealers Cooperative (APPDE),Appliance Dealers Cooperative,Appliance Dealers Cooperative,,DR5004WG,,Appliances & Consumer Electronics>Laundry Appliances>Clothes Dryers,"Appliance Dealers Cooperative, Clothes Dryer, DR5004WG",CLOTHES DRYER DR5004WG,"Appliance Dealers Cooperative, DR5004WG, Clothes Dryer",Appliance Dealers Cooperative Clothes Dryer Model DR5004WG. ,Clothes Dryer,,,,,,,,,,,,,,,,,,,,,,,,,,,Clothes Dryer,Size,,,Material,,,,,,,,,,,,,,,,,,,,,,,,,,,,,,,,,,,,,,,,,,,,,,,,,,,,,,,,,,,,,,,,,,,,,,,,,,,,,,,,,,,,,,,,,,,,,,,,,,,,,,,,,,,,,,,,,,,,,,,,,,,,,,,,,,,,,,,,,,,,,,,,,,,,,,,,,,,,,,,,,,,,,,,,,,,,,,,,,,,,,,,,,,,,,,,,,
,,,,,,,Appliances,Large Appliances,Dryers,,DR7004BG,DR7004BG SQ Gas Dryer Bk,,,,Appliance Dealers Cooperative (APPDE),Alliance Laundry Systems LLC,Speed Queen®,,DR7004BG,,Appliances & Consumer Electronics>Laundry Appliances>Clothes Dryers,"Alliance Laundry Systems LLC, Speed Queen, Clothes Dryer, DR7004BG",CLOTHES DRYER DR7004BG,"Speed Queen®, DR7004BG, Clothes Dryer",Speed Queen® Clothes Dryer Model DR7004BG. ,Clothes Dryer,,,,,,,,,,,,,,,,,,,,,,,,,,,Clothes Dryer,Size,,,Material,,,,,,,,,,,,,,,,,,,,,,,,,,,,,,,,,,,,,,,,,,,,,,,,,,,,,,,,,,,,,,,,,,,,,,,,,,,,,,,,,,,,,,,,,,,,,,,,,,,,,,,,,,,,,,,,,,,,,,,,,,,,,,,,,,,,,,,,,,,,,,,,,,,,,,,,,,,,,,,,,,,,,,,,,,,,,,,,,,,,,,,,,,,,,,,,,
,,,,,,,Appliances,Large Appliances,Dryers,,DR7004WG,DR7004WG SQ Gas Dryer Wh,,,,Appliance Dealers Cooperative (APPDE),Alliance Laundry Systems LLC,Speed Queen®,,DR7004WG,,Appliances & Consumer Electronics>Laundry Appliances>Clothes Dryers,"Alliance Laundry Systems LLC, Speed Queen, Clothes Dryer, DR7004WG",CLOTHES DRYER DR7004WG,"Speed Queen®, DR7004WG, Clothes Dryer",Speed Queen® Clothes Dryer Model DR7004WG. ,Clothes Dryer,,,,,,,,,,,,,,,,,,,,,,,,,,,Clothes Dryer,Size,,,Material,,,,,,,,,,,,,,,,,,,,,,,,,,,,,,,,,,,,,,,,,,,,,,,,,,,,,,,,,,,,,,,,,,,,,,,,,,,,,,,,,,,,,,,,,,,,,,,,,,,,,,,,,,,,,,,,,,,,,,,,,,,,,,,,,,,,,,,,,,,,,,,,,,,,,,,,,,,,,,,,,,,,,,,,,,,,,,,,,,,,,,,,,,,,,,,,,
,,,,,,,Appliances,Large Appliances,Dryers,,DV2000WG,DV2000WG SQ Gas Dryer Wh,,,,Appliance Dealers Cooperative (APPDE),Alliance Laundry Systems LLC,Speed Queen®,,DV2000WG,,Appliances & Consumer Electronics>Laundry Appliances>Clothes Dryers,"Alliance Laundry Systems LLC, Speed Queen, Clothes Dryer, DV2000WG",CLOTHES DRYER DV2000WG,"Speed Queen®, DV2000WG, Clothes Dryer",Speed Queen® Clothes Dryer Model DV2000WG. ,Clothes Dryer,,,,,,,,,,,,,,,,,,,,,,,,,,,Clothes Dryer,Size,,,Material,,,,,,,,,,,,,,,,,,,,,,,,,,,,,,,,,,,,,,,,,,,,,,,,,,,,,,,,,,,,,,,,,,,,,,,,,,,,,,,,,,,,,,,,,,,,,,,,,,,,,,,,,,,,,,,,,,,,,,,,,,,,,,,,,,,,,,,,,,,,,,,,,,,,,,,,,,,,,,,,,,,,,,,,,,,,,,,,,,,,,,,,,,,,,,,,,
,,,,,,,Appliances,Large Appliances,Dryers,,DC5004WG,DC5004WG SQ Gas Dryer Wh,,,,Appliance Dealers Cooperative (APPDE),Alliance Laundry Systems LLC,Speed Queen®,,DC5004WG,,Appliances & Consumer Electronics>Laundry Appliances>Clothes Dryers,"Alliance Laundry Systems LLC, Speed Queen, Clothes Dryer, DC5004WG",CLOTHES DRYER DC5004WG,"Speed Queen®, DC5004WG, Clothes Dryer",Speed Queen® Clothes Dryer Model DC5004WG. ,Clothes Dryer,,,,,,,,,,,,,,,,,,,,,,,,,,,Clothes Dryer,Size,,,Material,,,,,,,,,,,,,,,,,,,,,,,,,,,,,,,,,,,,,,,,,,,,,,,,,,,,,,,,,,,,,,,,,,,,,,,,,,,,,,,,,,,,,,,,,,,,,,,,,,,,,,,,,,,,,,,,,,,,,,,,,,,,,,,,,,,,,,,,,,,,,,,,,,,,,,,,,,,,,,,,,,,,,,,,,,,,,,,,,,,,,,,,,,,,,,,,,
,,,,,,,Appliances,Large Appliances,Dryers,,DC5004BG,DC5004BG SQ Gas Dryer Bk,,,,Appliance Dealers Cooperative (APPDE),Alliance Laundry Systems LLC,Speed Queen®,,DC5004BG,,Appliances & Consumer Electronics>Laundry Appliances>Clothes Dryers,"Alliance Laundry Systems LLC, Speed Queen, Clothes Dryer, DC5004BG",CLOTHES DRYER DC5004BG,"Speed Queen®, DC5004BG, Clothes Dryer",Speed Queen® Clothes Dryer Model DC5004BG. ,Clothes Dryer,,,,,,,,,,,,,,,,,,,,,,,,,,,Clothes Dryer,Size,,,Material,,,,,,,,,,,,,,,,,,,,,,,,,,,,,,,,,,,,,,,,,,,,,,,,,,,,,,,,,,,,,,,,,,,,,,,,,,,,,,,,,,,,,,,,,,,,,,,,,,,,,,,,,,,,,,,,,,,,,,,,,,,,,,,,,,,,,,,,,,,,,,,,,,,,,,,,,,,,,,,,,,,,,,,,,,,,,,,,,,,,,,,,,,,,,,,,,
,,,,,,,Appliances,Large Appliances,Washing Machines,,PTW705BSTWS,PTW705BSTWS GE Washer Wh,,,,Appliance Dealers Cooperative (APPDE),General Electric Company,GE®,,PTW705BSTWS,,Appliances & Consumer Electronics>Laundry Appliances>Washing Machines,"General Electric Company, GE, Washing Machine, PTW705BSTWS",WASHING MACHINE PTW705BSTWS,"GE®, PTW705BSTWS, Washing Machine",GE® Washing Machine Model PTW705BSTWS. ,Washing Machine,,,,,,,,,,,,,,,,,,,,,,,,,,,Washing Machine,Size,,,Material,,,,,,,,,,,,,,,,,,,,,,,,,,,,,,,,,,,,,,,,,,,,,,,,,,,,,,,,,,,,,,,,,,,,,,,,,,,,,,,,,,,,,,,,,,,,,,,,,,,,,,,,,,,,,,,,,,,,,,,,,,,,,,,,,,,,,,,,,,,,,,,,,,,,,,,,,,,,,,,,,,,,,,,,,,,,,,,,,,,,,,,,,,,,,,,,,
,,,,,,,Appliances,Large Appliances,Washing Machines,,MVWP586GW,MVWP586GW Washer Wh - Display,,,,Appliance Dealers Cooperative (APPDE),Appliance Dealers Cooperative,Appliance Dealers Cooperative,,MVWP586GW,,Appliances & Consumer Electronics>Laundry Appliances>Washing Machines,"Appliance Dealers Cooperative, Washing Machine, MVWP586GW",WASHING MACHINE MVWP586GW,"Appliance Dealers Cooperative, MVWP586GW, Washing Machine",Appliance Dealers Cooperative Washing Machine Model MVWP586GW. ,Washing Machine,,,,,,,,,,,,,,,,,,,,,,,,,,,Washing Machine,Size,,,Material,,,,,,,,,,,,,,,,,,,,,,,,,,,,,,,,,,,,,,,,,,,,,,,,,,,,,,,,,,,,,,,,,,,,,,,,,,,,,,,,,,,,,,,,,,,,,,,,,,,,,,,,,,,,,,,,,,,,,,,,,,,,,,,,,,,,,,,,,,,,,,,,,,,,,,,,,,,,,,,,,,,,,,,,,,,,,,,,,,,,,,,,,,,,,,,,,
,,,,,,,Appliances,Large Appliances,Washing Machines,,TV2000WN,TV2000WN SQ Elect Washer,,,,Appliance Dealers Cooperative (APPDE),Appliance Dealers Cooperative,Appliance Dealers Cooperative,,TV2000WN,,Appliances & Consumer Electronics>Laundry Appliances>Washing Machines,"Appliance Dealers Cooperative, Washing Machine, TV2000WN",WASHING MACHINE TV2000WN,"Appliance Dealers Cooperative, TV2000WN, Washing Machine",Appliance Dealers Cooperative Washing Machine Model TV2000WN. ,Washing Machine,,,,,,,,,,,,,,,,,,,,,,,,,,,Washing Machine,Size,,,Material,,,,,,,,,,,,,,,,,,,,,,,,,,,,,,,,,,,,,,,,,,,,,,,,,,,,,,,,,,,,,,,,,,,,,,,,,,,,,,,,,,,,,,,,,,,,,,,,,,,,,,,,,,,,,,,,,,,,,,,,,,,,,,,,,,,,,,,,,,,,,,,,,,,,,,,,,,,,,,,,,,,,,,,,,,,,,,,,,,,,,,,,,,,,,,,,,
,,,,,,,Appliances,Large Appliances,Washing Machines,,TC5003BN,TC5003BN SQ Washer Bk,,,,Appliance Dealers Cooperative (APPDE),Appliance Dealers Cooperative,Appliance Dealers Cooperative,,TC5003BN,,Appliances & Consumer Electronics>Laundry Appliances>Washing Machines,"Appliance Dealers Cooperative, Washing Machine, TC5003BN",WASHING MACHINE TC5003BN,"Appliance Dealers Cooperative, TC5003BN, Washing Machine",Appliance Dealers Cooperative Washing Machine Model TC5003BN. ,Washing Machine,,,,,,,,,,,,,,,,,,,,,,,,,,,Washing Machine,Size,,,Material,,,,,,,,,,,,,,,,,,,,,,,,,,,,,,,,,,,,,,,,,,,,,,,,,,,,,,,,,,,,,,,,,,,,,,,,,,,,,,,,,,,,,,,,,,,,,,,,,,,,,,,,,,,,,,,,,,,,,,,,,,,,,,,,,,,,,,,,,,,,,,,,,,,,,,,,,,,,,,,,,,,,,,,,,,,,,,,,,,,,,,,,,,,,,,,,,
,,,,,,,Appliances,Large Appliances,Washing Machines,,TR7006WN,TR7006WN Speed Queen Washer Wh,,,,Appliance Dealers Cooperative (APPDE),Alliance Laundry Systems LLC,Speed Queen®,,TR7006WN,,Appliances & Consumer Electronics>Laundry Appliances>Washing Machines,"Alliance Laundry Systems LLC, Speed Queen, Washing Machine, TR7006WN",WASHING MACHINE TR7006WN,"Speed Queen®, TR7006WN, Washing Machine",Speed Queen® Washing Machine Model TR7006WN. ,Washing Machine,,,,,,,,,,,,,,,,,,,,,,,,,,,Washing Machine,Size,,,Material,,,,,,,,,,,,,,,,,,,,,,,,,,,,,,,,,,,,,,,,,,,,,,,,,,,,,,,,,,,,,,,,,,,,,,,,,,,,,,,,,,,,,,,,,,,,,,,,,,,,,,,,,,,,,,,,,,,,,,,,,,,,,,,,,,,,,,,,,,,,,,,,,,,,,,,,,,,,,,,,,,,,,,,,,,,,,,,,,,,,,,,,,,,,,,,,,
,,,,,,,Appliances,Large Appliances,Washing Machines,,TR7006BN,TR7006BN Speed Queen Washer Bk,,,,Appliance Dealers Cooperative (APPDE),Alliance Laundry Systems LLC,Speed Queen®,,TR7006BN,,Appliances & Consumer Electronics>Laundry Appliances>Washing Machines,"Alliance Laundry Systems LLC, Speed Queen, Washing Machine, TR7006BN",WASHING MACHINE TR7006BN,"Speed Queen®, TR7006BN, Washing Machine",Speed Queen® Washing Machine Model TR7006BN. ,Washing Machine,,,,,,,,,,,,,,,,,,,,,,,,,,,Washing Machine,Size,,,Material,,,,,,,,,,,,,,,,,,,,,,,,,,,,,,,,,,,,,,,,,,,,,,,,,,,,,,,,,,,,,,,,,,,,,,,,,,,,,,,,,,,,,,,,,,,,,,,,,,,,,,,,,,,,,,,,,,,,,,,,,,,,,,,,,,,,,,,,,,,,,,,,,,,,,,,,,,,,,,,,,,,,,,,,,,,,,,,,,,,,,,,,,,,,,,,,,
,,,,,,,Appliances,Large Appliances,Washing Machines,,TR5006WN,TR5006WN Speed Queen Washer Wh,,,,Appliance Dealers Cooperative (APPDE),Alliance Laundry Systems LLC,Speed Queen®,,TR5006WN,,Appliances & Consumer Electronics>Laundry Appliances>Washing Machines,"Alliance Laundry Systems LLC, Speed Queen, Washing Machine, TR5006WN",WASHING MACHINE TR5006WN,"Speed Queen®, TR5006WN, Washing Machine",Speed Queen® Washing Machine Model TR5006WN. ,Washing Machine,,,,,,,,,,,,,,,,,,,,,,,,,,,Washing Machine,Size,,,Material,,,,,,,,,,,,,,,,,,,,,,,,,,,,,,,,,,,,,,,,,,,,,,,,,,,,,,,,,,,,,,,,,,,,,,,,,,,,,,,,,,,,,,,,,,,,,,,,,,,,,,,,,,,,,,,,,,,,,,,,,,,,,,,,,,,,,,,,,,,,,,,,,,,,,,,,,,,,,,,,,,,,,,,,,,,,,,,,,,,,,,,,,,,,,,,,,
,,,,,,,Hardware,General Hardware,Hardware Accessories,,05134545001,9516 Kneeling Pad& Bttl Opener,,,,Wera Tools NA Inc (WERTO),Wera Tools NA Inc.,Wera®,,05134545001,,Industrial & Commercial Supplies>Hardware>General Hardware,"Wera Tools NA Inc., Wera, Industrial Hardware, 05134545001",INDUSTRIAL HARDWARE 05134545001,"Wera®, 05134545001, Industrial Hardware",Wera® Industrial Hardware Model 05134545001. ,Industrial Hardware,,,,,,,,,,,,,,,,,,,,,,,,,,,Industrial Hardware,Size,,,Material,,,,,,,,,,,,,,,,,,,,,,,,,,,,,,,,,,,,,,,,,,,,,,,,,,,,,,,,,,,,,,,,,,,,,,,,,,,,,,,,,,,,,,,,,,,,,,,,,,,,,,,,,,,,,,,,,,,,,,,,,,,,,,,,,,,,,,,,,,,,,,,,,,,,,,,,,,,,,,,,,,,,,,,,,,,,,,,,,,,,,,,,,,,,,,,,,
,,,,,,,Hardware,General Hardware,Hardware Accessories,,LNL65301,LNL65301 Digital Tire Pressure - Inflator Gauge,,,,,Generic Manufacturer,Generic Manufacturer,,LNL65301,,Industrial & Commercial Supplies>Hardware>General Hardware,"Generic Manufacturer, Industrial Hardware, LNL65301",INDUSTRIAL HARDWARE LNL65301,"Generic Manufacturer, LNL65301, Industrial Hardware",Generic Manufacturer Industrial Hardware Model LNL65301. ,Industrial Hardware,,,,,,,,,,,,,,,,,,,,,,,,,,,Industrial Hardware,Size,,,Material,,,,,,,,,,,,,,,,,,,,,,,,,,,,,,,,,,,,,,,,,,,,,,,,,,,,,,,,,,,,,,,,,,,,,,,,,,,,,,,,,,,,,,,,,,,,,,,,,,,,,,,,,,,,,,,,,,,,,,,,,,,,,,,,,,,,,,,,,,,,,,,,,,,,,,,,,,,,,,,,,,,,,,,,,,,,,,,,,,,,,,,,,,,,,,,,,
,,,,,,,Hardware,General Hardware,Hardware Accessories,,25-A,Charcoal Black 25-A Mortar - Type N,,,,Rees Cast Stone Company (REECA),Rees Cast Stone Company,Rees®,,25-A,,Industrial & Commercial Supplies>Hardware>General Hardware,"Rees Cast Stone Company, Rees, Industrial Hardware, 25-A",INDUSTRIAL HARDWARE 25-A,"Rees®, 25-A, Industrial Hardware",Rees® Industrial Hardware Model 25-A. ,Industrial Hardware,,,,,,,,,,,,,,,,,,,,,,,,,,,Industrial Hardware,Size,,,Material,,,,,,,,,,,,,,,,,,,,,,,,,,,,,,,,,,,,,,,,,,,,,,,,,,,,,,,,,,,,,,,,,,,,,,,,,,,,,,,,,,,,,,,,,,,,,,,,,,,,,,,,,,,,,,,,,,,,,,,,,,,,,,,,,,,,,,,,,,,,,,,,,,,,,,,,,,,,,,,,,,,,,,,,,,,,,,,,,,,,,,,,,,,,,,,,,
,,,,,,,Hardware,General Hardware,Hardware Accessories,,38-E,Dark Chocolate 38-E Mortar - Type N,,,,Rees Cast Stone Company (REECA),Rees Cast Stone Company,Rees®,,38-E,,Industrial & Commercial Supplies>Hardware>General Hardware,"Rees Cast Stone Company, Rees, Industrial Hardware, 38-E",INDUSTRIAL HARDWARE 38-E,"Rees®, 38-E, Industrial Hardware",Rees® Industrial Hardware Model 38-E. ,Industrial Hardware,,,,,,,,,,,,,,,,,,,,,,,,,,,Industrial Hardware,Size,,,Material,,,,,,,,,,,,,,,,,,,,,,,,,,,,,,,,,,,,,,,,,,,,,,,,,,,,,,,,,,,,,,,,,,,,,,,,,,,,,,,,,,,,,,,,,,,,,,,,,,,,,,,,,,,,,,,,,,,,,,,,,,,,,,,,,,,,,,,,,,,,,,,,,,,,,,,,,,,,,,,,,,,,,,,,,,,,,,,,,,,,,,,,,,,,,,,,,
,,,,,,,Hardware,General Hardware,Hardware Accessories,,59-J,Light Buff 59-J Mortar - Type N,,,,Rees Cast Stone Company (REECA),Rees Cast Stone Company,Rees®,,59-J,,Industrial & Commercial Supplies>Hardware>General Hardware,"Rees Cast Stone Company, Rees, Industrial Hardware, 59-J",INDUSTRIAL HARDWARE 59-J,"Rees®, 59-J, Industrial Hardware",Rees® Industrial Hardware Model 59-J. ,Industrial Hardware,,,,,,,,,,,,,,,,,,,,,,,,,,,Industrial Hardware,Size,,,Material,,,,,,,,,,,,,,,,,,,,,,,,,,,,,,,,,,,,,,,,,,,,,,,,,,,,,,,,,,,,,,,,,,,,,,,,,,,,,,,,,,,,,,,,,,,,,,,,,,,,,,,,,,,,,,,,,,,,,,,,,,,,,,,,,,,,,,,,,,,,,,,,,,,,,,,,,,,,,,,,,,,,,,,,,,,,,,,,,,,,,,,,,,,,,,,,,
,,,,,,,Hardware,General Hardware,Hardware Accessories,,44-A,Light Chocolate 44-A Mortar - Type N,,,,Rees Cast Stone Company (REECA),Rees Cast Stone Company,Rees®,,44-A,,Industrial & Commercial Supplies>Hardware>General Hardware,"Rees Cast Stone Company, Rees, Industrial Hardware, 44-A",INDUSTRIAL HARDWARE 44-A,"Rees®, 44-A, Industrial Hardware",Rees® Industrial Hardware Model 44-A. ,Industrial Hardware,,,,,,,,,,,,,,,,,,,,,,,,,,,Industrial Hardware,Size,,,Material,,,,,,,,,,,,,,,,,,,,,,,,,,,,,,,,,,,,,,,,,,,,,,,,,,,,,,,,,,,,,,,,,,,,,,,,,,,,,,,,,,,,,,,,,,,,,,,,,,,,,,,,,,,,,,,,,,,,,,,,,,,,,,,,,,,,,,,,,,,,,,,,,,,,,,,,,,,,,,,,,,,,,,,,,,,,,,,,,,,,,,,,,,,,,,,,,
,,,,,,,Hardware,General Hardware,Hardware Accessories,,543302126,6' Wh Select T-Rail Kit Horiz - w/Sq Composite Balusters,TREX,,,U S Lumber (3073),U S Lumber,U S Lumber,,543302126,,Industrial & Commercial Supplies>Hardware>General Hardware,"U S Lumber, Industrial Hardware, 543302126",INDUSTRIAL HARDWARE 543302126,"U S Lumber, 543302126, Industrial Hardware",U S Lumber Industrial Hardware Model 543302126. ,Industrial Hardware,,,,,,,,,,,,,,,,,,,,,,,,,,,Industrial Hardware,Size,,,Material,,,,,,,,,,,,,,,,,,,,,,,,,,,,,,,,,,,,,,,,,,,,,,,,,,,,,,,,,,,,,,,,,,,,,,,,,,,,,,,,,,,,,,,,,,,,,,,,,,,,,,,,,,,,,,,,,,,,,,,,,,,,,,,,,,,,,,,,,,,,,,,,,,,,,,,,,,,,,,,,,,,,,,,,,,,,,,,,,,,,,,,,,,,,,,,,,
,,,,,,,Hardware,General Hardware,Hardware Accessories,,543302146,8' Wh Select T-Rail Kit Horiz - w/Sq Composite Balusters,TREX,,,U S Lumber (3073),U S Lumber,U S Lumber,,543302146,,Industrial & Commercial Supplies>Hardware>General Hardware,"U S Lumber, Industrial Hardware, 543302146",INDUSTRIAL HARDWARE 543302146,"U S Lumber, 543302146, Industrial Hardware",U S Lumber Industrial Hardware Model 543302146. ,Industrial Hardware,,,,,,,,,,,,,,,,,,,,,,,,,,,Industrial Hardware,Size,,,Material,,,,,,,,,,,,,,,,,,,,,,,,,,,,,,,,,,,,,,,,,,,,,,,,,,,,,,,,,,,,,,,,,,,,,,,,,,,,,,,,,,,,,,,,,,,,,,,,,,,,,,,,,,,,,,,,,,,,,,,,,,,,,,,,,,,,,,,,,,,,,,,,,,,,,,,,,,,,,,,,,,,,,,,,,,,,,,,,,,,,,,,,,,,,,,,,,
,,,,,,,Hardware,General Hardware,Hardware Accessories,,73019603,Finyline Wh 6' Fl Rail Kit Sq,,,,,Generic Manufacturer,Generic Manufacturer,,73019603,,Industrial & Commercial Supplies>Hardware>General Hardware,"Generic Manufacturer, Industrial Hardware, 73019603",INDUSTRIAL HARDWARE 73019603,"Generic Manufacturer, 73019603, Industrial Hardware",Generic Manufacturer Industrial Hardware Model 73019603. ,Industrial Hardware,,,,,,,,,,,,,,,,,,,,,,,,,,,Industrial Hardware,Size,,,Material,,,,,,,,,,,,,,,,,,,,,,,,,,,,,,,,,,,,,,,,,,,,,,,,,,,,,,,,,,,,,,,,,,,,,,,,,,,,,,,,,,,,,,,,,,,,,,,,,,,,,,,,,,,,,,,,,,,,,,,,,,,,,,,,,,,,,,,,,,,,,,,,,,,,,,,,,,,,,,,,,,,,,,,,,,,,,,,,,,,,,,,,,,,,,,,,,
,,,,,,,Hardware,General Hardware,Hardware Accessories,,73019652,Finyline Wh 8' Fl Rail Kit Sq,,,,,Generic Manufacturer,Generic Manufacturer,,73019652,,Industrial & Commercial Supplies>Hardware>General Hardware,"Generic Manufacturer, Industrial Hardware, 73019652",INDUSTRIAL HARDWARE 73019652,"Generic Manufacturer, 73019652, Industrial Hardware",Generic Manufacturer Industrial Hardware Model 73019652. ,Industrial Hardware,,,,,,,,,,,,,,,,,,,,,,,,,,,Industrial Hardware,Size,,,Material,,,,,,,,,,,,,,,,,,,,,,,,,,,,,,,,,,,,,,,,,,,,,,,,,,,,,,,,,,,,,,,,,,,,,,,,,,,,,,,,,,,,,,,,,,,,,,,,,,,,,,,,,,,,,,,,,,,,,,,,,,,,,,,,,,,,,,,,,,,,,,,,,,,,,,,,,,,,,,,,,,,,,,,,,,,,,,,,,,,,,,,,,,,,,,,,,
,,,,,,,Hardware,General Hardware,Hardware Accessories,,73019517,Finyline Wh 10' Fl Rail Kit Sq,,,,,Generic Manufacturer,Generic Manufacturer,,73019517,,Industrial & Commercial Supplies>Hardware>General Hardware,"Generic Manufacturer, Industrial Hardware, 73019517",INDUSTRIAL HARDWARE 73019517,"Generic Manufacturer, 73019517, Industrial Hardware",Generic Manufacturer Industrial Hardware Model 73019517. ,Industrial Hardware,,,,,,,,,,,,,,,,,,,,,,,,,,,Industrial Hardware,Size,,,Material,,,,,,,,,,,,,,,,,,,,,,,,,,,,,,,,,,,,,,,,,,,,,,,,,,,,,,,,,,,,,,,,,,,,,,,,,,,,,,,,,,,,,,,,,,,,,,,,,,,,,,,,,,,,,,,,,,,,,,,,,,,,,,,,,,,,,,,,,,,,,,,,,,,,,,,,,,,,,,,,,,,,,,,,,,,,,,,,,,,,,,,,,,,,,,,,,
,,,,,,,Hardware,General Hardware,Hardware Accessories,,73019602,Finyline Wh 6' Fl Rail Kit Rd - w/Black Alum Balusters,,,,,Generic Manufacturer,Generic Manufacturer,,73019602,,Industrial & Commercial Supplies>Hardware>General Hardware,"Generic Manufacturer, Industrial Hardware, 73019602",INDUSTRIAL HARDWARE 73019602,"Generic Manufacturer, 73019602, Industrial Hardware",Generic Manufacturer Industrial Hardware Model 73019602. ,Industrial Hardware,,,,,,,,,,,,,,,,,,,,,,,,,,,Industrial Hardware,Size,,,Material,,,,,,,,,,,,,,,,,,,,,,,,,,,,,,,,,,,,,,,,,,,,,,,,,,,,,,,,,,,,,,,,,,,,,,,,,,,,,,,,,,,,,,,,,,,,,,,,,,,,,,,,,,,,,,,,,,,,,,,,,,,,,,,,,,,,,,,,,,,,,,,,,,,,,,,,,,,,,,,,,,,,,,,,,,,,,,,,,,,,,,,,,,,,,,,,,
,,,,,,,Hardware,General Hardware,Hardware Accessories,,73019651,Finyline Wh 8' Fl Rail Kit Rd - w/Black Alum Balusters,,,,,Generic Manufacturer,Generic Manufacturer,,73019651,,Industrial & Commercial Supplies>Hardware>General Hardware,"Generic Manufacturer, Industrial Hardware, 73019651",INDUSTRIAL HARDWARE 73019651,"Generic Manufacturer, 73019651, Industrial Hardware",Generic Manufacturer Industrial Hardware Model 73019651. ,Industrial Hardware,,,,,,,,,,,,,,,,,,,,,,,,,,,Industrial Hardware,Size,,,Material,,,,,,,,,,,,,,,,,,,,,,,,,,,,,,,,,,,,,,,,,,,,,,,,,,,,,,,,,,,,,,,,,,,,,,,,,,,,,,,,,,,,,,,,,,,,,,,,,,,,,,,,,,,,,,,,,,,,,,,,,,,,,,,,,,,,,,,,,,,,,,,,,,,,,,,,,,,,,,,,,,,,,,,,,,,,,,,,,,,,,,,,,,,,,,,,,
,,,,,,,Hardware,General Hardware,Hardware Accessories,,73019516,Finyline Wh 10' Fl Rail Kit Rd - w/Black Alum Balusters,,,,,Generic Manufacturer,Generic Manufacturer,,73019516,,Industrial & Commercial Supplies>Hardware>General Hardware,"Generic Manufacturer, Industrial Hardware, 73019516",INDUSTRIAL HARDWARE 73019516,"Generic Manufacturer, 73019516, Industrial Hardware",Generic Manufacturer Industrial Hardware Model 73019516. ,Industrial Hardware,,,,,,,,,,,,,,,,,,,,,,,,,,,Industrial Hardware,Size,,,Material,,,,,,,,,,,,,,,,,,,,,,,,,,,,,,,,,,,,,,,,,,,,,,,,,,,,,,,,,,,,,,,,,,,,,,,,,,,,,,,,,,,,,,,,,,,,,,,,,,,,,,,,,,,,,,,,,,,,,,,,,,,,,,,,,,,,,,,,,,,,,,,,,,,,,,,,,,,,,,,,,,,,,,,,,,,,,,,,,,,,,,,,,,,,,,,,,
,,,,,,,Hardware,General Hardware,Hardware Accessories,,543300256,6' Black Select Classic Horiz - Rail w/Rnd Black Alum Baluster,TREX,,,Boise Cascade Building Materials (BOICA),Boise Cascade Building Materials,Boise Cascade Building Materials,,543300256,,Industrial & Commercial Supplies>Hardware>General Hardware,"Boise Cascade Building Materials, Industrial Hardware, 543300256",INDUSTRIAL HARDWARE 543300256,"Boise Cascade Building Materials, 543300256, Industrial Hardware",Boise Cascade Building Materials Industrial Hardware Model 543300256. ,Industrial Hardware,,,,,,,,,,,,,,,,,,,,,,,,,,,Industrial Hardware,Size,,,Material,,,,,,,,,,,,,,,,,,,,,,,,,,,,,,,,,,,,,,,,,,,,,,,,,,,,,,,,,,,,,,,,,,,,,,,,,,,,,,,,,,,,,,,,,,,,,,,,,,,,,,,,,,,,,,,,,,,,,,,,,,,,,,,,,,,,,,,,,,,,,,,,,,,,,,,,,,,,,,,,,,,,,,,,,,,,,,,,,,,,,,,,,,,,,,,,,
,,,,,,,Hardware,General Hardware,Hardware Accessories,,543300276,8' Black Select Classic Horiz - Rail w/Rnd Black Alum Baluster,TREX,,,Boise Cascade Building Materials (BOICA),Boise Cascade Building Materials,Boise Cascade Building Materials,,543300276,,Industrial & Commercial Supplies>Hardware>General Hardware,"Boise Cascade Building Materials, Industrial Hardware, 543300276",INDUSTRIAL HARDWARE 543300276,"Boise Cascade Building Materials, 543300276, Industrial Hardware",Boise Cascade Building Materials Industrial Hardware Model 543300276. ,Industrial Hardware,,,,,,,,,,,,,,,,,,,,,,,,,,,Industrial Hardware,Size,,,Material,,,,,,,,,,,,,,,,,,,,,,,,,,,,,,,,,,,,,,,,,,,,,,,,,,,,,,,,,,,,,,,,,,,,,,,,,,,,,,,,,,,,,,,,,,,,,,,,,,,,,,,,,,,,,,,,,,,,,,,,,,,,,,,,,,,,,,,,,,,,,,,,,,,,,,,,,,,,,,,,,,,,,,,,,,,,,,,,,,,,,,,,,,,,,,,,,
,,,,,,,Hardware,General Hardware,Hardware Accessories,,73045028,Custom Finyline Wh Gate Sq Bal,,,,,Generic Manufacturer,Generic Manufacturer,,73045028,,Industrial & Commercial Supplies>Hardware>General Hardware,"Generic Manufacturer, Industrial Hardware, 73045028",INDUSTRIAL HARDWARE 73045028,"Generic Manufacturer, 73045028, Industrial Hardware",Generic Manufacturer Industrial Hardware Model 73045028. ,Industrial Hardware,,,,,,,,,,,,,,,,,,,,,,,,,,,Industrial Hardware,Size,,,Material,,,,,,,,,,,,,,,,,,,,,,,,,,,,,,,,,,,,,,,,,,,,,,,,,,,,,,,,,,,,,,,,,,,,,,,,,,,,,,,,,,,,,,,,,,,,,,,,,,,,,,,,,,,,,,,,,,,,,,,,,,,,,,,,,,,,,,,,,,,,,,,,,,,,,,,,,,,,,,,,,,,,,,,,,,,,,,,,,,,,,,,,,,,,,,,,,
,,,,,,,Hardware,General Hardware,Hardware Accessories,,73045031,Custom Finyline Wh Gate Rd - w/Black Alum Balusters,,,,,Generic Manufacturer,Generic Manufacturer,,73045031,,Industrial & Commercial Supplies>Hardware>General Hardware,"Generic Manufacturer, Industrial Hardware, 73045031",INDUSTRIAL HARDWARE 73045031,"Generic Manufacturer, 73045031, Industrial Hardware",Generic Manufacturer Industrial Hardware Model 73045031. ,Industrial Hardware,,,,,,,,,,,,,,,,,,,,,,,,,,,Industrial Hardware,Size,,,Material,,,,,,,,,,,,,,,,,,,,,,,,,,,,,,,,,,,,,,,,,,,,,,,,,,,,,,,,,,,,,,,,,,,,,,,,,,,,,,,,,,,,,,,,,,,,,,,,,,,,,,,,,,,,,,,,,,,,,,,,,,,,,,,,,,,,,,,,,,,,,,,,,,,,,,,,,,,,,,,,,,,,,,,,,,,,,,,,,,,,,,,,,,,,,,,,,
,,,,,,,Hardware,General Hardware,Hardware Accessories,,543340126,"6'x36"" Select Alm w/Sq Bal Hor - Assembled Black Rail Panel",TREX,,,Boise Cascade Building Materials (BOICA),Boise Cascade Building Materials,Boise Cascade Building Materials,,543340126,,Industrial & Commercial Supplies>Hardware>General Hardware,"Boise Cascade Building Materials, Industrial Hardware, 543340126",INDUSTRIAL HARDWARE 543340126,"Boise Cascade Building Materials, 543340126, Industrial Hardware",Boise Cascade Building Materials Industrial Hardware Model 543340126. ,Industrial Hardware,,,,,,,,,,,,,,,,,,,,,,,,,,,Industrial Hardware,Size,,,Material,,,,,,,,,,,,,,,,,,,,,,,,,,,,,,,,,,,,,,,,,,,,,,,,,,,,,,,,,,,,,,,,,,,,,,,,,,,,,,,,,,,,,,,,,,,,,,,,,,,,,,,,,,,,,,,,,,,,,,,,,,,,,,,,,,,,,,,,,,,,,,,,,,,,,,,,,,,,,,,,,,,,,,,,,,,,,,,,,,,,,,,,,,,,,,,,,
,,,,,,,Hardware,General Hardware,Hardware Accessories,,543340127,"6'x36"" Select Alm w/Sq Bal Str - Assembled Black Rail Panel",TREX,,,Boise Cascade Building Materials (BOICA),Boise Cascade Building Materials,Boise Cascade Building Materials,,543340127,,Industrial & Commercial Supplies>Hardware>General Hardware,"Boise Cascade Building Materials, Industrial Hardware, 543340127",INDUSTRIAL HARDWARE 543340127,"Boise Cascade Building Materials, 543340127, Industrial Hardware",Boise Cascade Building Materials Industrial Hardware Model 543340127. ,Industrial Hardware,,,,,,,,,,,,,,,,,,,,,,,,,,,Industrial Hardware,Size,,,Material,,,,,,,,,,,,,,,,,,,,,,,,,,,,,,,,,,,,,,,,,,,,,,,,,,,,,,,,,,,,,,,,,,,,,,,,,,,,,,,,,,,,,,,,,,,,,,,,,,,,,,,,,,,,,,,,,,,,,,,,,,,,,,,,,,,,,,,,,,,,,,,,,,,,,,,,,,,,,,,,,,,,,,,,,,,,,,,,,,,,,,,,,,,,,,,,,
,,,,,,,Hardware,General Hardware,Hardware Accessories,,543340146,"8'x36"" Select Alm w/Sq Bal Hor - Assembled Black Rail Panel",TREX,,,Boise Cascade Building Materials (BOICA),Boise Cascade Building Materials,Boise Cascade Building Materials,,543340146,,Industrial & Commercial Supplies>Hardware>General Hardware,"Boise Cascade Building Materials, Industrial Hardware, 543340146",INDUSTRIAL HARDWARE 543340146,"Boise Cascade Building Materials, 543340146, Industrial Hardware",Boise Cascade Building Materials Industrial Hardware Model 543340146. ,Industrial Hardware,,,,,,,,,,,,,,,,,,,,,,,,,,,Industrial Hardware,Size,,,Material,,,,,,,,,,,,,,,,,,,,,,,,,,,,,,,,,,,,,,,,,,,,,,,,,,,,,,,,,,,,,,,,,,,,,,,,,,,,,,,,,,,,,,,,,,,,,,,,,,,,,,,,,,,,,,,,,,,,,,,,,,,,,,,,,,,,,,,,,,,,,,,,,,,,,,,,,,,,,,,,,,,,,,,,,,,,,,,,,,,,,,,,,,,,,,,,,
,,,,,,,Hardware,General Hardware,Hardware Accessories,,543340147,"8'x36"" Select Alm w/Sq Bal Str - Assembled Black Rail Panel",TREX,,,Boise Cascade Building Materials (BOICA),Boise Cascade Building Materials,Boise Cascade Building Materials,,543340147,,Industrial & Commercial Supplies>Hardware>General Hardware,"Boise Cascade Building Materials, Industrial Hardware, 543340147",INDUSTRIAL HARDWARE 543340147,"Boise Cascade Building Materials, 543340147, Industrial Hardware",Boise Cascade Building Materials Industrial Hardware Model 543340147. ,Industrial Hardware,,,,,,,,,,,,,,,,,,,,,,,,,,,Industrial Hardware,Size,,,Material,,,,,,,,,,,,,,,,,,,,,,,,,,,,,,,,,,,,,,,,,,,,,,,,,,,,,,,,,,,,,,,,,,,,,,,,,,,,,,,,,,,,,,,,,,,,,,,,,,,,,,,,,,,,,,,,,,,,,,,,,,,,,,,,,,,,,,,,,,,,,,,,,,,,,,,,,,,,,,,,,,,,,,,,,,,,,,,,,,,,,,,,,,,,,,,,,
,,,,,,,Hardware,General Hardware,Hardware Accessories,,ADB15516CS,1x6-16' Coastline Sq Edge - Vintage Azek PVC Decking,TIMBERTECH,,,Parksite (6151),Parksite,Parksite,,ADB15516CS,,Industrial & Commercial Supplies>Hardware>General Hardware,"Parksite, Industrial Hardware, ADB15516CS",INDUSTRIAL HARDWARE ADB15516CS,"Parksite, ADB15516CS, Industrial Hardware",Parksite Industrial Hardware Model ADB15516CS. ,Industrial Hardware,,,,,,,,,,,,,,,,,,,,,,,,,,,Industrial Hardware,Size,,,Material,,,,,,,,,,,,,,,,,,,,,,,,,,,,,,,,,,,,,,,,,,,,,,,,,,,,,,,,,,,,,,,,,,,,,,,,,,,,,,,,,,,,,,,,,,,,,,,,,,,,,,,,,,,,,,,,,,,,,,,,,,,,,,,,,,,,,,,,,,,,,,,,,,,,,,,,,,,,,,,,,,,,,,,,,,,,,,,,,,,,,,,,,,,,,,,,,
,,,,,,,Hardware,General Hardware,Hardware Accessories,,ADB15520CS,1x6-20' Coastline Sq Edge - Vintage Azek PVC Decking,TIMBERTECH,,,Parksite (6151),Parksite,Parksite,,ADB15520CS,,Industrial & Commercial Supplies>Hardware>General Hardware,"Parksite, Industrial Hardware, ADB15520CS",INDUSTRIAL HARDWARE ADB15520CS,"Parksite, ADB15520CS, Industrial Hardware",Parksite Industrial Hardware Model ADB15520CS. ,Industrial Hardware,,,,,,,,,,,,,,,,,,,,,,,,,,,Industrial Hardware,Size,,,Material,,,,,,,,,,,,,,,,,,,,,,,,,,,,,,,,,,,,,,,,,,,,,,,,,,,,,,,,,,,,,,,,,,,,,,,,,,,,,,,,,,,,,,,,,,,,,,,,,,,,,,,,,,,,,,,,,,,,,,,,,,,,,,,,,,,,,,,,,,,,,,,,,,,,,,,,,,,,,,,,,,,,,,,,,,,,,,,,,,,,,,,,,,,,,,,,,
,,,,,,,Hardware,General Hardware,Hardware Accessories,,ADB15516EW,1x6-16' English Walnut Sq Edge - Vintage Azek PVC Decking,TIMBERTECH,,,Parksite (6151),Parksite,Parksite,,ADB15516EW,,Industrial & Commercial Supplies>Hardware>General Hardware,"Parksite, Industrial Hardware, ADB15516EW",INDUSTRIAL HARDWARE ADB15516EW,"Parksite, ADB15516EW, Industrial Hardware",Parksite Industrial Hardware Model ADB15516EW. ,Industrial Hardware,,,,,,,,,,,,,,,,,,,,,,,,,,,Industrial Hardware,Size,,,Material,,,,,,,,,,,,,,,,,,,,,,,,,,,,,,,,,,,,,,,,,,,,,,,,,,,,,,,,,,,,,,,,,,,,,,,,,,,,,,,,,,,,,,,,,,,,,,,,,,,,,,,,,,,,,,,,,,,,,,,,,,,,,,,,,,,,,,,,,,,,,,,,,,,,,,,,,,,,,,,,,,,,,,,,,,,,,,,,,,,,,,,,,,,,,,,,,
,,,,,,,Hardware,General Hardware,Hardware Accessories,,ADB15520EW,1x6-20' English Walnut Sq Edge - Vintage Azek PVC Decking,TIMBERTECH,,,Parksite (6151),Parksite,Parksite,,ADB15520EW,,Industrial & Commercial Supplies>Hardware>General Hardware,"Parksite, Industrial Hardware, ADB15520EW",INDUSTRIAL HARDWARE ADB15520EW,"Parksite, ADB15520EW, Industrial Hardware",Parksite Industrial Hardware Model ADB15520EW. ,Industrial Hardware,,,,,,,,,,,,,,,,,,,,,,,,,,,Industrial Hardware,Size,,,Material,,,,,,,,,,,,,,,,,,,,,,,,,,,,,,,,,,,,,,,,,,,,,,,,,,,,,,,,,,,,,,,,,,,,,,,,,,,,,,,,,,,,,,,,,,,,,,,,,,,,,,,,,,,,,,,,,,,,,,,,,,,,,,,,,,,,,,,,,,,,,,,,,,,,,,,,,,,,,,,,,,,,,,,,,,,,,,,,,,,,,,,,,,,,,,,,,
,,,,,,,Hardware,General Hardware,Hardware Accessories,,ADB15516MH,1x6-16' Mahogany Sq Edge - Vintage Azek PVC Decking,TIMBERTECH,,,Parksite (6151),Parksite,Parksite,,ADB15516MH,,Industrial & Commercial Supplies>Hardware>General Hardware,"Parksite, Industrial Hardware, ADB15516MH",INDUSTRIAL HARDWARE ADB15516MH,"Parksite, ADB15516MH, Industrial Hardware",Parksite Industrial Hardware Model ADB15516MH. ,Industrial Hardware,,,,,,,,,,,,,,,,,,,,,,,,,,,Industrial Hardware,Size,,,Material,,,,,,,,,,,,,,,,,,,,,,,,,,,,,,,,,,,,,,,,,,,,,,,,,,,,,,,,,,,,,,,,,,,,,,,,,,,,,,,,,,,,,,,,,,,,,,,,,,,,,,,,,,,,,,,,,,,,,,,,,,,,,,,,,,,,,,,,,,,,,,,,,,,,,,,,,,,,,,,,,,,,,,,,,,,,,,,,,,,,,,,,,,,,,,,,,
,,,,,,,Hardware,General Hardware,Hardware Accessories,,ADB15520MH,1x6-20' Mahogany Sq Edge - Vintage Azek PVC Decking,TIMBERTECH,,,Parksite (6151),Parksite,Parksite,,ADB15520MH,,Industrial & Commercial Supplies>Hardware>General Hardware,"Parksite, Industrial Hardware, ADB15520MH",INDUSTRIAL HARDWARE ADB15520MH,"Parksite, ADB15520MH, Industrial Hardware",Parksite Industrial Hardware Model ADB15520MH. ,Industrial Hardware,,,,,,,,,,,,,,,,,,,,,,,,,,,Industrial Hardware,Size,,,Material,,,,,,,,,,,,,,,,,,,,,,,,,,,,,,,,,,,,,,,,,,,,,,,,,,,,,,,,,,,,,,,,,,,,,,,,,,,,,,,,,,,,,,,,,,,,,,,,,,,,,,,,,,,,,,,,,,,,,,,,,,,,,,,,,,,,,,,,,,,,,,,,,,,,,,,,,,,,,,,,,,,,,,,,,,,,,,,,,,,,,,,,,,,,,,,,,
,,,,,,,Hardware,General Hardware,Hardware Accessories,,ADB15516WT,1x6-16' Weathered Teak Sq Edge - Vintage Azek PVC Decking,TIMBERTECH,,,Parksite (6151),Parksite,Parksite,,ADB15516WT,,Industrial & Commercial Supplies>Hardware>General Hardware,"Parksite, Industrial Hardware, ADB15516WT",INDUSTRIAL HARDWARE ADB15516WT,"Parksite, ADB15516WT, Industrial Hardware",Parksite Industrial Hardware Model ADB15516WT. ,Industrial Hardware,,,,,,,,,,,,,,,,,,,,,,,,,,,Industrial Hardware,Size,,,Material,,,,,,,,,,,,,,,,,,,,,,,,,,,,,,,,,,,,,,,,,,,,,,,,,,,,,,,,,,,,,,,,,,,,,,,,,,,,,,,,,,,,,,,,,,,,,,,,,,,,,,,,,,,,,,,,,,,,,,,,,,,,,,,,,,,,,,,,,,,,,,,,,,,,,,,,,,,,,,,,,,,,,,,,,,,,,,,,,,,,,,,,,,,,,,,,,
,,,,,,,Hardware,General Hardware,Hardware Accessories,,ADB15520WT,1x6-20' Weathered Teak Sq Edge - Vintage Azek PVC Decking,TIMBERTECH,,,Parksite (6151),Parksite,Parksite,,ADB15520WT,,Industrial & Commercial Supplies>Hardware>General Hardware,"Parksite, Industrial Hardware, ADB15520WT",INDUSTRIAL HARDWARE ADB15520WT,"Parksite, ADB15520WT, Industrial Hardware",Parksite Industrial Hardware Model ADB15520WT. ,Industrial Hardware,,,,,,,,,,,,,,,,,,,,,,,,,,,Industrial Hardware,Size,,,Material,,,,,,,,,,,,,,,,,,,,,,,,,,,,,,,,,,,,,,,,,,,,,,,,,,,,,,,,,,,,,,,,,,,,,,,,,,,,,,,,,,,,,,,,,,,,,,,,,,,,,,,,,,,,,,,,,,,,,,,,,,,,,,,,,,,,,,,,,,,,,,,,,,,,,,,,,,,,,,,,,,,,,,,,,,,,,,,,,,,,,,,,,,,,,,,,,
,,,,,,,Hardware,General Hardware,Hardware Accessories,,AGB15512CS,1x6-12' Coastline Grooved - Vintage Azek PVC Decking,TIMBERTECH,,,Parksite (6151),Parksite,Parksite,,AGB15512CS,,Industrial & Commercial Supplies>Hardware>General Hardware,"Parksite, Industrial Hardware, AGB15512CS",INDUSTRIAL HARDWARE AGB15512CS,"Parksite, AGB15512CS, Industrial Hardware",Parksite Industrial Hardware Model AGB15512CS. ,Industrial Hardware,,,,,,,,,,,,,,,,,,,,,,,,,,,Industrial Hardware,Size,,,Material,,,,,,,,,,,,,,,,,,,,,,,,,,,,,,,,,,,,,,,,,,,,,,,,,,,,,,,,,,,,,,,,,,,,,,,,,,,,,,,,,,,,,,,,,,,,,,,,,,,,,,,,,,,,,,,,,,,,,,,,,,,,,,,,,,,,,,,,,,,,,,,,,,,,,,,,,,,,,,,,,,,,,,,,,,,,,,,,,,,,,,,,,,,,,,,,,
,,,,,,,Hardware,General Hardware,Hardware Accessories,,AGB15516CS,1x6-16' Coastline Grooved - Vintage Azek PVC Decking,TIMBERTECH,,,Parksite (6151),Parksite,Parksite,,AGB15516CS,,Industrial & Commercial Supplies>Hardware>General Hardware,"Parksite, Industrial Hardware, AGB15516CS",INDUSTRIAL HARDWARE AGB15516CS,"Parksite, AGB15516CS, Industrial Hardware",Parksite Industrial Hardware Model AGB15516CS. ,Industrial Hardware,,,,,,,,,,,,,,,,,,,,,,,,,,,Industrial Hardware,Size,,,Material,,,,,,,,,,,,,,,,,,,,,,,,,,,,,,,,,,,,,,,,,,,,,,,,,,,,,,,,,,,,,,,,,,,,,,,,,,,,,,,,,,,,,,,,,,,,,,,,,,,,,,,,,,,,,,,,,,,,,,,,,,,,,,,,,,,,,,,,,,,,,,,,,,,,,,,,,,,,,,,,,,,,,,,,,,,,,,,,,,,,,,,,,,,,,,,,,
,,,,,,,Hardware,General Hardware,Hardware Accessories,,AGB15520CS,1x6-20' Coastline Grooved - Vintage Azek PVC Decking,TIMBERTECH,,,Parksite (6151),Parksite,Parksite,,AGB15520CS,,Industrial & Commercial Supplies>Hardware>General Hardware,"Parksite, Industrial Hardware, AGB15520CS",INDUSTRIAL HARDWARE AGB15520CS,"Parksite, AGB15520CS, Industrial Hardware",Parksite Industrial Hardware Model AGB15520CS. ,Industrial Hardware,,,,,,,,,,,,,,,,,,,,,,,,,,,Industrial Hardware,Size,,,Material,,,,,,,,,,,,,,,,,,,,,,,,,,,,,,,,,,,,,,,,,,,,,,,,,,,,,,,,,,,,,,,,,,,,,,,,,,,,,,,,,,,,,,,,,,,,,,,,,,,,,,,,,,,,,,,,,,,,,,,,,,,,,,,,,,,,,,,,,,,,,,,,,,,,,,,,,,,,,,,,,,,,,,,,,,,,,,,,,,,,,,,,,,,,,,,,,
,,,,,,,Hardware,General Hardware,Hardware Accessories,,AGB15512EW,1x6-12' English Walnut Grooved - Vintage Azek PVC Decking,TIMBERTECH,,,Parksite (6151),Parksite,Parksite,,AGB15512EW,,Industrial & Commercial Supplies>Hardware>General Hardware,"Parksite, Industrial Hardware, AGB15512EW",INDUSTRIAL HARDWARE AGB15512EW,"Parksite, AGB15512EW, Industrial Hardware",Parksite Industrial Hardware Model AGB15512EW. ,Industrial Hardware,,,,,,,,,,,,,,,,,,,,,,,,,,,Industrial Hardware,Size,,,Material,,,,,,,,,,,,,,,,,,,,,,,,,,,,,,,,,,,,,,,,,,,,,,,,,,,,,,,,,,,,,,,,,,,,,,,,,,,,,,,,,,,,,,,,,,,,,,,,,,,,,,,,,,,,,,,,,,,,,,,,,,,,,,,,,,,,,,,,,,,,,,,,,,,,,,,,,,,,,,,,,,,,,,,,,,,,,,,,,,,,,,,,,,,,,,,,,
,,,,,,,Hardware,General Hardware,Hardware Accessories,,AGB15516EW,1x6-16' English Walnut Grooved - Vintage Azek PVC Decking,TIMBERTECH,,,Parksite (6151),Parksite,Parksite,,AGB15516EW,,Industrial & Commercial Supplies>Hardware>General Hardware,"Parksite, Industrial Hardware, AGB15516EW",INDUSTRIAL HARDWARE AGB15516EW,"Parksite, AGB15516EW, Industrial Hardware",Parksite Industrial Hardware Model AGB15516EW. ,Industrial Hardware,,,,,,,,,,,,,,,,,,,,,,,,,,,Industrial Hardware,Size,,,Material,,,,,,,,,,,,,,,,,,,,,,,,,,,,,,,,,,,,,,,,,,,,,,,,,,,,,,,,,,,,,,,,,,,,,,,,,,,,,,,,,,,,,,,,,,,,,,,,,,,,,,,,,,,,,,,,,,,,,,,,,,,,,,,,,,,,,,,,,,,,,,,,,,,,,,,,,,,,,,,,,,,,,,,,,,,,,,,,,,,,,,,,,,,,,,,,,
,,,,,,,Hardware,General Hardware,Hardware Accessories,,AGB15520EW,1x6-20' English Walnut Grooved - Vintage Azek PVC Decking,TIMBERTECH,,,Parksite (6151),Parksite,Parksite,,AGB15520EW,,Industrial & Commercial Supplies>Hardware>General Hardware,"Parksite, Industrial Hardware, AGB15520EW",INDUSTRIAL HARDWARE AGB15520EW,"Parksite, AGB15520EW, Industrial Hardware",Parksite Industrial Hardware Model AGB15520EW. ,Industrial Hardware,,,,,,,,,,,,,,,,,,,,,,,,,,,Industrial Hardware,Size,,,Material,,,,,,,,,,,,,,,,,,,,,,,,,,,,,,,,,,,,,,,,,,,,,,,,,,,,,,,,,,,,,,,,,,,,,,,,,,,,,,,,,,,,,,,,,,,,,,,,,,,,,,,,,,,,,,,,,,,,,,,,,,,,,,,,,,,,,,,,,,,,,,,,,,,,,,,,,,,,,,,,,,,,,,,,,,,,,,,,,,,,,,,,,,,,,,,,,
,,,,,,,Hardware,General Hardware,Hardware Accessories,,AGB15512MH,1x6-12' Mahogany Grooved - Vintage Azek PVC Decking,TIMBERTECH,,,Parksite (6151),Parksite,Parksite,,AGB15512MH,,Industrial & Commercial Supplies>Hardware>General Hardware,"Parksite, Industrial Hardware, AGB15512MH",INDUSTRIAL HARDWARE AGB15512MH,"Parksite, AGB15512MH, Industrial Hardware",Parksite Industrial Hardware Model AGB15512MH. ,Industrial Hardware,,,,,,,,,,,,,,,,,,,,,,,,,,,Industrial Hardware,Size,,,Material,,,,,,,,,,,,,,,,,,,,,,,,,,,,,,,,,,,,,,,,,,,,,,,,,,,,,,,,,,,,,,,,,,,,,,,,,,,,,,,,,,,,,,,,,,,,,,,,,,,,,,,,,,,,,,,,,,,,,,,,,,,,,,,,,,,,,,,,,,,,,,,,,,,,,,,,,,,,,,,,,,,,,,,,,,,,,,,,,,,,,,,,,,,,,,,,,
,,,,,,,Hardware,General Hardware,Hardware Accessories,,AGB15516MH,1x6-16' Mahogany Grooved - Vintage Azek PVC Decking,TIMBERTECH,,,Parksite (6151),Parksite,Parksite,,AGB15516MH,,Industrial & Commercial Supplies>Hardware>General Hardware,"Parksite, Industrial Hardware, AGB15516MH",INDUSTRIAL HARDWARE AGB15516MH,"Parksite, AGB15516MH, Industrial Hardware",Parksite Industrial Hardware Model AGB15516MH. ,Industrial Hardware,,,,,,,,,,,,,,,,,,,,,,,,,,,Industrial Hardware,Size,,,Material,,,,,,,,,,,,,,,,,,,,,,,,,,,,,,,,,,,,,,,,,,,,,,,,,,,,,,,,,,,,,,,,,,,,,,,,,,,,,,,,,,,,,,,,,,,,,,,,,,,,,,,,,,,,,,,,,,,,,,,,,,,,,,,,,,,,,,,,,,,,,,,,,,,,,,,,,,,,,,,,,,,,,,,,,,,,,,,,,,,,,,,,,,,,,,,,,
,,,,,,,Hardware,General Hardware,Hardware Accessories,,AGB15520MH,1x6-20' Mahogany Grooved - Vintage Azek PVC Decking,TIMBERTECH,,,Parksite (6151),Parksite,Parksite,,AGB15520MH,,Industrial & Commercial Supplies>Hardware>General Hardware,"Parksite, Industrial Hardware, AGB15520MH",INDUSTRIAL HARDWARE AGB15520MH,"Parksite, AGB15520MH, Industrial Hardware",Parksite Industrial Hardware Model AGB15520MH. ,Industrial Hardware,,,,,,,,,,,,,,,,,,,,,,,,,,,Industrial Hardware,Size,,,Material,,,,,,,,,,,,,,,,,,,,,,,,,,,,,,,,,,,,,,,,,,,,,,,,,,,,,,,,,,,,,,,,,,,,,,,,,,,,,,,,,,,,,,,,,,,,,,,,,,,,,,,,,,,,,,,,,,,,,,,,,,,,,,,,,,,,,,,,,,,,,,,,,,,,,,,,,,,,,,,,,,,,,,,,,,,,,,,,,,,,,,,,,,,,,,,,,
,,,,,,,Hardware,General Hardware,Hardware Accessories,,AGB15512WT,1x6-12' Weathered Teak Grooved - Vintage Azek PVC Decking,TIMBERTECH,,,Parksite (6151),Parksite,Parksite,,AGB15512WT,,Industrial & Commercial Supplies>Hardware>General Hardware,"Parksite, Industrial Hardware, AGB15512WT",INDUSTRIAL HARDWARE AGB15512WT,"Parksite, AGB15512WT, Industrial Hardware",Parksite Industrial Hardware Model AGB15512WT. ,Industrial Hardware,,,,,,,,,,,,,,,,,,,,,,,,,,,Industrial Hardware,Size,,,Material,,,,,,,,,,,,,,,,,,,,,,,,,,,,,,,,,,,,,,,,,,,,,,,,,,,,,,,,,,,,,,,,,,,,,,,,,,,,,,,,,,,,,,,,,,,,,,,,,,,,,,,,,,,,,,,,,,,,,,,,,,,,,,,,,,,,,,,,,,,,,,,,,,,,,,,,,,,,,,,,,,,,,,,,,,,,,,,,,,,,,,,,,,,,,,,,,
,,,,,,,Hardware,General Hardware,Hardware Accessories,,AGB15516WT,1x6-16' Weathered Teak Grooved - Vintage Azek PVC Decking,TIMBERTECH,,,Parksite (6151),Parksite,Parksite,,AGB15516WT,,Industrial & Commercial Supplies>Hardware>General Hardware,"Parksite, Industrial Hardware, AGB15516WT",INDUSTRIAL HARDWARE AGB15516WT,"Parksite, AGB15516WT, Industrial Hardware",Parksite Industrial Hardware Model AGB15516WT. ,Industrial Hardware,,,,,,,,,,,,,,,,,,,,,,,,,,,Industrial Hardware,Size,,,Material,,,,,,,,,,,,,,,,,,,,,,,,,,,,,,,,,,,,,,,,,,,,,,,,,,,,,,,,,,,,,,,,,,,,,,,,,,,,,,,,,,,,,,,,,,,,,,,,,,,,,,,,,,,,,,,,,,,,,,,,,,,,,,,,,,,,,,,,,,,,,,,,,,,,,,,,,,,,,,,,,,,,,,,,,,,,,,,,,,,,,,,,,,,,,,,,,
,,,,,,,Hardware,General Hardware,Hardware Accessories,,AGB15520WT,1x6-20' Weathered Teak Grooved - Vintage Azek PVC Decking,TIMBERTECH,,,Parksite (6151),Parksite,Parksite,,AGB15520WT,,Industrial & Commercial Supplies>Hardware>General Hardware,"Parksite, Industrial Hardware, AGB15520WT",INDUSTRIAL HARDWARE AGB15520WT,"Parksite, AGB15520WT, Industrial Hardware",Parksite Industrial Hardware Model AGB15520WT. ,Industrial Hardware,,,,,,,,,,,,,,,,,,,,,,,,,,,Industrial Hardware,Size,,,Material,,,,,,,,,,,,,,,,,,,,,,,,,,,,,,,,,,,,,,,,,,,,,,,,,,,,,,,,,,,,,,,,,,,,,,,,,,,,,,,,,,,,,,,,,,,,,,,,,,,,,,,,,,,,,,,,,,,,,,,,,,,,,,,,,,,,,,,,,,,,,,,,,,,,,,,,,,,,,,,,,,,,,,,,,,,,,,,,,,,,,,,,,,,,,,,,,
,,,,,,,Hardware,General Hardware,Hardware Accessories,,ADB15516AW,1x6-16' American Walnut Sq Edg - Landmark Azek PVC Decking,TIMBERTECH,,,Parksite (6151),Parksite,Parksite,,ADB15516AW,,Industrial & Commercial Supplies>Hardware>General Hardware,"Parksite, Industrial Hardware, ADB15516AW",INDUSTRIAL HARDWARE ADB15516AW,"Parksite, ADB15516AW, Industrial Hardware",Parksite Industrial Hardware Model ADB15516AW. ,Industrial Hardware,,,,,,,,,,,,,,,,,,,,,,,,,,,Industrial Hardware,Size,,,Material,,,,,,,,,,,,,,,,,,,,,,,,,,,,,,,,,,,,,,,,,,,,,,,,,,,,,,,,,,,,,,,,,,,,,,,,,,,,,,,,,,,,,,,,,,,,,,,,,,,,,,,,,,,,,,,,,,,,,,,,,,,,,,,,,,,,,,,,,,,,,,,,,,,,,,,,,,,,,,,,,,,,,,,,,,,,,,,,,,,,,,,,,,,,,,,,,
,,,,,,,Hardware,General Hardware,Hardware Accessories,,ADB15520AW,1x6-20' American Walnut Sq Edg - Landmark Azek PVC Decking,TIMBERTECH,,,Parksite (6151),Parksite,Parksite,,ADB15520AW,,Industrial & Commercial Supplies>Hardware>General Hardware,"Parksite, Industrial Hardware, ADB15520AW",INDUSTRIAL HARDWARE ADB15520AW,"Parksite, ADB15520AW, Industrial Hardware",Parksite Industrial Hardware Model ADB15520AW. ,Industrial Hardware,,,,,,,,,,,,,,,,,,,,,,,,,,,Industrial Hardware,Size,,,Material,,,,,,,,,,,,,,,,,,,,,,,,,,,,,,,,,,,,,,,,,,,,,,,,,,,,,,,,,,,,,,,,,,,,,,,,,,,,,,,,,,,,,,,,,,,,,,,,,,,,,,,,,,,,,,,,,,,,,,,,,,,,,,,,,,,,,,,,,,,,,,,,,,,,,,,,,,,,,,,,,,,,,,,,,,,,,,,,,,,,,,,,,,,,,,,,,
,,,,,,,Hardware,General Hardware,Hardware Accessories,,ADB15516CG,1x6-16' Castle Gate Sq Edge - Landmark Azek PVC Decking,TIMBERTECH,,,Parksite (6151),Parksite,Parksite,,ADB15516CG,,Industrial & Commercial Supplies>Hardware>General Hardware,"Parksite, Industrial Hardware, ADB15516CG",INDUSTRIAL HARDWARE ADB15516CG,"Parksite, ADB15516CG, Industrial Hardware",Parksite Industrial Hardware Model ADB15516CG. ,Industrial Hardware,,,,,,,,,,,,,,,,,,,,,,,,,,,Industrial Hardware,Size,,,Material,,,,,,,,,,,,,,,,,,,,,,,,,,,,,,,,,,,,,,,,,,,,,,,,,,,,,,,,,,,,,,,,,,,,,,,,,,,,,,,,,,,,,,,,,,,,,,,,,,,,,,,,,,,,,,,,,,,,,,,,,,,,,,,,,,,,,,,,,,,,,,,,,,,,,,,,,,,,,,,,,,,,,,,,,,,,,,,,,,,,,,,,,,,,,,,,,
,,,,,,,Hardware,General Hardware,Hardware Accessories,,ADB15520CG,1x6-20' Castle Gate Sq Edge - Landmark Azek PVC Decking,TIMBERTECH,,,Parksite (6151),Parksite,Parksite,,ADB15520CG,,Industrial & Commercial Supplies>Hardware>General Hardware,"Parksite, Industrial Hardware, ADB15520CG",INDUSTRIAL HARDWARE ADB15520CG,"Parksite, ADB15520CG, Industrial Hardware",Parksite Industrial Hardware Model ADB15520CG. ,Industrial Hardware,,,,,,,,,,,,,,,,,,,,,,,,,,,Industrial Hardware,Size,,,Material,,,,,,,,,,,,,,,,,,,,,,,,,,,,,,,,,,,,,,,,,,,,,,,,,,,,,,,,,,,,,,,,,,,,,,,,,,,,,,,,,,,,,,,,,,,,,,,,,,,,,,,,,,,,,,,,,,,,,,,,,,,,,,,,,,,,,,,,,,,,,,,,,,,,,,,,,,,,,,,,,,,,,,,,,,,,,,,,,,,,,,,,,,,,,,,,,
,,,,,,,Hardware,General Hardware,Hardware Accessories,,ADB15516FW,1x6-16' French White Oak Sq Ed - Landmark Azek PVC Decking,TIMBERTECH,,,Parksite (6151),Parksite,Parksite,,ADB15516FW,,Industrial & Commercial Supplies>Hardware>General Hardware,"Parksite, Industrial Hardware, ADB15516FW",INDUSTRIAL HARDWARE ADB15516FW,"Parksite, ADB15516FW, Industrial Hardware",Parksite Industrial Hardware Model ADB15516FW. ,Industrial Hardware,,,,,,,,,,,,,,,,,,,,,,,,,,,Industrial Hardware,Size,,,Material,,,,,,,,,,,,,,,,,,,,,,,,,,,,,,,,,,,,,,,,,,,,,,,,,,,,,,,,,,,,,,,,,,,,,,,,,,,,,,,,,,,,,,,,,,,,,,,,,,,,,,,,,,,,,,,,,,,,,,,,,,,,,,,,,,,,,,,,,,,,,,,,,,,,,,,,,,,,,,,,,,,,,,,,,,,,,,,,,,,,,,,,,,,,,,,,,
,,,,,,,Hardware,General Hardware,Hardware Accessories,,ADB15520FW,1x6-20' French White Oak Sq Ed - Landmark Azek PVC Decking,TIMBERTECH,,,Parksite (6151),Parksite,Parksite,,ADB15520FW,,Industrial & Commercial Supplies>Hardware>General Hardware,"Parksite, Industrial Hardware, ADB15520FW",INDUSTRIAL HARDWARE ADB15520FW,"Parksite, ADB15520FW, Industrial Hardware",Parksite Industrial Hardware Model ADB15520FW. ,Industrial Hardware,,,,,,,,,,,,,,,,,,,,,,,,,,,Industrial Hardware,Size,,,Material,,,,,,,,,,,,,,,,,,,,,,,,,,,,,,,,,,,,,,,,,,,,,,,,,,,,,,,,,,,,,,,,,,,,,,,,,,,,,,,,,,,,,,,,,,,,,,,,,,,,,,,,,,,,,,,,,,,,,,,,,,,,,,,,,,,,,,,,,,,,,,,,,,,,,,,,,,,,,,,,,,,,,,,,,,,,,,,,,,,,,,,,,,,,,,,,,
,,,,,,,Hardware,General Hardware,Hardware Accessories,,AGB15512AW,1x6-12' American Walnut Groove - Landmark Azek PVC Decking,TIMBERTECH,,,Parksite (6151),Parksite,Parksite,,AGB15512AW,,Industrial & Commercial Supplies>Hardware>General Hardware,"Parksite, Industrial Hardware, AGB15512AW",INDUSTRIAL HARDWARE AGB15512AW,"Parksite, AGB15512AW, Industrial Hardware",Parksite Industrial Hardware Model AGB15512AW. ,Industrial Hardware,,,,,,,,,,,,,,,,,,,,,,,,,,,Industrial Hardware,Size,,,Material,,,,,,,,,,,,,,,,,,,,,,,,,,,,,,,,,,,,,,,,,,,,,,,,,,,,,,,,,,,,,,,,,,,,,,,,,,,,,,,,,,,,,,,,,,,,,,,,,,,,,,,,,,,,,,,,,,,,,,,,,,,,,,,,,,,,,,,,,,,,,,,,,,,,,,,,,,,,,,,,,,,,,,,,,,,,,,,,,,,,,,,,,,,,,,,,,
,,,,,,,Hardware,General Hardware,Hardware Accessories,,AGB15516AW,1x6-16' American Walnut Groove - Landmark Azek PVC Decking,TIMBERTECH,,,Parksite (6151),Parksite,Parksite,,AGB15516AW,,Industrial & Commercial Supplies>Hardware>General Hardware,"Parksite, Industrial Hardware, AGB15516AW",INDUSTRIAL HARDWARE AGB15516AW,"Parksite, AGB15516AW, Industrial Hardware",Parksite Industrial Hardware Model AGB15516AW. ,Industrial Hardware,,,,,,,,,,,,,,,,,,,,,,,,,,,Industrial Hardware,Size,,,Material,,,,,,,,,,,,,,,,,,,,,,,,,,,,,,,,,,,,,,,,,,,,,,,,,,,,,,,,,,,,,,,,,,,,,,,,,,,,,,,,,,,,,,,,,,,,,,,,,,,,,,,,,,,,,,,,,,,,,,,,,,,,,,,,,,,,,,,,,,,,,,,,,,,,,,,,,,,,,,,,,,,,,,,,,,,,,,,,,,,,,,,,,,,,,,,,,
,,,,,,,Hardware,General Hardware,Hardware Accessories,,AGB15520AW,1x6-20' American Walnut Groove - Landmark Azek PVC Decking,TIMBERTECH,,,Parksite (6151),Parksite,Parksite,,AGB15520AW,,Industrial & Commercial Supplies>Hardware>General Hardware,"Parksite, Industrial Hardware, AGB15520AW",INDUSTRIAL HARDWARE AGB15520AW,"Parksite, AGB15520AW, Industrial Hardware",Parksite Industrial Hardware Model AGB15520AW. ,Industrial Hardware,,,,,,,,,,,,,,,,,,,,,,,,,,,Industrial Hardware,Size,,,Material,,,,,,,,,,,,,,,,,,,,,,,,,,,,,,,,,,,,,,,,,,,,,,,,,,,,,,,,,,,,,,,,,,,,,,,,,,,,,,,,,,,,,,,,,,,,,,,,,,,,,,,,,,,,,,,,,,,,,,,,,,,,,,,,,,,,,,,,,,,,,,,,,,,,,,,,,,,,,,,,,,,,,,,,,,,,,,,,,,,,,,,,,,,,,,,,,
,,,,,,,Hardware,General Hardware,Hardware Accessories,,AGB15512CG,1x6-12' Castle Gate Grooved - Landmark Azek PVC Decking,TIMBERTECH,,,Parksite (6151),Parksite,Parksite,,AGB15512CG,,Industrial & Commercial Supplies>Hardware>General Hardware,"Parksite, Industrial Hardware, AGB15512CG",INDUSTRIAL HARDWARE AGB15512CG,"Parksite, AGB15512CG, Industrial Hardware",Parksite Industrial Hardware Model AGB15512CG. ,Industrial Hardware,,,,,,,,,,,,,,,,,,,,,,,,,,,Industrial Hardware,Size,,,Material,,,,,,,,,,,,,,,,,,,,,,,,,,,,,,,,,,,,,,,,,,,,,,,,,,,,,,,,,,,,,,,,,,,,,,,,,,,,,,,,,,,,,,,,,,,,,,,,,,,,,,,,,,,,,,,,,,,,,,,,,,,,,,,,,,,,,,,,,,,,,,,,,,,,,,,,,,,,,,,,,,,,,,,,,,,,,,,,,,,,,,,,,,,,,,,,,
,,,,,,,Hardware,General Hardware,Hardware Accessories,,AGB15516CG,1x6-16' Castle Gate Grooved - Landmark Azek PVC Decking,TIMBERTECH,,,Parksite (6151),Parksite,Parksite,,AGB15516CG,,Industrial & Commercial Supplies>Hardware>General Hardware,"Parksite, Industrial Hardware, AGB15516CG",INDUSTRIAL HARDWARE AGB15516CG,"Parksite, AGB15516CG, Industrial Hardware",Parksite Industrial Hardware Model AGB15516CG. ,Industrial Hardware,,,,,,,,,,,,,,,,,,,,,,,,,,,Industrial Hardware,Size,,,Material,,,,,,,,,,,,,,,,,,,,,,,,,,,,,,,,,,,,,,,,,,,,,,,,,,,,,,,,,,,,,,,,,,,,,,,,,,,,,,,,,,,,,,,,,,,,,,,,,,,,,,,,,,,,,,,,,,,,,,,,,,,,,,,,,,,,,,,,,,,,,,,,,,,,,,,,,,,,,,,,,,,,,,,,,,,,,,,,,,,,,,,,,,,,,,,,,
,,,,,,,Hardware,General Hardware,Hardware Accessories,,AGB15520CG,1x6-20' Castle Gate Grooved - Landmark Azek PVC Decking,TIMBERTECH,,,Parksite (6151),Parksite,Parksite,,AGB15520CG,,Industrial & Commercial Supplies>Hardware>General Hardware,"Parksite, Industrial Hardware, AGB15520CG",INDUSTRIAL HARDWARE AGB15520CG,"Parksite, AGB15520CG, Industrial Hardware",Parksite Industrial Hardware Model AGB15520CG. ,Industrial Hardware,,,,,,,,,,,,,,,,,,,,,,,,,,,Industrial Hardware,Size,,,Material,,,,,,,,,,,,,,,,,,,,,,,,,,,,,,,,,,,,,,,,,,,,,,,,,,,,,,,,,,,,,,,,,,,,,,,,,,,,,,,,,,,,,,,,,,,,,,,,,,,,,,,,,,,,,,,,,,,,,,,,,,,,,,,,,,,,,,,,,,,,,,,,,,,,,,,,,,,,,,,,,,,,,,,,,,,,,,,,,,,,,,,,,,,,,,,,,
,,,,,,,Hardware,General Hardware,Hardware Accessories,,AGB15512FW,1x6-12' French White Oak Groov - Landmark Azek PVC Decking,TIMBERTECH,,,Parksite (6151),Parksite,Parksite,,AGB15512FW,,Industrial & Commercial Supplies>Hardware>General Hardware,"Parksite, Industrial Hardware, AGB15512FW",INDUSTRIAL HARDWARE AGB15512FW,"Parksite, AGB15512FW, Industrial Hardware",Parksite Industrial Hardware Model AGB15512FW. ,Industrial Hardware,,,,,,,,,,,,,,,,,,,,,,,,,,,Industrial Hardware,Size,,,Material,,,,,,,,,,,,,,,,,,,,,,,,,,,,,,,,,,,,,,,,,,,,,,,,,,,,,,,,,,,,,,,,,,,,,,,,,,,,,,,,,,,,,,,,,,,,,,,,,,,,,,,,,,,,,,,,,,,,,,,,,,,,,,,,,,,,,,,,,,,,,,,,,,,,,,,,,,,,,,,,,,,,,,,,,,,,,,,,,,,,,,,,,,,,,,,,,
,,,,,,,Hardware,General Hardware,Hardware Accessories,,AGB15516FW,1x6-16' French White Oak Groov - Landmark Azek PVC Decking,TIMBERTECH,,,Parksite (6151),Parksite,Parksite,,AGB15516FW,,Industrial & Commercial Supplies>Hardware>General Hardware,"Parksite, Industrial Hardware, AGB15516FW",INDUSTRIAL HARDWARE AGB15516FW,"Parksite, AGB15516FW, Industrial Hardware",Parksite Industrial Hardware Model AGB15516FW. ,Industrial Hardware,,,,,,,,,,,,,,,,,,,,,,,,,,,Industrial Hardware,Size,,,Material,,,,,,,,,,,,,,,,,,,,,,,,,,,,,,,,,,,,,,,,,,,,,,,,,,,,,,,,,,,,,,,,,,,,,,,,,,,,,,,,,,,,,,,,,,,,,,,,,,,,,,,,,,,,,,,,,,,,,,,,,,,,,,,,,,,,,,,,,,,,,,,,,,,,,,,,,,,,,,,,,,,,,,,,,,,,,,,,,,,,,,,,,,,,,,,,,
,,,,,,,Hardware,General Hardware,Hardware Accessories,,AGB15520FW,1x6-20' French White Oak Groov - Landmark Azek PVC Decking,TIMBERTECH,,,Parksite (6151),Parksite,Parksite,,AGB15520FW,,Industrial & Commercial Supplies>Hardware>General Hardware,"Parksite, Industrial Hardware, AGB15520FW",INDUSTRIAL HARDWARE AGB15520FW,"Parksite, AGB15520FW, Industrial Hardware",Parksite Industrial Hardware Model AGB15520FW. ,Industrial Hardware,,,,,,,,,,,,,,,,,,,,,,,,,,,Industrial Hardware,Size,,,Material,,,,,,,,,,,,,,,,,,,,,,,,,,,,,,,,,,,,,,,,,,,,,,,,,,,,,,,,,,,,,,,,,,,,,,,,,,,,,,,,,,,,,,,,,,,,,,,,,,,,,,,,,,,,,,,,,,,,,,,,,,,,,,,,,,,,,,,,,,,,,,,,,,,,,,,,,,,,,,,,,,,,,,,,,,,,,,,,,,,,,,,,,,,,,,,,,
,,,,,,,Hardware,General Hardware,Hardware Accessories,,ADCB15516BS,1x6-16' Brownstone Sq Edge - Harvest Azek PVC Decking,TIMBERTECH,,,Parksite (6151),Parksite,Parksite,,ADCB15516BS,,Industrial & Commercial Supplies>Hardware>General Hardware,"Parksite, Industrial Hardware, ADCB15516BS",INDUSTRIAL HARDWARE ADCB15516BS,"Parksite, ADCB15516BS, Industrial Hardware",Parksite Industrial Hardware Model ADCB15516BS. ,Industrial Hardware,,,,,,,,,,,,,,,,,,,,,,,,,,,Industrial Hardware,Size,,,Material,,,,,,,,,,,,,,,,,,,,,,,,,,,,,,,,,,,,,,,,,,,,,,,,,,,,,,,,,,,,,,,,,,,,,,,,,,,,,,,,,,,,,,,,,,,,,,,,,,,,,,,,,,,,,,,,,,,,,,,,,,,,,,,,,,,,,,,,,,,,,,,,,,,,,,,,,,,,,,,,,,,,,,,,,,,,,,,,,,,,,,,,,,,,,,,,,
,,,,,,,Hardware,General Hardware,Hardware Accessories,,ADCB15520BS,1x6-20' Brownstone Sq Edge - Harvest Azek PVC Decking,TIMBERTECH,,,Parksite (6151),Parksite,Parksite,,ADCB15520BS,,Industrial & Commercial Supplies>Hardware>General Hardware,"Parksite, Industrial Hardware, ADCB15520BS",INDUSTRIAL HARDWARE ADCB15520BS,"Parksite, ADCB15520BS, Industrial Hardware",Parksite Industrial Hardware Model ADCB15520BS. ,Industrial Hardware,,,,,,,,,,,,,,,,,,,,,,,,,,,Industrial Hardware,Size,,,Material,,,,,,,,,,,,,,,,,,,,,,,,,,,,,,,,,,,,,,,,,,,,,,,,,,,,,,,,,,,,,,,,,,,,,,,,,,,,,,,,,,,,,,,,,,,,,,,,,,,,,,,,,,,,,,,,,,,,,,,,,,,,,,,,,,,,,,,,,,,,,,,,,,,,,,,,,,,,,,,,,,,,,,,,,,,,,,,,,,,,,,,,,,,,,,,,,
,,,,,,,Hardware,General Hardware,Hardware Accessories,,ADCB15516SG,1x6-16' Slate Gray Sq Edge - Harvest Azek PVC Decking,TIMBERTECH,,,Parksite (6151),Parksite,Parksite,,ADCB15516SG,,Industrial & Commercial Supplies>Hardware>General Hardware,"Parksite, Industrial Hardware, ADCB15516SG",INDUSTRIAL HARDWARE ADCB15516SG,"Parksite, ADCB15516SG, Industrial Hardware",Parksite Industrial Hardware Model ADCB15516SG. ,Industrial Hardware,,,,,,,,,,,,,,,,,,,,,,,,,,,Industrial Hardware,Size,,,Material,,,,,,,,,,,,,,,,,,,,,,,,,,,,,,,,,,,,,,,,,,,,,,,,,,,,,,,,,,,,,,,,,,,,,,,,,,,,,,,,,,,,,,,,,,,,,,,,,,,,,,,,,,,,,,,,,,,,,,,,,,,,,,,,,,,,,,,,,,,,,,,,,,,,,,,,,,,,,,,,,,,,,,,,,,,,,,,,,,,,,,,,,,,,,,,,,
,,,,,,,Hardware,General Hardware,Hardware Accessories,,ADCB15520SG,1x6-20' Slate Gray Sq Edge - Harvest Azek PVC Decking,TIMBERTECH,,,Parksite (6151),Parksite,Parksite,,ADCB15520SG,,Industrial & Commercial Supplies>Hardware>General Hardware,"Parksite, Industrial Hardware, ADCB15520SG",INDUSTRIAL HARDWARE ADCB15520SG,"Parksite, ADCB15520SG, Industrial Hardware",Parksite Industrial Hardware Model ADCB15520SG. ,Industrial Hardware,,,,,,,,,,,,,,,,,,,,,,,,,,,Industrial Hardware,Size,,,Material,,,,,,,,,,,,,,,,,,,,,,,,,,,,,,,,,,,,,,,,,,,,,,,,,,,,,,,,,,,,,,,,,,,,,,,,,,,,,,,,,,,,,,,,,,,,,,,,,,,,,,,,,,,,,,,,,,,,,,,,,,,,,,,,,,,,,,,,,,,,,,,,,,,,,,,,,,,,,,,,,,,,,,,,,,,,,,,,,,,,,,,,,,,,,,,,,
,,,,,,,Hardware,General Hardware,Hardware Accessories,,AGB15512BS,1x6-12' Brownstone Grooved - Harvest Azek PVC Decking,TIMBERTECH,,,Parksite (6151),Parksite,Parksite,,AGB15512BS,,Industrial & Commercial Supplies>Hardware>General Hardware,"Parksite, Industrial Hardware, AGB15512BS",INDUSTRIAL HARDWARE AGB15512BS,"Parksite, AGB15512BS, Industrial Hardware",Parksite Industrial Hardware Model AGB15512BS. ,Industrial Hardware,,,,,,,,,,,,,,,,,,,,,,,,,,,Industrial Hardware,Size,,,Material,,,,,,,,,,,,,,,,,,,,,,,,,,,,,,,,,,,,,,,,,,,,,,,,,,,,,,,,,,,,,,,,,,,,,,,,,,,,,,,,,,,,,,,,,,,,,,,,,,,,,,,,,,,,,,,,,,,,,,,,,,,,,,,,,,,,,,,,,,,,,,,,,,,,,,,,,,,,,,,,,,,,,,,,,,,,,,,,,,,,,,,,,,,,,,,,,
,,,,,,,Hardware,General Hardware,Hardware Accessories,,AGB15516BS,1x6-16' Brownstone Grooved - Harvest Azek PVC Decking,TIMBERTECH,,,Parksite (6151),Parksite,Parksite,,AGB15516BS,,Industrial & Commercial Supplies>Hardware>General Hardware,"Parksite, Industrial Hardware, AGB15516BS",INDUSTRIAL HARDWARE AGB15516BS,"Parksite, AGB15516BS, Industrial Hardware",Parksite Industrial Hardware Model AGB15516BS. ,Industrial Hardware,,,,,,,,,,,,,,,,,,,,,,,,,,,Industrial Hardware,Size,,,Material,,,,,,,,,,,,,,,,,,,,,,,,,,,,,,,,,,,,,,,,,,,,,,,,,,,,,,,,,,,,,,,,,,,,,,,,,,,,,,,,,,,,,,,,,,,,,,,,,,,,,,,,,,,,,,,,,,,,,,,,,,,,,,,,,,,,,,,,,,,,,,,,,,,,,,,,,,,,,,,,,,,,,,,,,,,,,,,,,,,,,,,,,,,,,,,,,
,,,,,,,Hardware,General Hardware,Hardware Accessories,,AGB15520BS,1x6-20' Brownstone Grooved - Harvest Azek PVC Decking,TIMBERTECH,,,Parksite (6151),Parksite,Parksite,,AGB15520BS,,Industrial & Commercial Supplies>Hardware>General Hardware,"Parksite, Industrial Hardware, AGB15520BS",INDUSTRIAL HARDWARE AGB15520BS,"Parksite, AGB15520BS, Industrial Hardware",Parksite Industrial Hardware Model AGB15520BS. ,Industrial Hardware,,,,,,,,,,,,,,,,,,,,,,,,,,,Industrial Hardware,Size,,,Material,,,,,,,,,,,,,,,,,,,,,,,,,,,,,,,,,,,,,,,,,,,,,,,,,,,,,,,,,,,,,,,,,,,,,,,,,,,,,,,,,,,,,,,,,,,,,,,,,,,,,,,,,,,,,,,,,,,,,,,,,,,,,,,,,,,,,,,,,,,,,,,,,,,,,,,,,,,,,,,,,,,,,,,,,,,,,,,,,,,,,,,,,,,,,,,,,
,,,,,,,Hardware,General Hardware,Hardware Accessories,,AGB15512SG,1x6-12' Slate Gray Grooved - Harvest Azek PVC Decking,TIMBERTECH,,,Parksite (6151),Parksite,Parksite,,AGB15512SG,,Industrial & Commercial Supplies>Hardware>General Hardware,"Parksite, Industrial Hardware, AGB15512SG",INDUSTRIAL HARDWARE AGB15512SG,"Parksite, AGB15512SG, Industrial Hardware",Parksite Industrial Hardware Model AGB15512SG. ,Industrial Hardware,,,,,,,,,,,,,,,,,,,,,,,,,,,Industrial Hardware,Size,,,Material,,,,,,,,,,,,,,,,,,,,,,,,,,,,,,,,,,,,,,,,,,,,,,,,,,,,,,,,,,,,,,,,,,,,,,,,,,,,,,,,,,,,,,,,,,,,,,,,,,,,,,,,,,,,,,,,,,,,,,,,,,,,,,,,,,,,,,,,,,,,,,,,,,,,,,,,,,,,,,,,,,,,,,,,,,,,,,,,,,,,,,,,,,,,,,,,,
,,,,,,,Hardware,General Hardware,Hardware Accessories,,AGB15516SG,1x6-16' Slate Gray Grooved - Harvest Azek PVC Decking,TIMBERTECH,,,Parksite (6151),Parksite,Parksite,,AGB15516SG,,Industrial & Commercial Supplies>Hardware>General Hardware,"Parksite, Industrial Hardware, AGB15516SG",INDUSTRIAL HARDWARE AGB15516SG,"Parksite, AGB15516SG, Industrial Hardware",Parksite Industrial Hardware Model AGB15516SG. ,Industrial Hardware,,,,,,,,,,,,,,,,,,,,,,,,,,,Industrial Hardware,Size,,,Material,,,,,,,,,,,,,,,,,,,,,,,,,,,,,,,,,,,,,,,,,,,,,,,,,,,,,,,,,,,,,,,,,,,,,,,,,,,,,,,,,,,,,,,,,,,,,,,,,,,,,,,,,,,,,,,,,,,,,,,,,,,,,,,,,,,,,,,,,,,,,,,,,,,,,,,,,,,,,,,,,,,,,,,,,,,,,,,,,,,,,,,,,,,,,,,,,
,,,,,,,Hardware,General Hardware,Hardware Accessories,,AGB15520SG,1x6-20' Slate Gray Grooved - Harvest Azek PVC Decking,TIMBERTECH,,,Parksite (6151),Parksite,Parksite,,AGB15520SG,,Industrial & Commercial Supplies>Hardware>General Hardware,"Parksite, Industrial Hardware, AGB15520SG",INDUSTRIAL HARDWARE AGB15520SG,"Parksite, AGB15520SG, Industrial Hardware",Parksite Industrial Hardware Model AGB15520SG. ,Industrial Hardware,,,,,,,,,,,,,,,,,,,,,,,,,,,Industrial Hardware,Size,,,Material,,,,,,,,,,,,,,,,,,,,,,,,,,,,,,,,,,,,,,,,,,,,,,,,,,,,,,,,,,,,,,,,,,,,,,,,,,,,,,,,,,,,,,,,,,,,,,,,,,,,,,,,,,,,,,,,,,,,,,,,,,,,,,,,,,,,,,,,,,,,,,,,,,,,,,,,,,,,,,,,,,,,,,,,,,,,,,,,,,,,,,,,,,,,,,,,,
,,,,,,,Hardware,General Hardware,Hardware Accessories,,543140016,1nx6-16' Biscayne Sq Edge - Trex Transcend Lineage Decking,TREX,,,U S Lumber (3073),U S Lumber,U S Lumber,,543140016,,Industrial & Commercial Supplies>Hardware>General Hardware,"U S Lumber, Industrial Hardware, 543140016",INDUSTRIAL HARDWARE 543140016,"U S Lumber, 543140016, Industrial Hardware",U S Lumber Industrial Hardware Model 543140016. ,Industrial Hardware,,,,,,,,,,,,,,,,,,,,,,,,,,,Industrial Hardware,Size,,,Material,,,,,,,,,,,,,,,,,,,,,,,,,,,,,,,,,,,,,,,,,,,,,,,,,,,,,,,,,,,,,,,,,,,,,,,,,,,,,,,,,,,,,,,,,,,,,,,,,,,,,,,,,,,,,,,,,,,,,,,,,,,,,,,,,,,,,,,,,,,,,,,,,,,,,,,,,,,,,,,,,,,,,,,,,,,,,,,,,,,,,,,,,,,,,,,,,
,,,,,,,Hardware,General Hardware,Hardware Accessories,,543140020,1nx6-20' Biscayne Sq Edge - Trex Transcend Lineage Decking,TREX,,,U S Lumber (3073),U S Lumber,U S Lumber,,543140020,,Industrial & Commercial Supplies>Hardware>General Hardware,"U S Lumber, Industrial Hardware, 543140020",INDUSTRIAL HARDWARE 543140020,"U S Lumber, 543140020, Industrial Hardware",U S Lumber Industrial Hardware Model 543140020. ,Industrial Hardware,,,,,,,,,,,,,,,,,,,,,,,,,,,Industrial Hardware,Size,,,Material,,,,,,,,,,,,,,,,,,,,,,,,,,,,,,,,,,,,,,,,,,,,,,,,,,,,,,,,,,,,,,,,,,,,,,,,,,,,,,,,,,,,,,,,,,,,,,,,,,,,,,,,,,,,,,,,,,,,,,,,,,,,,,,,,,,,,,,,,,,,,,,,,,,,,,,,,,,,,,,,,,,,,,,,,,,,,,,,,,,,,,,,,,,,,,,,,
,,,,,,,Hardware,General Hardware,Hardware Accessories,,543142016,1nx6-16' Carmel Sq Edge - Trex Transcend Lineage Decking,TREX,,,U S Lumber (3073),U S Lumber,U S Lumber,,543142016,,Industrial & Commercial Supplies>Hardware>General Hardware,"U S Lumber, Industrial Hardware, 543142016",INDUSTRIAL HARDWARE 543142016,"U S Lumber, 543142016, Industrial Hardware",U S Lumber Industrial Hardware Model 543142016. ,Industrial Hardware,,,,,,,,,,,,,,,,,,,,,,,,,,,Industrial Hardware,Size,,,Material,,,,,,,,,,,,,,,,,,,,,,,,,,,,,,,,,,,,,,,,,,,,,,,,,,,,,,,,,,,,,,,,,,,,,,,,,,,,,,,,,,,,,,,,,,,,,,,,,,,,,,,,,,,,,,,,,,,,,,,,,,,,,,,,,,,,,,,,,,,,,,,,,,,,,,,,,,,,,,,,,,,,,,,,,,,,,,,,,,,,,,,,,,,,,,,,,
,,,,,,,Hardware,General Hardware,Hardware Accessories,,543142020,1nx6-20' Carmel Sq Edge - Trex Transcend Lineage Decking,TREX,,,U S Lumber (3073),U S Lumber,U S Lumber,,543142020,,Industrial & Commercial Supplies>Hardware>General Hardware,"U S Lumber, Industrial Hardware, 543142020",INDUSTRIAL HARDWARE 543142020,"U S Lumber, 543142020, Industrial Hardware",U S Lumber Industrial Hardware Model 543142020. ,Industrial Hardware,,,,,,,,,,,,,,,,,,,,,,,,,,,Industrial Hardware,Size,,,Material,,,,,,,,,,,,,,,,,,,,,,,,,,,,,,,,,,,,,,,,,,,,,,,,,,,,,,,,,,,,,,,,,,,,,,,,,,,,,,,,,,,,,,,,,,,,,,,,,,,,,,,,,,,,,,,,,,,,,,,,,,,,,,,,,,,,,,,,,,,,,,,,,,,,,,,,,,,,,,,,,,,,,,,,,,,,,,,,,,,,,,,,,,,,,,,,,
,,,,,,,Hardware,General Hardware,Hardware Accessories,,543144016,1nx6-16' Island Mist Sq Edge - Trex Transcend Lineage Decking,TREX,,,U S Lumber (3073),U S Lumber,U S Lumber,,543144016,,Industrial & Commercial Supplies>Hardware>General Hardware,"U S Lumber, Industrial Hardware, 543144016",INDUSTRIAL HARDWARE 543144016,"U S Lumber, 543144016, Industrial Hardware",U S Lumber Industrial Hardware Model 543144016. ,Industrial Hardware,,,,,,,,,,,,,,,,,,,,,,,,,,,Industrial Hardware,Size,,,Material,,,,,,,,,,,,,,,,,,,,,,,,,,,,,,,,,,,,,,,,,,,,,,,,,,,,,,,,,,,,,,,,,,,,,,,,,,,,,,,,,,,,,,,,,,,,,,,,,,,,,,,,,,,,,,,,,,,,,,,,,,,,,,,,,,,,,,,,,,,,,,,,,,,,,,,,,,,,,,,,,,,,,,,,,,,,,,,,,,,,,,,,,,,,,,,,,
,,,,,,,Hardware,General Hardware,Hardware Accessories,,543144020,1nx6-20' Island Mist Sq Edge - Trex Transcend Lineage Decking,TREX,,,U S Lumber (3073),U S Lumber,U S Lumber,,543144020,,Industrial & Commercial Supplies>Hardware>General Hardware,"U S Lumber, Industrial Hardware, 543144020",INDUSTRIAL HARDWARE 543144020,"U S Lumber, 543144020, Industrial Hardware",U S Lumber Industrial Hardware Model 543144020. ,Industrial Hardware,,,,,,,,,,,,,,,,,,,,,,,,,,,Industrial Hardware,Size,,,Material,,,,,,,,,,,,,,,,,,,,,,,,,,,,,,,,,,,,,,,,,,,,,,,,,,,,,,,,,,,,,,,,,,,,,,,,,,,,,,,,,,,,,,,,,,,,,,,,,,,,,,,,,,,,,,,,,,,,,,,,,,,,,,,,,,,,,,,,,,,,,,,,,,,,,,,,,,,,,,,,,,,,,,,,,,,,,,,,,,,,,,,,,,,,,,,,,
,,,,,,,Hardware,General Hardware,Hardware Accessories,,543143016,1nx6-16' Jasper Sq Edge - Trex Transcend Lineage Decking,TREX,,,U S Lumber (3073),U S Lumber,U S Lumber,,543143016,,Industrial & Commercial Supplies>Hardware>General Hardware,"U S Lumber, Industrial Hardware, 543143016",INDUSTRIAL HARDWARE 543143016,"U S Lumber, 543143016, Industrial Hardware",U S Lumber Industrial Hardware Model 543143016. ,Industrial Hardware,,,,,,,,,,,,,,,,,,,,,,,,,,,Industrial Hardware,Size,,,Material,,,,,,,,,,,,,,,,,,,,,,,,,,,,,,,,,,,,,,,,,,,,,,,,,,,,,,,,,,,,,,,,,,,,,,,,,,,,,,,,,,,,,,,,,,,,,,,,,,,,,,,,,,,,,,,,,,,,,,,,,,,,,,,,,,,,,,,,,,,,,,,,,,,,,,,,,,,,,,,,,,,,,,,,,,,,,,,,,,,,,,,,,,,,,,,,,
,,,,,,,Hardware,General Hardware,Hardware Accessories,,543143020,1nx6-20' Jasper Sq Edge - Trex Transcend Lineage Decking,TREX,,,U S Lumber (3073),U S Lumber,U S Lumber,,543143020,,Industrial & Commercial Supplies>Hardware>General Hardware,"U S Lumber, Industrial Hardware, 543143020",INDUSTRIAL HARDWARE 543143020,"U S Lumber, 543143020, Industrial Hardware",U S Lumber Industrial Hardware Model 543143020. ,Industrial Hardware,,,,,,,,,,,,,,,,,,,,,,,,,,,Industrial Hardware,Size,,,Material,,,,,,,,,,,,,,,,,,,,,,,,,,,,,,,,,,,,,,,,,,,,,,,,,,,,,,,,,,,,,,,,,,,,,,,,,,,,,,,,,,,,,,,,,,,,,,,,,,,,,,,,,,,,,,,,,,,,,,,,,,,,,,,,,,,,,,,,,,,,,,,,,,,,,,,,,,,,,,,,,,,,,,,,,,,,,,,,,,,,,,,,,,,,,,,,,
,,,,,,,Hardware,General Hardware,Hardware Accessories,,543141016,1nx6-16' Rainier Sq Edge - Trex Transcend Lineage Decking,TREX,,,U S Lumber (3073),U S Lumber,U S Lumber,,543141016,,Industrial & Commercial Supplies>Hardware>General Hardware,"U S Lumber, Industrial Hardware, 543141016",INDUSTRIAL HARDWARE 543141016,"U S Lumber, 543141016, Industrial Hardware",U S Lumber Industrial Hardware Model 543141016. ,Industrial Hardware,,,,,,,,,,,,,,,,,,,,,,,,,,,Industrial Hardware,Size,,,Material,,,,,,,,,,,,,,,,,,,,,,,,,,,,,,,,,,,,,,,,,,,,,,,,,,,,,,,,,,,,,,,,,,,,,,,,,,,,,,,,,,,,,,,,,,,,,,,,,,,,,,,,,,,,,,,,,,,,,,,,,,,,,,,,,,,,,,,,,,,,,,,,,,,,,,,,,,,,,,,,,,,,,,,,,,,,,,,,,,,,,,,,,,,,,,,,,
,,,,,,,Hardware,General Hardware,Hardware Accessories,,543141020,1nx6-20' Rainier Sq Edge - Trex Transcend Lineage Decking,TREX,,,U S Lumber (3073),U S Lumber,U S Lumber,,543141020,,Industrial & Commercial Supplies>Hardware>General Hardware,"U S Lumber, Industrial Hardware, 543141020",INDUSTRIAL HARDWARE 543141020,"U S Lumber, 543141020, Industrial Hardware",U S Lumber Industrial Hardware Model 543141020. ,Industrial Hardware,,,,,,,,,,,,,,,,,,,,,,,,,,,Industrial Hardware,Size,,,Material,,,,,,,,,,,,,,,,,,,,,,,,,,,,,,,,,,,,,,,,,,,,,,,,,,,,,,,,,,,,,,,,,,,,,,,,,,,,,,,,,,,,,,,,,,,,,,,,,,,,,,,,,,,,,,,,,,,,,,,,,,,,,,,,,,,,,,,,,,,,,,,,,,,,,,,,,,,,,,,,,,,,,,,,,,,,,,,,,,,,,,,,,,,,,,,,,
,,,,,,,Hardware,General Hardware,Hardware Accessories,,543140412,1nx6-12' Biscayne Grooved - Trex Transcend Lineage Decking,TREX,,,U S Lumber (3073),U S Lumber,U S Lumber,,543140412,,Industrial & Commercial Supplies>Hardware>General Hardware,"U S Lumber, Industrial Hardware, 543140412",INDUSTRIAL HARDWARE 543140412,"U S Lumber, 543140412, Industrial Hardware",U S Lumber Industrial Hardware Model 543140412. ,Industrial Hardware,,,,,,,,,,,,,,,,,,,,,,,,,,,Industrial Hardware,Size,,,Material,,,,,,,,,,,,,,,,,,,,,,,,,,,,,,,,,,,,,,,,,,,,,,,,,,,,,,,,,,,,,,,,,,,,,,,,,,,,,,,,,,,,,,,,,,,,,,,,,,,,,,,,,,,,,,,,,,,,,,,,,,,,,,,,,,,,,,,,,,,,,,,,,,,,,,,,,,,,,,,,,,,,,,,,,,,,,,,,,,,,,,,,,,,,,,,,,
,,,,,,,Hardware,General Hardware,Hardware Accessories,,543140416,1nx6-16' Biscayne Grooved - Trex Transcend Lineage Decking,TREX,,,U S Lumber (3073),U S Lumber,U S Lumber,,543140416,,Industrial & Commercial Supplies>Hardware>General Hardware,"U S Lumber, Industrial Hardware, 543140416",INDUSTRIAL HARDWARE 543140416,"U S Lumber, 543140416, Industrial Hardware",U S Lumber Industrial Hardware Model 543140416. ,Industrial Hardware,,,,,,,,,,,,,,,,,,,,,,,,,,,Industrial Hardware,Size,,,Material,,,,,,,,,,,,,,,,,,,,,,,,,,,,,,,,,,,,,,,,,,,,,,,,,,,,,,,,,,,,,,,,,,,,,,,,,,,,,,,,,,,,,,,,,,,,,,,,,,,,,,,,,,,,,,,,,,,,,,,,,,,,,,,,,,,,,,,,,,,,,,,,,,,,,,,,,,,,,,,,,,,,,,,,,,,,,,,,,,,,,,,,,,,,,,,,,
,,,,,,,Hardware,General Hardware,Hardware Accessories,,543140420,1nx6-20' Biscayne Grooved - Trex Transcend Lineage Decking,TREX,,,U S Lumber (3073),U S Lumber,U S Lumber,,543140420,,Industrial & Commercial Supplies>Hardware>General Hardware,"U S Lumber, Industrial Hardware, 543140420",INDUSTRIAL HARDWARE 543140420,"U S Lumber, 543140420, Industrial Hardware",U S Lumber Industrial Hardware Model 543140420. ,Industrial Hardware,,,,,,,,,,,,,,,,,,,,,,,,,,,Industrial Hardware,Size,,,Material,,,,,,,,,,,,,,,,,,,,,,,,,,,,,,,,,,,,,,,,,,,,,,,,,,,,,,,,,,,,,,,,,,,,,,,,,,,,,,,,,,,,,,,,,,,,,,,,,,,,,,,,,,,,,,,,,,,,,,,,,,,,,,,,,,,,,,,,,,,,,,,,,,,,,,,,,,,,,,,,,,,,,,,,,,,,,,,,,,,,,,,,,,,,,,,,,
,,,,,,,Hardware,General Hardware,Hardware Accessories,,543142412,1nx6-12' Carmel Grooved - Trex Transcend Lineage Decking,TREX,,,U S Lumber (3073),U S Lumber,U S Lumber,,543142412,,Industrial & Commercial Supplies>Hardware>General Hardware,"U S Lumber, Industrial Hardware, 543142412",INDUSTRIAL HARDWARE 543142412,"U S Lumber, 543142412, Industrial Hardware",U S Lumber Industrial Hardware Model 543142412. ,Industrial Hardware,,,,,,,,,,,,,,,,,,,,,,,,,,,Industrial Hardware,Size,,,Material,,,,,,,,,,,,,,,,,,,,,,,,,,,,,,,,,,,,,,,,,,,,,,,,,,,,,,,,,,,,,,,,,,,,,,,,,,,,,,,,,,,,,,,,,,,,,,,,,,,,,,,,,,,,,,,,,,,,,,,,,,,,,,,,,,,,,,,,,,,,,,,,,,,,,,,,,,,,,,,,,,,,,,,,,,,,,,,,,,,,,,,,,,,,,,,,,
,,,,,,,Hardware,General Hardware,Hardware Accessories,,543142416,1nx6-16' Carmel Grooved - Trex Transcend Lineage Decking,TREX,,,U S Lumber (3073),U S Lumber,U S Lumber,,543142416,,Industrial & Commercial Supplies>Hardware>General Hardware,"U S Lumber, Industrial Hardware, 543142416",INDUSTRIAL HARDWARE 543142416,"U S Lumber, 543142416, Industrial Hardware",U S Lumber Industrial Hardware Model 543142416. ,Industrial Hardware,,,,,,,,,,,,,,,,,,,,,,,,,,,Industrial Hardware,Size,,,Material,,,,,,,,,,,,,,,,,,,,,,,,,,,,,,,,,,,,,,,,,,,,,,,,,,,,,,,,,,,,,,,,,,,,,,,,,,,,,,,,,,,,,,,,,,,,,,,,,,,,,,,,,,,,,,,,,,,,,,,,,,,,,,,,,,,,,,,,,,,,,,,,,,,,,,,,,,,,,,,,,,,,,,,,,,,,,,,,,,,,,,,,,,,,,,,,,
,,,,,,,Hardware,General Hardware,Hardware Accessories,,543142420,1nx6-20' Carmel Grooved - Trex Transcend Lineage Decking,TREX,,,U S Lumber (3073),U S Lumber,U S Lumber,,543142420,,Industrial & Commercial Supplies>Hardware>General Hardware,"U S Lumber, Industrial Hardware, 543142420",INDUSTRIAL HARDWARE 543142420,"U S Lumber, 543142420, Industrial Hardware",U S Lumber Industrial Hardware Model 543142420. ,Industrial Hardware,,,,,,,,,,,,,,,,,,,,,,,,,,,Industrial Hardware,Size,,,Material,,,,,,,,,,,,,,,,,,,,,,,,,,,,,,,,,,,,,,,,,,,,,,,,,,,,,,,,,,,,,,,,,,,,,,,,,,,,,,,,,,,,,,,,,,,,,,,,,,,,,,,,,,,,,,,,,,,,,,,,,,,,,,,,,,,,,,,,,,,,,,,,,,,,,,,,,,,,,,,,,,,,,,,,,,,,,,,,,,,,,,,,,,,,,,,,,
,,,,,,,Hardware,General Hardware,Hardware Accessories,,543144412,1nx6-12' Island Mist Grooved - Trex Transcend Lineage Decking,TREX,,,U S Lumber (3073),U S Lumber,U S Lumber,,543144412,,Industrial & Commercial Supplies>Hardware>General Hardware,"U S Lumber, Industrial Hardware, 543144412",INDUSTRIAL HARDWARE 543144412,"U S Lumber, 543144412, Industrial Hardware",U S Lumber Industrial Hardware Model 543144412. ,Industrial Hardware,,,,,,,,,,,,,,,,,,,,,,,,,,,Industrial Hardware,Size,,,Material,,,,,,,,,,,,,,,,,,,,,,,,,,,,,,,,,,,,,,,,,,,,,,,,,,,,,,,,,,,,,,,,,,,,,,,,,,,,,,,,,,,,,,,,,,,,,,,,,,,,,,,,,,,,,,,,,,,,,,,,,,,,,,,,,,,,,,,,,,,,,,,,,,,,,,,,,,,,,,,,,,,,,,,,,,,,,,,,,,,,,,,,,,,,,,,,,
,,,,,,,Hardware,General Hardware,Hardware Accessories,,543144416,1nx6-16' Island Mist Grooved - Trex Transcend Lineage Decking,TREX,,,U S Lumber (3073),U S Lumber,U S Lumber,,543144416,,Industrial & Commercial Supplies>Hardware>General Hardware,"U S Lumber, Industrial Hardware, 543144416",INDUSTRIAL HARDWARE 543144416,"U S Lumber, 543144416, Industrial Hardware",U S Lumber Industrial Hardware Model 543144416. ,Industrial Hardware,,,,,,,,,,,,,,,,,,,,,,,,,,,Industrial Hardware,Size,,,Material,,,,,,,,,,,,,,,,,,,,,,,,,,,,,,,,,,,,,,,,,,,,,,,,,,,,,,,,,,,,,,,,,,,,,,,,,,,,,,,,,,,,,,,,,,,,,,,,,,,,,,,,,,,,,,,,,,,,,,,,,,,,,,,,,,,,,,,,,,,,,,,,,,,,,,,,,,,,,,,,,,,,,,,,,,,,,,,,,,,,,,,,,,,,,,,,,
,,,,,,,Hardware,General Hardware,Hardware Accessories,,543144420,1nx6-20' Island Mist Grooved - Trex Transcend Lineage Decking,TREX,,,U S Lumber (3073),U S Lumber,U S Lumber,,543144420,,Industrial & Commercial Supplies>Hardware>General Hardware,"U S Lumber, Industrial Hardware, 543144420",INDUSTRIAL HARDWARE 543144420,"U S Lumber, 543144420, Industrial Hardware",U S Lumber Industrial Hardware Model 543144420. ,Industrial Hardware,,,,,,,,,,,,,,,,,,,,,,,,,,,Industrial Hardware,Size,,,Material,,,,,,,,,,,,,,,,,,,,,,,,,,,,,,,,,,,,,,,,,,,,,,,,,,,,,,,,,,,,,,,,,,,,,,,,,,,,,,,,,,,,,,,,,,,,,,,,,,,,,,,,,,,,,,,,,,,,,,,,,,,,,,,,,,,,,,,,,,,,,,,,,,,,,,,,,,,,,,,,,,,,,,,,,,,,,,,,,,,,,,,,,,,,,,,,,
,,,,,,,Hardware,General Hardware,Hardware Accessories,,543143412,1nx6-12' Jasper Grooved - Trex Transcend Lineage Decking,TREX,,,U S Lumber (3073),U S Lumber,U S Lumber,,543143412,,Industrial & Commercial Supplies>Hardware>General Hardware,"U S Lumber, Industrial Hardware, 543143412",INDUSTRIAL HARDWARE 543143412,"U S Lumber, 543143412, Industrial Hardware",U S Lumber Industrial Hardware Model 543143412. ,Industrial Hardware,,,,,,,,,,,,,,,,,,,,,,,,,,,Industrial Hardware,Size,,,Material,,,,,,,,,,,,,,,,,,,,,,,,,,,,,,,,,,,,,,,,,,,,,,,,,,,,,,,,,,,,,,,,,,,,,,,,,,,,,,,,,,,,,,,,,,,,,,,,,,,,,,,,,,,,,,,,,,,,,,,,,,,,,,,,,,,,,,,,,,,,,,,,,,,,,,,,,,,,,,,,,,,,,,,,,,,,,,,,,,,,,,,,,,,,,,,,,
,,,,,,,Hardware,General Hardware,Hardware Accessories,,543143416,1nx6-16' Jasper Grooved - Trex Transcend Lineage Decking,TREX,,,U S Lumber (3073),U S Lumber,U S Lumber,,543143416,,Industrial & Commercial Supplies>Hardware>General Hardware,"U S Lumber, Industrial Hardware, 543143416",INDUSTRIAL HARDWARE 543143416,"U S Lumber, 543143416, Industrial Hardware",U S Lumber Industrial Hardware Model 543143416. ,Industrial Hardware,,,,,,,,,,,,,,,,,,,,,,,,,,,Industrial Hardware,Size,,,Material,,,,,,,,,,,,,,,,,,,,,,,,,,,,,,,,,,,,,,,,,,,,,,,,,,,,,,,,,,,,,,,,,,,,,,,,,,,,,,,,,,,,,,,,,,,,,,,,,,,,,,,,,,,,,,,,,,,,,,,,,,,,,,,,,,,,,,,,,,,,,,,,,,,,,,,,,,,,,,,,,,,,,,,,,,,,,,,,,,,,,,,,,,,,,,,,,
,,,,,,,Hardware,General Hardware,Hardware Accessories,,543143420,1nx6-20' Jasper Grooved - Trex Transcend Lineage Decking,TREX,,,U S Lumber (3073),U S Lumber,U S Lumber,,543143420,,Industrial & Commercial Supplies>Hardware>General Hardware,"U S Lumber, Industrial Hardware, 543143420",INDUSTRIAL HARDWARE 543143420,"U S Lumber, 543143420, Industrial Hardware",U S Lumber Industrial Hardware Model 543143420. ,Industrial Hardware,,,,,,,,,,,,,,,,,,,,,,,,,,,Industrial Hardware,Size,,,Material,,,,,,,,,,,,,,,,,,,,,,,,,,,,,,,,,,,,,,,,,,,,,,,,,,,,,,,,,,,,,,,,,,,,,,,,,,,,,,,,,,,,,,,,,,,,,,,,,,,,,,,,,,,,,,,,,,,,,,,,,,,,,,,,,,,,,,,,,,,,,,,,,,,,,,,,,,,,,,,,,,,,,,,,,,,,,,,,,,,,,,,,,,,,,,,,,
,,,,,,,Hardware,General Hardware,Hardware Accessories,,543141412,1nx6-12' Rainier Grooved - Trex Transcend Lineage Decking,TREX,,,U S Lumber (3073),U S Lumber,U S Lumber,,543141412,,Industrial & Commercial Supplies>Hardware>General Hardware,"U S Lumber, Industrial Hardware, 543141412",INDUSTRIAL HARDWARE 543141412,"U S Lumber, 543141412, Industrial Hardware",U S Lumber Industrial Hardware Model 543141412. ,Industrial Hardware,,,,,,,,,,,,,,,,,,,,,,,,,,,Industrial Hardware,Size,,,Material,,,,,,,,,,,,,,,,,,,,,,,,,,,,,,,,,,,,,,,,,,,,,,,,,,,,,,,,,,,,,,,,,,,,,,,,,,,,,,,,,,,,,,,,,,,,,,,,,,,,,,,,,,,,,,,,,,,,,,,,,,,,,,,,,,,,,,,,,,,,,,,,,,,,,,,,,,,,,,,,,,,,,,,,,,,,,,,,,,,,,,,,,,,,,,,,,
,,,,,,,Hardware,General Hardware,Hardware Accessories,,543141416,1nx6-16' Rainier Grooved - Trex Transcend Lineage Decking,TREX,,,U S Lumber (3073),U S Lumber,U S Lumber,,543141416,,Industrial & Commercial Supplies>Hardware>General Hardware,"U S Lumber, Industrial Hardware, 543141416",INDUSTRIAL HARDWARE 543141416,"U S Lumber, 543141416, Industrial Hardware",U S Lumber Industrial Hardware Model 543141416. ,Industrial Hardware,,,,,,,,,,,,,,,,,,,,,,,,,,,Industrial Hardware,Size,,,Material,,,,,,,,,,,,,,,,,,,,,,,,,,,,,,,,,,,,,,,,,,,,,,,,,,,,,,,,,,,,,,,,,,,,,,,,,,,,,,,,,,,,,,,,,,,,,,,,,,,,,,,,,,,,,,,,,,,,,,,,,,,,,,,,,,,,,,,,,,,,,,,,,,,,,,,,,,,,,,,,,,,,,,,,,,,,,,,,,,,,,,,,,,,,,,,,,
,,,,,,,Hardware,General Hardware,Hardware Accessories,,543141420,1nx6-20' Rainier Grooved - Trex Transcend Lineage Decking,TREX,,,U S Lumber (3073),U S Lumber,U S Lumber,,543141420,,Industrial & Commercial Supplies>Hardware>General Hardware,"U S Lumber, Industrial Hardware, 543141420",INDUSTRIAL HARDWARE 543141420,"U S Lumber, 543141420, Industrial Hardware",U S Lumber Industrial Hardware Model 543141420. ,Industrial Hardware,,,,,,,,,,,,,,,,,,,,,,,,,,,Industrial Hardware,Size,,,Material,,,,,,,,,,,,,,,,,,,,,,,,,,,,,,,,,,,,,,,,,,,,,,,,,,,,,,,,,,,,,,,,,,,,,,,,,,,,,,,,,,,,,,,,,,,,,,,,,,,,,,,,,,,,,,,,,,,,,,,,,,,,,,,,,,,,,,,,,,,,,,,,,,,,,,,,,,,,,,,,,,,,,,,,,,,,,,,,,,,,,,,,,,,,,,,,,
,,,,,,,Hardware,General Hardware,Hardware Accessories,,1513703,1nx6-16' Hatteras Sq Edge - Trex Transcend Lineage Decking,TREX,,,Boise Cascade Building Materials (BOICA),Boise Cascade Building Materials,Boise Cascade Building Materials,,1513703,,Industrial & Commercial Supplies>Hardware>General Hardware,"Boise Cascade Building Materials, Industrial Hardware, 1513703",INDUSTRIAL HARDWARE 1513703,"Boise Cascade Building Materials, 1513703, Industrial Hardware",Boise Cascade Building Materials Industrial Hardware Model 1513703. ,Industrial Hardware,,,,,,,,,,,,,,,,,,,,,,,,,,,Industrial Hardware,Size,,,Material,,,,,,,,,,,,,,,,,,,,,,,,,,,,,,,,,,,,,,,,,,,,,,,,,,,,,,,,,,,,,,,,,,,,,,,,,,,,,,,,,,,,,,,,,,,,,,,,,,,,,,,,,,,,,,,,,,,,,,,,,,,,,,,,,,,,,,,,,,,,,,,,,,,,,,,,,,,,,,,,,,,,,,,,,,,,,,,,,,,,,,,,,,,,,,,,,
,,,,,,,Hardware,General Hardware,Hardware Accessories,,1513704,1nx6-20' Hatteras Sq Edge - Trex Transcend Lineage Decking,TREX,,,Boise Cascade Building Materials (BOICA),Boise Cascade Building Materials,Boise Cascade Building Materials,,1513704,,Industrial & Commercial Supplies>Hardware>General Hardware,"Boise Cascade Building Materials, Industrial Hardware, 1513704",INDUSTRIAL HARDWARE 1513704,"Boise Cascade Building Materials, 1513704, Industrial Hardware",Boise Cascade Building Materials Industrial Hardware Model 1513704. ,Industrial Hardware,,,,,,,,,,,,,,,,,,,,,,,,,,,Industrial Hardware,Size,,,Material,,,,,,,,,,,,,,,,,,,,,,,,,,,,,,,,,,,,,,,,,,,,,,,,,,,,,,,,,,,,,,,,,,,,,,,,,,,,,,,,,,,,,,,,,,,,,,,,,,,,,,,,,,,,,,,,,,,,,,,,,,,,,,,,,,,,,,,,,,,,,,,,,,,,,,,,,,,,,,,,,,,,,,,,,,,,,,,,,,,,,,,,,,,,,,,,,
,,,,,,,Hardware,General Hardware,Hardware Accessories,,1513705,1nx6-12' Hatteras Grooved - Trex Transcend Lineage Decking,TREX,,,Boise Cascade Building Materials (BOICA),Boise Cascade Building Materials,Boise Cascade Building Materials,,1513705,,Industrial & Commercial Supplies>Hardware>General Hardware,"Boise Cascade Building Materials, Industrial Hardware, 1513705",INDUSTRIAL HARDWARE 1513705,"Boise Cascade Building Materials, 1513705, Industrial Hardware",Boise Cascade Building Materials Industrial Hardware Model 1513705. ,Industrial Hardware,,,,,,,,,,,,,,,,,,,,,,,,,,,Industrial Hardware,Size,,,Material,,,,,,,,,,,,,,,,,,,,,,,,,,,,,,,,,,,,,,,,,,,,,,,,,,,,,,,,,,,,,,,,,,,,,,,,,,,,,,,,,,,,,,,,,,,,,,,,,,,,,,,,,,,,,,,,,,,,,,,,,,,,,,,,,,,,,,,,,,,,,,,,,,,,,,,,,,,,,,,,,,,,,,,,,,,,,,,,,,,,,,,,,,,,,,,,,
,,,,,,,Hardware,General Hardware,Hardware Accessories,,1513706,1nx6-16' Hatteras Grooved - Trex Transcend Lineage Decking,TREX,,,Boise Cascade Building Materials (BOICA),Boise Cascade Building Materials,Boise Cascade Building Materials,,1513706,,Industrial & Commercial Supplies>Hardware>General Hardware,"Boise Cascade Building Materials, Industrial Hardware, 1513706",INDUSTRIAL HARDWARE 1513706,"Boise Cascade Building Materials, 1513706, Industrial Hardware",Boise Cascade Building Materials Industrial Hardware Model 1513706. ,Industrial Hardware,,,,,,,,,,,,,,,,,,,,,,,,,,,Industrial Hardware,Size,,,Material,,,,,,,,,,,,,,,,,,,,,,,,,,,,,,,,,,,,,,,,,,,,,,,,,,,,,,,,,,,,,,,,,,,,,,,,,,,,,,,,,,,,,,,,,,,,,,,,,,,,,,,,,,,,,,,,,,,,,,,,,,,,,,,,,,,,,,,,,,,,,,,,,,,,,,,,,,,,,,,,,,,,,,,,,,,,,,,,,,,,,,,,,,,,,,,,,
,,,,,,,Hardware,General Hardware,Hardware Accessories,,1513707,1nx6-20' Hatteras Grooved - Trex Transcend Lineage Decking,TREX,,,Boise Cascade Building Materials (BOICA),Boise Cascade Building Materials,Boise Cascade Building Materials,,1513707,,Industrial & Commercial Supplies>Hardware>General Hardware,"Boise Cascade Building Materials, Industrial Hardware, 1513707",INDUSTRIAL HARDWARE 1513707,"Boise Cascade Building Materials, 1513707, Industrial Hardware",Boise Cascade Building Materials Industrial Hardware Model 1513707. ,Industrial Hardware,,,,,,,,,,,,,,,,,,,,,,,,,,,Industrial Hardware,Size,,,Material,,,,,,,,,,,,,,,,,,,,,,,,,,,,,,,,,,,,,,,,,,,,,,,,,,,,,,,,,,,,,,,,,,,,,,,,,,,,,,,,,,,,,,,,,,,,,,,,,,,,,,,,,,,,,,,,,,,,,,,,,,,,,,,,,,,,,,,,,,,,,,,,,,,,,,,,,,,,,,,,,,,,,,,,,,,,,,,,,,,,,,,,,,,,,,,,,
,,,,,,,Hardware,General Hardware,Hardware Accessories,,1513708,1nx6-16' Salt Flat Sq Edge - Trex Transcend Lineage Decking,TREX,,,Boise Cascade Building Materials (BOICA),Boise Cascade Building Materials,Boise Cascade Building Materials,,1513708,,Industrial & Commercial Supplies>Hardware>General Hardware,"Boise Cascade Building Materials, Industrial Hardware, 1513708",INDUSTRIAL HARDWARE 1513708,"Boise Cascade Building Materials, 1513708, Industrial Hardware",Boise Cascade Building Materials Industrial Hardware Model 1513708. ,Industrial Hardware,,,,,,,,,,,,,,,,,,,,,,,,,,,Industrial Hardware,Size,,,Material,,,,,,,,,,,,,,,,,,,,,,,,,,,,,,,,,,,,,,,,,,,,,,,,,,,,,,,,,,,,,,,,,,,,,,,,,,,,,,,,,,,,,,,,,,,,,,,,,,,,,,,,,,,,,,,,,,,,,,,,,,,,,,,,,,,,,,,,,,,,,,,,,,,,,,,,,,,,,,,,,,,,,,,,,,,,,,,,,,,,,,,,,,,,,,,,,
,,,,,,,Hardware,General Hardware,Hardware Accessories,,1513709,1nx6-20' Salt Flat Sq Edge - Trex Transcend Lineage Decking,TREX,,,Boise Cascade Building Materials (BOICA),Boise Cascade Building Materials,Boise Cascade Building Materials,,1513709,,Industrial & Commercial Supplies>Hardware>General Hardware,"Boise Cascade Building Materials, Industrial Hardware, 1513709",INDUSTRIAL HARDWARE 1513709,"Boise Cascade Building Materials, 1513709, Industrial Hardware",Boise Cascade Building Materials Industrial Hardware Model 1513709. ,Industrial Hardware,,,,,,,,,,,,,,,,,,,,,,,,,,,Industrial Hardware,Size,,,Material,,,,,,,,,,,,,,,,,,,,,,,,,,,,,,,,,,,,,,,,,,,,,,,,,,,,,,,,,,,,,,,,,,,,,,,,,,,,,,,,,,,,,,,,,,,,,,,,,,,,,,,,,,,,,,,,,,,,,,,,,,,,,,,,,,,,,,,,,,,,,,,,,,,,,,,,,,,,,,,,,,,,,,,,,,,,,,,,,,,,,,,,,,,,,,,,,
,,,,,,,Hardware,General Hardware,Hardware Accessories,,1513710,1nx6-12' Salt Flat Grooved - Trex Transcend Lineage Decking,TREX,,,Boise Cascade Building Materials (BOICA),Boise Cascade Building Materials,Boise Cascade Building Materials,,1513710,,Industrial & Commercial Supplies>Hardware>General Hardware,"Boise Cascade Building Materials, Industrial Hardware, 1513710",INDUSTRIAL HARDWARE 1513710,"Boise Cascade Building Materials, 1513710, Industrial Hardware",Boise Cascade Building Materials Industrial Hardware Model 1513710. ,Industrial Hardware,,,,,,,,,,,,,,,,,,,,,,,,,,,Industrial Hardware,Size,,,Material,,,,,,,,,,,,,,,,,,,,,,,,,,,,,,,,,,,,,,,,,,,,,,,,,,,,,,,,,,,,,,,,,,,,,,,,,,,,,,,,,,,,,,,,,,,,,,,,,,,,,,,,,,,,,,,,,,,,,,,,,,,,,,,,,,,,,,,,,,,,,,,,,,,,,,,,,,,,,,,,,,,,,,,,,,,,,,,,,,,,,,,,,,,,,,,,,
,,,,,,,Hardware,General Hardware,Hardware Accessories,,1513711,1nx6-16' Salt Flat Grooved - Trex Transcend Lineage Decking,TREX,,,Boise Cascade Building Materials (BOICA),Boise Cascade Building Materials,Boise Cascade Building Materials,,1513711,,Industrial & Commercial Supplies>Hardware>General Hardware,"Boise Cascade Building Materials, Industrial Hardware, 1513711",INDUSTRIAL HARDWARE 1513711,"Boise Cascade Building Materials, 1513711, Industrial Hardware",Boise Cascade Building Materials Industrial Hardware Model 1513711. ,Industrial Hardware,,,,,,,,,,,,,,,,,,,,,,,,,,,Industrial Hardware,Size,,,Material,,,,,,,,,,,,,,,,,,,,,,,,,,,,,,,,,,,,,,,,,,,,,,,,,,,,,,,,,,,,,,,,,,,,,,,,,,,,,,,,,,,,,,,,,,,,,,,,,,,,,,,,,,,,,,,,,,,,,,,,,,,,,,,,,,,,,,,,,,,,,,,,,,,,,,,,,,,,,,,,,,,,,,,,,,,,,,,,,,,,,,,,,,,,,,,,,
,,,,,,,Hardware,General Hardware,Hardware Accessories,,1513712,1nx6-20' Salt Flat Grooved - Trex Transcend Lineage Decking,TREX,,,Boise Cascade Building Materials (BOICA),Boise Cascade Building Materials,Boise Cascade Building Materials,,1513712,,Industrial & Commercial Supplies>Hardware>General Hardware,"Boise Cascade Building Materials, Industrial Hardware, 1513712",INDUSTRIAL HARDWARE 1513712,"Boise Cascade Building Materials, 1513712, Industrial Hardware",Boise Cascade Building Materials Industrial Hardware Model 1513712. ,Industrial Hardware,,,,,,,,,,,,,,,,,,,,,,,,,,,Industrial Hardware,Size,,,Material,,,,,,,,,,,,,,,,,,,,,,,,,,,,,,,,,,,,,,,,,,,,,,,,,,,,,,,,,,,,,,,,,,,,,,,,,,,,,,,,,,,,,,,,,,,,,,,,,,,,,,,,,,,,,,,,,,,,,,,,,,,,,,,,,,,,,,,,,,,,,,,,,,,,,,,,,,,,,,,,,,,,,,,,,,,,,,,,,,,,,,,,,,,,,,,,,
,,,,,,,Hardware,General Hardware,Hardware Accessories,,1513717,1nx6-16' Honey Grove Sq Edge - Trex Enhance Naturals Decking,TREX,,,Boise Cascade Building Materials (BOICA),Boise Cascade Building Materials,Boise Cascade Building Materials,,1513717,,Industrial & Commercial Supplies>Hardware>General Hardware,"Boise Cascade Building Materials, Industrial Hardware, 1513717",INDUSTRIAL HARDWARE 1513717,"Boise Cascade Building Materials, 1513717, Industrial Hardware",Boise Cascade Building Materials Industrial Hardware Model 1513717. ,Industrial Hardware,,,,,,,,,,,,,,,,,,,,,,,,,,,Industrial Hardware,Size,,,Material,,,,,,,,,,,,,,,,,,,,,,,,,,,,,,,,,,,,,,,,,,,,,,,,,,,,,,,,,,,,,,,,,,,,,,,,,,,,,,,,,,,,,,,,,,,,,,,,,,,,,,,,,,,,,,,,,,,,,,,,,,,,,,,,,,,,,,,,,,,,,,,,,,,,,,,,,,,,,,,,,,,,,,,,,,,,,,,,,,,,,,,,,,,,,,,,,
,,,,,,,Hardware,General Hardware,Hardware Accessories,,1513718,1nx6-20' Honey Grove Sq Edge - Trex Enhance Naturals Decking,TREX,,,Boise Cascade Building Materials (BOICA),Boise Cascade Building Materials,Boise Cascade Building Materials,,1513718,,Industrial & Commercial Supplies>Hardware>General Hardware,"Boise Cascade Building Materials, Industrial Hardware, 1513718",INDUSTRIAL HARDWARE 1513718,"Boise Cascade Building Materials, 1513718, Industrial Hardware",Boise Cascade Building Materials Industrial Hardware Model 1513718. ,Industrial Hardware,,,,,,,,,,,,,,,,,,,,,,,,,,,Industrial Hardware,Size,,,Material,,,,,,,,,,,,,,,,,,,,,,,,,,,,,,,,,,,,,,,,,,,,,,,,,,,,,,,,,,,,,,,,,,,,,,,,,,,,,,,,,,,,,,,,,,,,,,,,,,,,,,,,,,,,,,,,,,,,,,,,,,,,,,,,,,,,,,,,,,,,,,,,,,,,,,,,,,,,,,,,,,,,,,,,,,,,,,,,,,,,,,,,,,,,,,,,,
,,,,,,,Hardware,General Hardware,Hardware Accessories,,1513719,1nx6-12' Honey Grove Grooved - Trex Enhance Naturals Decking,TREX,,,Boise Cascade Building Materials (BOICA),Boise Cascade Building Materials,Boise Cascade Building Materials,,1513719,,Industrial & Commercial Supplies>Hardware>General Hardware,"Boise Cascade Building Materials, Industrial Hardware, 1513719",INDUSTRIAL HARDWARE 1513719,"Boise Cascade Building Materials, 1513719, Industrial Hardware",Boise Cascade Building Materials Industrial Hardware Model 1513719. ,Industrial Hardware,,,,,,,,,,,,,,,,,,,,,,,,,,,Industrial Hardware,Size,,,Material,,,,,,,,,,,,,,,,,,,,,,,,,,,,,,,,,,,,,,,,,,,,,,,,,,,,,,,,,,,,,,,,,,,,,,,,,,,,,,,,,,,,,,,,,,,,,,,,,,,,,,,,,,,,,,,,,,,,,,,,,,,,,,,,,,,,,,,,,,,,,,,,,,,,,,,,,,,,,,,,,,,,,,,,,,,,,,,,,,,,,,,,,,,,,,,,,
,,,,,,,Hardware,General Hardware,Hardware Accessories,,1513720,1nx6-16' Honey Grove Grooved - Trex Enhance Naturals Decking,TREX,,,Boise Cascade Building Materials (BOICA),Boise Cascade Building Materials,Boise Cascade Building Materials,,1513720,,Industrial & Commercial Supplies>Hardware>General Hardware,"Boise Cascade Building Materials, Industrial Hardware, 1513720",INDUSTRIAL HARDWARE 1513720,"Boise Cascade Building Materials, 1513720, Industrial Hardware",Boise Cascade Building Materials Industrial Hardware Model 1513720. ,Industrial Hardware,,,,,,,,,,,,,,,,,,,,,,,,,,,Industrial Hardware,Size,,,Material,,,,,,,,,,,,,,,,,,,,,,,,,,,,,,,,,,,,,,,,,,,,,,,,,,,,,,,,,,,,,,,,,,,,,,,,,,,,,,,,,,,,,,,,,,,,,,,,,,,,,,,,,,,,,,,,,,,,,,,,,,,,,,,,,,,,,,,,,,,,,,,,,,,,,,,,,,,,,,,,,,,,,,,,,,,,,,,,,,,,,,,,,,,,,,,,,
,,,,,,,Hardware,General Hardware,Hardware Accessories,,1513721,1nx6-20' Honey Grove Grooved - Trex Enhance Naturals Decking,TREX,,,Boise Cascade Building Materials (BOICA),Boise Cascade Building Materials,Boise Cascade Building Materials,,1513721,,Industrial & Commercial Supplies>Hardware>General Hardware,"Boise Cascade Building Materials, Industrial Hardware, 1513721",INDUSTRIAL HARDWARE 1513721,"Boise Cascade Building Materials, 1513721, Industrial Hardware",Boise Cascade Building Materials Industrial Hardware Model 1513721. ,Industrial Hardware,,,,,,,,,,,,,,,,,,,,,,,,,,,Industrial Hardware,Size,,,Material,,,,,,,,,,,,,,,,,,,,,,,,,,,,,,,,,,,,,,,,,,,,,,,,,,,,,,,,,,,,,,,,,,,,,,,,,,,,,,,,,,,,,,,,,,,,,,,,,,,,,,,,,,,,,,,,,,,,,,,,,,,,,,,,,,,,,,,,,,,,,,,,,,,,,,,,,,,,,,,,,,,,,,,,,,,,,,,,,,,,,,,,,,,,,,,,,
,,,,,,,Hardware,General Hardware,Hardware Accessories,,1513724,1nx6-16' Tide Pool Sq Edge - Trex Enhance Basics Decking,TREX,,,Boise Cascade Building Materials (BOICA),Boise Cascade Building Materials,Boise Cascade Building Materials,,1513724,,Industrial & Commercial Supplies>Hardware>General Hardware,"Boise Cascade Building Materials, Industrial Hardware, 1513724",INDUSTRIAL HARDWARE 1513724,"Boise Cascade Building Materials, 1513724, Industrial Hardware",Boise Cascade Building Materials Industrial Hardware Model 1513724. ,Industrial Hardware,,,,,,,,,,,,,,,,,,,,,,,,,,,Industrial Hardware,Size,,,Material,,,,,,,,,,,,,,,,,,,,,,,,,,,,,,,,,,,,,,,,,,,,,,,,,,,,,,,,,,,,,,,,,,,,,,,,,,,,,,,,,,,,,,,,,,,,,,,,,,,,,,,,,,,,,,,,,,,,,,,,,,,,,,,,,,,,,,,,,,,,,,,,,,,,,,,,,,,,,,,,,,,,,,,,,,,,,,,,,,,,,,,,,,,,,,,,,
,,,,,,,Hardware,General Hardware,Hardware Accessories,,1513725,1nx6-20' Tide Pool Sq Edge - Trex Enhance Basics Decking,TREX,,,Boise Cascade Building Materials (BOICA),Boise Cascade Building Materials,Boise Cascade Building Materials,,1513725,,Industrial & Commercial Supplies>Hardware>General Hardware,"Boise Cascade Building Materials, Industrial Hardware, 1513725",INDUSTRIAL HARDWARE 1513725,"Boise Cascade Building Materials, 1513725, Industrial Hardware",Boise Cascade Building Materials Industrial Hardware Model 1513725. ,Industrial Hardware,,,,,,,,,,,,,,,,,,,,,,,,,,,Industrial Hardware,Size,,,Material,,,,,,,,,,,,,,,,,,,,,,,,,,,,,,,,,,,,,,,,,,,,,,,,,,,,,,,,,,,,,,,,,,,,,,,,,,,,,,,,,,,,,,,,,,,,,,,,,,,,,,,,,,,,,,,,,,,,,,,,,,,,,,,,,,,,,,,,,,,,,,,,,,,,,,,,,,,,,,,,,,,,,,,,,,,,,,,,,,,,,,,,,,,,,,,,,
,,,,,,,Hardware,General Hardware,Hardware Accessories,,1513726,1nx6-12' Tide Pool Grooved - Trex Enhance Basics Decking,TREX,,,Boise Cascade Building Materials (BOICA),Boise Cascade Building Materials,Boise Cascade Building Materials,,1513726,,Industrial & Commercial Supplies>Hardware>General Hardware,"Boise Cascade Building Materials, Industrial Hardware, 1513726",INDUSTRIAL HARDWARE 1513726,"Boise Cascade Building Materials, 1513726, Industrial Hardware",Boise Cascade Building Materials Industrial Hardware Model 1513726. ,Industrial Hardware,,,,,,,,,,,,,,,,,,,,,,,,,,,Industrial Hardware,Size,,,Material,,,,,,,,,,,,,,,,,,,,,,,,,,,,,,,,,,,,,,,,,,,,,,,,,,,,,,,,,,,,,,,,,,,,,,,,,,,,,,,,,,,,,,,,,,,,,,,,,,,,,,,,,,,,,,,,,,,,,,,,,,,,,,,,,,,,,,,,,,,,,,,,,,,,,,,,,,,,,,,,,,,,,,,,,,,,,,,,,,,,,,,,,,,,,,,,,
,,,,,,,Hardware,General Hardware,Hardware Accessories,,1513727,1nx6-16' Tide Pool Grooved - Trex Enhance Basics Decking,TREX,,,Boise Cascade Building Materials (BOICA),Boise Cascade Building Materials,Boise Cascade Building Materials,,1513727,,Industrial & Commercial Supplies>Hardware>General Hardware,"Boise Cascade Building Materials, Industrial Hardware, 1513727",INDUSTRIAL HARDWARE 1513727,"Boise Cascade Building Materials, 1513727, Industrial Hardware",Boise Cascade Building Materials Industrial Hardware Model 1513727. ,Industrial Hardware,,,,,,,,,,,,,,,,,,,,,,,,,,,Industrial Hardware,Size,,,Material,,,,,,,,,,,,,,,,,,,,,,,,,,,,,,,,,,,,,,,,,,,,,,,,,,,,,,,,,,,,,,,,,,,,,,,,,,,,,,,,,,,,,,,,,,,,,,,,,,,,,,,,,,,,,,,,,,,,,,,,,,,,,,,,,,,,,,,,,,,,,,,,,,,,,,,,,,,,,,,,,,,,,,,,,,,,,,,,,,,,,,,,,,,,,,,,,
,,,,,,,Hardware,General Hardware,Hardware Accessories,,1513728,1nx6-20' Tide Pool Grooved - Trex Enhance Basics Decking,TREX,,,Boise Cascade Building Materials (BOICA),Boise Cascade Building Materials,Boise Cascade Building Materials,,1513728,,Industrial & Commercial Supplies>Hardware>General Hardware,"Boise Cascade Building Materials, Industrial Hardware, 1513728",INDUSTRIAL HARDWARE 1513728,"Boise Cascade Building Materials, 1513728, Industrial Hardware",Boise Cascade Building Materials Industrial Hardware Model 1513728. ,Industrial Hardware,,,,,,,,,,,,,,,,,,,,,,,,,,,Industrial Hardware,Size,,,Material,,,,,,,,,,,,,,,,,,,,,,,,,,,,,,,,,,,,,,,,,,,,,,,,,,,,,,,,,,,,,,,,,,,,,,,,,,,,,,,,,,,,,,,,,,,,,,,,,,,,,,,,,,,,,,,,,,,,,,,,,,,,,,,,,,,,,,,,,,,,,,,,,,,,,,,,,,,,,,,,,,,,,,,,,,,,,,,,,,,,,,,,,,,,,,,,,
,,,,,,,Hardware,General Hardware,Hardware Accessories,,543076016,1nx6-16' Cinnamon Cove Sq Edge - Trex Enhance Naturals Decking,TREX,,,Boise Cascade Building Materials (BOICA),Boise Cascade Building Materials,Boise Cascade Building Materials,,543076016,,Industrial & Commercial Supplies>Hardware>General Hardware,"Boise Cascade Building Materials, Industrial Hardware, 543076016",INDUSTRIAL HARDWARE 543076016,"Boise Cascade Building Materials, 543076016, Industrial Hardware",Boise Cascade Building Materials Industrial Hardware Model 543076016. ,Industrial Hardware,,,,,,,,,,,,,,,,,,,,,,,,,,,Industrial Hardware,Size,,,Material,,,,,,,,,,,,,,,,,,,,,,,,,,,,,,,,,,,,,,,,,,,,,,,,,,,,,,,,,,,,,,,,,,,,,,,,,,,,,,,,,,,,,,,,,,,,,,,,,,,,,,,,,,,,,,,,,,,,,,,,,,,,,,,,,,,,,,,,,,,,,,,,,,,,,,,,,,,,,,,,,,,,,,,,,,,,,,,,,,,,,,,,,,,,,,,,,
,,,,,,,Hardware,General Hardware,Hardware Accessories,,543076020,1nx6-20' Cinnamon Cove Sq Edge - Trex Enhance Naturals Decking,TREX,,,Boise Cascade Building Materials (BOICA),Boise Cascade Building Materials,Boise Cascade Building Materials,,543076020,,Industrial & Commercial Supplies>Hardware>General Hardware,"Boise Cascade Building Materials, Industrial Hardware, 543076020",INDUSTRIAL HARDWARE 543076020,"Boise Cascade Building Materials, 543076020, Industrial Hardware",Boise Cascade Building Materials Industrial Hardware Model 543076020. ,Industrial Hardware,,,,,,,,,,,,,,,,,,,,,,,,,,,Industrial Hardware,Size,,,Material,,,,,,,,,,,,,,,,,,,,,,,,,,,,,,,,,,,,,,,,,,,,,,,,,,,,,,,,,,,,,,,,,,,,,,,,,,,,,,,,,,,,,,,,,,,,,,,,,,,,,,,,,,,,,,,,,,,,,,,,,,,,,,,,,,,,,,,,,,,,,,,,,,,,,,,,,,,,,,,,,,,,,,,,,,,,,,,,,,,,,,,,,,,,,,,,,
,,,,,,,Hardware,General Hardware,Hardware Accessories,,543076412,1nx6-12' Cinnamon Cove Grooved - Trex Enhance Naturals Decking,TREX,,,Boise Cascade Building Materials (BOICA),Boise Cascade Building Materials,Boise Cascade Building Materials,,543076412,,Industrial & Commercial Supplies>Hardware>General Hardware,"Boise Cascade Building Materials, Industrial Hardware, 543076412",INDUSTRIAL HARDWARE 543076412,"Boise Cascade Building Materials, 543076412, Industrial Hardware",Boise Cascade Building Materials Industrial Hardware Model 543076412. ,Industrial Hardware,,,,,,,,,,,,,,,,,,,,,,,,,,,Industrial Hardware,Size,,,Material,,,,,,,,,,,,,,,,,,,,,,,,,,,,,,,,,,,,,,,,,,,,,,,,,,,,,,,,,,,,,,,,,,,,,,,,,,,,,,,,,,,,,,,,,,,,,,,,,,,,,,,,,,,,,,,,,,,,,,,,,,,,,,,,,,,,,,,,,,,,,,,,,,,,,,,,,,,,,,,,,,,,,,,,,,,,,,,,,,,,,,,,,,,,,,,,,
,,,,,,,Hardware,General Hardware,Hardware Accessories,,543076416,1nx6-16' Cinnamon Cove Grooved - Trex Enhance Naturals Decking,TREX,,,Boise Cascade Building Materials (BOICA),Boise Cascade Building Materials,Boise Cascade Building Materials,,543076416,,Industrial & Commercial Supplies>Hardware>General Hardware,"Boise Cascade Building Materials, Industrial Hardware, 543076416",INDUSTRIAL HARDWARE 543076416,"Boise Cascade Building Materials, 543076416, Industrial Hardware",Boise Cascade Building Materials Industrial Hardware Model 543076416. ,Industrial Hardware,,,,,,,,,,,,,,,,,,,,,,,,,,,Industrial Hardware,Size,,,Material,,,,,,,,,,,,,,,,,,,,,,,,,,,,,,,,,,,,,,,,,,,,,,,,,,,,,,,,,,,,,,,,,,,,,,,,,,,,,,,,,,,,,,,,,,,,,,,,,,,,,,,,,,,,,,,,,,,,,,,,,,,,,,,,,,,,,,,,,,,,,,,,,,,,,,,,,,,,,,,,,,,,,,,,,,,,,,,,,,,,,,,,,,,,,,,,,
,,,,,,,Hardware,General Hardware,Hardware Accessories,,543076420,1nx6-20' Cinnamon Cove Grooved - Trex Enhance Naturals Decking,TREX,,,Boise Cascade Building Materials (BOICA),Boise Cascade Building Materials,Boise Cascade Building Materials,,543076420,,Industrial & Commercial Supplies>Hardware>General Hardware,"Boise Cascade Building Materials, Industrial Hardware, 543076420",INDUSTRIAL HARDWARE 543076420,"Boise Cascade Building Materials, 543076420, Industrial Hardware",Boise Cascade Building Materials Industrial Hardware Model 543076420. ,Industrial Hardware,,,,,,,,,,,,,,,,,,,,,,,,,,,Industrial Hardware,Size,,,Material,,,,,,,,,,,,,,,,,,,,,,,,,,,,,,,,,,,,,,,,,,,,,,,,,,,,,,,,,,,,,,,,,,,,,,,,,,,,,,,,,,,,,,,,,,,,,,,,,,,,,,,,,,,,,,,,,,,,,,,,,,,,,,,,,,,,,,,,,,,,,,,,,,,,,,,,,,,,,,,,,,,,,,,,,,,,,,,,,,,,,,,,,,,,,,,,,
,,,,,,,Hardware,General Hardware,Hardware Accessories,,1516870,1nx6-16' Golden Hour Sq Edge - Trex Enhance Naturals Decking,TREX,,,Boise Cascade Building Materials (BOICA),Boise Cascade Building Materials,Boise Cascade Building Materials,,1516870,,Industrial & Commercial Supplies>Hardware>General Hardware,"Boise Cascade Building Materials, Industrial Hardware, 1516870",INDUSTRIAL HARDWARE 1516870,"Boise Cascade Building Materials, 1516870, Industrial Hardware",Boise Cascade Building Materials Industrial Hardware Model 1516870. ,Industrial Hardware,,,,,,,,,,,,,,,,,,,,,,,,,,,Industrial Hardware,Size,,,Material,,,,,,,,,,,,,,,,,,,,,,,,,,,,,,,,,,,,,,,,,,,,,,,,,,,,,,,,,,,,,,,,,,,,,,,,,,,,,,,,,,,,,,,,,,,,,,,,,,,,,,,,,,,,,,,,,,,,,,,,,,,,,,,,,,,,,,,,,,,,,,,,,,,,,,,,,,,,,,,,,,,,,,,,,,,,,,,,,,,,,,,,,,,,,,,,,
,,,,,,,Hardware,General Hardware,Hardware Accessories,,1516871,1nx6-20' Golden Hour Sq Edge - Trex Enhance Naturals Decking,TREX,,,Boise Cascade Building Materials (BOICA),Boise Cascade Building Materials,Boise Cascade Building Materials,,1516871,,Industrial & Commercial Supplies>Hardware>General Hardware,"Boise Cascade Building Materials, Industrial Hardware, 1516871",INDUSTRIAL HARDWARE 1516871,"Boise Cascade Building Materials, 1516871, Industrial Hardware",Boise Cascade Building Materials Industrial Hardware Model 1516871. ,Industrial Hardware,,,,,,,,,,,,,,,,,,,,,,,,,,,Industrial Hardware,Size,,,Material,,,,,,,,,,,,,,,,,,,,,,,,,,,,,,,,,,,,,,,,,,,,,,,,,,,,,,,,,,,,,,,,,,,,,,,,,,,,,,,,,,,,,,,,,,,,,,,,,,,,,,,,,,,,,,,,,,,,,,,,,,,,,,,,,,,,,,,,,,,,,,,,,,,,,,,,,,,,,,,,,,,,,,,,,,,,,,,,,,,,,,,,,,,,,,,,,
,,,,,,,Hardware,General Hardware,Hardware Accessories,,1516872,1nx6-12' Golden Hour Grooved - Trex Enhance Naturals Decking,TREX,,,Boise Cascade Building Materials (BOICA),Boise Cascade Building Materials,Boise Cascade Building Materials,,1516872,,Industrial & Commercial Supplies>Hardware>General Hardware,"Boise Cascade Building Materials, Industrial Hardware, 1516872",INDUSTRIAL HARDWARE 1516872,"Boise Cascade Building Materials, 1516872, Industrial Hardware",Boise Cascade Building Materials Industrial Hardware Model 1516872. ,Industrial Hardware,,,,,,,,,,,,,,,,,,,,,,,,,,,Industrial Hardware,Size,,,Material,,,,,,,,,,,,,,,,,,,,,,,,,,,,,,,,,,,,,,,,,,,,,,,,,,,,,,,,,,,,,,,,,,,,,,,,,,,,,,,,,,,,,,,,,,,,,,,,,,,,,,,,,,,,,,,,,,,,,,,,,,,,,,,,,,,,,,,,,,,,,,,,,,,,,,,,,,,,,,,,,,,,,,,,,,,,,,,,,,,,,,,,,,,,,,,,,
,,,,,,,Hardware,General Hardware,Hardware Accessories,,1516873,1nx6-16' Golden Hour Grooved - Trex Enhance Naturals Decking,TREX,,,Boise Cascade Building Materials (BOICA),Boise Cascade Building Materials,Boise Cascade Building Materials,,1516873,,Industrial & Commercial Supplies>Hardware>General Hardware,"Boise Cascade Building Materials, Industrial Hardware, 1516873",INDUSTRIAL HARDWARE 1516873,"Boise Cascade Building Materials, 1516873, Industrial Hardware",Boise Cascade Building Materials Industrial Hardware Model 1516873. ,Industrial Hardware,,,,,,,,,,,,,,,,,,,,,,,,,,,Industrial Hardware,Size,,,Material,,,,,,,,,,,,,,,,,,,,,,,,,,,,,,,,,,,,,,,,,,,,,,,,,,,,,,,,,,,,,,,,,,,,,,,,,,,,,,,,,,,,,,,,,,,,,,,,,,,,,,,,,,,,,,,,,,,,,,,,,,,,,,,,,,,,,,,,,,,,,,,,,,,,,,,,,,,,,,,,,,,,,,,,,,,,,,,,,,,,,,,,,,,,,,,,,
,,,,,,,Hardware,General Hardware,Hardware Accessories,,1516874,1nx6-20' Golden Hour Grooved - Trex Enhance Naturals Decking,TREX,,,Boise Cascade Building Materials (BOICA),Boise Cascade Building Materials,Boise Cascade Building Materials,,1516874,,Industrial & Commercial Supplies>Hardware>General Hardware,"Boise Cascade Building Materials, Industrial Hardware, 1516874",INDUSTRIAL HARDWARE 1516874,"Boise Cascade Building Materials, 1516874, Industrial Hardware",Boise Cascade Building Materials Industrial Hardware Model 1516874. ,Industrial Hardware,,,,,,,,,,,,,,,,,,,,,,,,,,,Industrial Hardware,Size,,,Material,,,,,,,,,,,,,,,,,,,,,,,,,,,,,,,,,,,,,,,,,,,,,,,,,,,,,,,,,,,,,,,,,,,,,,,,,,,,,,,,,,,,,,,,,,,,,,,,,,,,,,,,,,,,,,,,,,,,,,,,,,,,,,,,,,,,,,,,,,,,,,,,,,,,,,,,,,,,,,,,,,,,,,,,,,,,,,,,,,,,,,,,,,,,,,,,,
,,,,,,,Hardware,General Hardware,Hardware Accessories,,1516879,1nx6-16' Pebble Beach Sq Edge - Trex Enhance Basics Decking,TREX,,,Boise Cascade Building Materials (BOICA),Boise Cascade Building Materials,Boise Cascade Building Materials,,1516879,,Industrial & Commercial Supplies>Hardware>General Hardware,"Boise Cascade Building Materials, Industrial Hardware, 1516879",INDUSTRIAL HARDWARE 1516879,"Boise Cascade Building Materials, 1516879, Industrial Hardware",Boise Cascade Building Materials Industrial Hardware Model 1516879. ,Industrial Hardware,,,,,,,,,,,,,,,,,,,,,,,,,,,Industrial Hardware,Size,,,Material,,,,,,,,,,,,,,,,,,,,,,,,,,,,,,,,,,,,,,,,,,,,,,,,,,,,,,,,,,,,,,,,,,,,,,,,,,,,,,,,,,,,,,,,,,,,,,,,,,,,,,,,,,,,,,,,,,,,,,,,,,,,,,,,,,,,,,,,,,,,,,,,,,,,,,,,,,,,,,,,,,,,,,,,,,,,,,,,,,,,,,,,,,,,,,,,,
,,,,,,,Hardware,General Hardware,Hardware Accessories,,1516880,1nx6-20' Pebble Beach Sq Edge - Trex Enhance Basics Decking,TREX,,,Boise Cascade Building Materials (BOICA),Boise Cascade Building Materials,Boise Cascade Building Materials,,1516880,,Industrial & Commercial Supplies>Hardware>General Hardware,"Boise Cascade Building Materials, Industrial Hardware, 1516880",INDUSTRIAL HARDWARE 1516880,"Boise Cascade Building Materials, 1516880, Industrial Hardware",Boise Cascade Building Materials Industrial Hardware Model 1516880. ,Industrial Hardware,,,,,,,,,,,,,,,,,,,,,,,,,,,Industrial Hardware,Size,,,Material,,,,,,,,,,,,,,,,,,,,,,,,,,,,,,,,,,,,,,,,,,,,,,,,,,,,,,,,,,,,,,,,,,,,,,,,,,,,,,,,,,,,,,,,,,,,,,,,,,,,,,,,,,,,,,,,,,,,,,,,,,,,,,,,,,,,,,,,,,,,,,,,,,,,,,,,,,,,,,,,,,,,,,,,,,,,,,,,,,,,,,,,,,,,,,,,,
,,,,,,,Hardware,General Hardware,Hardware Accessories,,1516881,1nx6-12' Pebble Beach Grooved - Trex Enhance Basics Decking,TREX,,,Boise Cascade Building Materials (BOICA),Boise Cascade Building Materials,Boise Cascade Building Materials,,1516881,,Industrial & Commercial Supplies>Hardware>General Hardware,"Boise Cascade Building Materials, Industrial Hardware, 1516881",INDUSTRIAL HARDWARE 1516881,"Boise Cascade Building Materials, 1516881, Industrial Hardware",Boise Cascade Building Materials Industrial Hardware Model 1516881. ,Industrial Hardware,,,,,,,,,,,,,,,,,,,,,,,,,,,Industrial Hardware,Size,,,Material,,,,,,,,,,,,,,,,,,,,,,,,,,,,,,,,,,,,,,,,,,,,,,,,,,,,,,,,,,,,,,,,,,,,,,,,,,,,,,,,,,,,,,,,,,,,,,,,,,,,,,,,,,,,,,,,,,,,,,,,,,,,,,,,,,,,,,,,,,,,,,,,,,,,,,,,,,,,,,,,,,,,,,,,,,,,,,,,,,,,,,,,,,,,,,,,,
,,,,,,,Hardware,General Hardware,Hardware Accessories,,1516882,1nx6-16' Pebble Beach Grooved - Trex Enhance Basics Decking,TREX,,,Boise Cascade Building Materials (BOICA),Boise Cascade Building Materials,Boise Cascade Building Materials,,1516882,,Industrial & Commercial Supplies>Hardware>General Hardware,"Boise Cascade Building Materials, Industrial Hardware, 1516882",INDUSTRIAL HARDWARE 1516882,"Boise Cascade Building Materials, 1516882, Industrial Hardware",Boise Cascade Building Materials Industrial Hardware Model 1516882. ,Industrial Hardware,,,,,,,,,,,,,,,,,,,,,,,,,,,Industrial Hardware,Size,,,Material,,,,,,,,,,,,,,,,,,,,,,,,,,,,,,,,,,,,,,,,,,,,,,,,,,,,,,,,,,,,,,,,,,,,,,,,,,,,,,,,,,,,,,,,,,,,,,,,,,,,,,,,,,,,,,,,,,,,,,,,,,,,,,,,,,,,,,,,,,,,,,,,,,,,,,,,,,,,,,,,,,,,,,,,,,,,,,,,,,,,,,,,,,,,,,,,,
,,,,,,,Hardware,General Hardware,Hardware Accessories,,1516883,1nx6-20' Pebble Beach Grooved - Trex Enhance Basics Decking,TREX,,,Boise Cascade Building Materials (BOICA),Boise Cascade Building Materials,Boise Cascade Building Materials,,1516883,,Industrial & Commercial Supplies>Hardware>General Hardware,"Boise Cascade Building Materials, Industrial Hardware, 1516883",INDUSTRIAL HARDWARE 1516883,"Boise Cascade Building Materials, 1516883, Industrial Hardware",Boise Cascade Building Materials Industrial Hardware Model 1516883. ,Industrial Hardware,,,,,,,,,,,,,,,,,,,,,,,,,,,Industrial Hardware,Size,,,Material,,,,,,,,,,,,,,,,,,,,,,,,,,,,,,,,,,,,,,,,,,,,,,,,,,,,,,,,,,,,,,,,,,,,,,,,,,,,,,,,,,,,,,,,,,,,,,,,,,,,,,,,,,,,,,,,,,,,,,,,,,,,,,,,,,,,,,,,,,,,,,,,,,,,,,,,,,,,,,,,,,,,,,,,,,,,,,,,,,,,,,,,,,,,,,,,,
,,,,,,,Hardware,General Hardware,Hardware Accessories,,543005016,7/8nx6-16' Malted Barley Sq Edge - Trex Select 2.0 Decking,TREX,,,Boise Cascade Building Materials (BOICA),Boise Cascade Building Materials,Boise Cascade Building Materials,,543005016,,Industrial & Commercial Supplies>Hardware>General Hardware,"Boise Cascade Building Materials, Industrial Hardware, 543005016",INDUSTRIAL HARDWARE 543005016,"Boise Cascade Building Materials, 543005016, Industrial Hardware",Boise Cascade Building Materials Industrial Hardware Model 543005016. ,Industrial Hardware,,,,,,,,,,,,,,,,,,,,,,,,,,,Industrial Hardware,Size,,,Material,,,,,,,,,,,,,,,,,,,,,,,,,,,,,,,,,,,,,,,,,,,,,,,,,,,,,,,,,,,,,,,,,,,,,,,,,,,,,,,,,,,,,,,,,,,,,,,,,,,,,,,,,,,,,,,,,,,,,,,,,,,,,,,,,,,,,,,,,,,,,,,,,,,,,,,,,,,,,,,,,,,,,,,,,,,,,,,,,,,,,,,,,,,,,,,,,
,,,,,,,Hardware,General Hardware,Hardware Accessories,,543005020,7/8nx6-20' Malted Barley Sq Edge - Trex Select 2.0 Decking,TREX,,,Boise Cascade Building Materials (BOICA),Boise Cascade Building Materials,Boise Cascade Building Materials,,543005020,,Industrial & Commercial Supplies>Hardware>General Hardware,"Boise Cascade Building Materials, Industrial Hardware, 543005020",INDUSTRIAL HARDWARE 543005020,"Boise Cascade Building Materials, 543005020, Industrial Hardware",Boise Cascade Building Materials Industrial Hardware Model 543005020. ,Industrial Hardware,,,,,,,,,,,,,,,,,,,,,,,,,,,Industrial Hardware,Size,,,Material,,,,,,,,,,,,,,,,,,,,,,,,,,,,,,,,,,,,,,,,,,,,,,,,,,,,,,,,,,,,,,,,,,,,,,,,,,,,,,,,,,,,,,,,,,,,,,,,,,,,,,,,,,,,,,,,,,,,,,,,,,,,,,,,,,,,,,,,,,,,,,,,,,,,,,,,,,,,,,,,,,,,,,,,,,,,,,,,,,,,,,,,,,,,,,,,,
,,,,,,,Hardware,General Hardware,Hardware Accessories,,543005412,7/8nx6-12' Malted Barley Grooved - Trex Select 2.0 Decking,TREX,,,Boise Cascade Building Materials (BOICA),Boise Cascade Building Materials,Boise Cascade Building Materials,,543005412,,Industrial & Commercial Supplies>Hardware>General Hardware,"Boise Cascade Building Materials, Industrial Hardware, 543005412",INDUSTRIAL HARDWARE 543005412,"Boise Cascade Building Materials, 543005412, Industrial Hardware",Boise Cascade Building Materials Industrial Hardware Model 543005412. ,Industrial Hardware,,,,,,,,,,,,,,,,,,,,,,,,,,,Industrial Hardware,Size,,,Material,,,,,,,,,,,,,,,,,,,,,,,,,,,,,,,,,,,,,,,,,,,,,,,,,,,,,,,,,,,,,,,,,,,,,,,,,,,,,,,,,,,,,,,,,,,,,,,,,,,,,,,,,,,,,,,,,,,,,,,,,,,,,,,,,,,,,,,,,,,,,,,,,,,,,,,,,,,,,,,,,,,,,,,,,,,,,,,,,,,,,,,,,,,,,,,,,
,,,,,,,Hardware,General Hardware,Hardware Accessories,,543005416,7/8nx6-16' Malted Barley Grooved - Trex Select 2.0 Decking,TREX,,,Boise Cascade Building Materials (BOICA),Boise Cascade Building Materials,Boise Cascade Building Materials,,543005416,,Industrial & Commercial Supplies>Hardware>General Hardware,"Boise Cascade Building Materials, Industrial Hardware, 543005416",INDUSTRIAL HARDWARE 543005416,"Boise Cascade Building Materials, 543005416, Industrial Hardware",Boise Cascade Building Materials Industrial Hardware Model 543005416. ,Industrial Hardware,,,,,,,,,,,,,,,,,,,,,,,,,,,Industrial Hardware,Size,,,Material,,,,,,,,,,,,,,,,,,,,,,,,,,,,,,,,,,,,,,,,,,,,,,,,,,,,,,,,,,,,,,,,,,,,,,,,,,,,,,,,,,,,,,,,,,,,,,,,,,,,,,,,,,,,,,,,,,,,,,,,,,,,,,,,,,,,,,,,,,,,,,,,,,,,,,,,,,,,,,,,,,,,,,,,,,,,,,,,,,,,,,,,,,,,,,,,,
,,,,,,,Hardware,General Hardware,Hardware Accessories,,543005420,7/8nx6-20' Malted Barley Grooved - Trex Select 2.0 Decking,TREX,,,Boise Cascade Building Materials (BOICA),Boise Cascade Building Materials,Boise Cascade Building Materials,,543005420,,Industrial & Commercial Supplies>Hardware>General Hardware,"Boise Cascade Building Materials, Industrial Hardware, 543005420",INDUSTRIAL HARDWARE 543005420,"Boise Cascade Building Materials, 543005420, Industrial Hardware",Boise Cascade Building Materials Industrial Hardware Model 543005420. ,Industrial Hardware,,,,,,,,,,,,,,,,,,,,,,,,,,,Industrial Hardware,Size,,,Material,,,,,,,,,,,,,,,,,,,,,,,,,,,,,,,,,,,,,,,,,,,,,,,,,,,,,,,,,,,,,,,,,,,,,,,,,,,,,,,,,,,,,,,,,,,,,,,,,,,,,,,,,,,,,,,,,,,,,,,,,,,,,,,,,,,,,,,,,,,,,,,,,,,,,,,,,,,,,,,,,,,,,,,,,,,,,,,,,,,,,,,,,,,,,,,,,
,,,,,,,Hardware,General Hardware,Hardware Accessories,,1516891,7/8nx6-16' Millstone Sq Edge - Trex Select 2.0 Decking,TREX,,,Boise Cascade Building Materials (BOICA),Boise Cascade Building Materials,Boise Cascade Building Materials,,1516891,,Industrial & Commercial Supplies>Hardware>General Hardware,"Boise Cascade Building Materials, Industrial Hardware, 1516891",INDUSTRIAL HARDWARE 1516891,"Boise Cascade Building Materials, 1516891, Industrial Hardware",Boise Cascade Building Materials Industrial Hardware Model 1516891. ,Industrial Hardware,,,,,,,,,,,,,,,,,,,,,,,,,,,Industrial Hardware,Size,,,Material,,,,,,,,,,,,,,,,,,,,,,,,,,,,,,,,,,,,,,,,,,,,,,,,,,,,,,,,,,,,,,,,,,,,,,,,,,,,,,,,,,,,,,,,,,,,,,,,,,,,,,,,,,,,,,,,,,,,,,,,,,,,,,,,,,,,,,,,,,,,,,,,,,,,,,,,,,,,,,,,,,,,,,,,,,,,,,,,,,,,,,,,,,,,,,,,,
,,,,,,,Hardware,General Hardware,Hardware Accessories,,1516892,7/8nx6-20' Millstone Sq Edge -Trex Select 2.0 Decking,TREX,,,Boise Cascade Building Materials (BOICA),Boise Cascade Building Materials,Boise Cascade Building Materials,,1516892,,Industrial & Commercial Supplies>Hardware>General Hardware,"Boise Cascade Building Materials, Industrial Hardware, 1516892",INDUSTRIAL HARDWARE 1516892,"Boise Cascade Building Materials, 1516892, Industrial Hardware",Boise Cascade Building Materials Industrial Hardware Model 1516892. ,Industrial Hardware,,,,,,,,,,,,,,,,,,,,,,,,,,,Industrial Hardware,Size,,,Material,,,,,,,,,,,,,,,,,,,,,,,,,,,,,,,,,,,,,,,,,,,,,,,,,,,,,,,,,,,,,,,,,,,,,,,,,,,,,,,,,,,,,,,,,,,,,,,,,,,,,,,,,,,,,,,,,,,,,,,,,,,,,,,,,,,,,,,,,,,,,,,,,,,,,,,,,,,,,,,,,,,,,,,,,,,,,,,,,,,,,,,,,,,,,,,,,
,,,,,,,Hardware,General Hardware,Hardware Accessories,,1516893,7/8nx6-12' Millstone Grooved - Trex Select 2.0 Decking,TREX,,,Boise Cascade Building Materials (BOICA),Boise Cascade Building Materials,Boise Cascade Building Materials,,1516893,,Industrial & Commercial Supplies>Hardware>General Hardware,"Boise Cascade Building Materials, Industrial Hardware, 1516893",INDUSTRIAL HARDWARE 1516893,"Boise Cascade Building Materials, 1516893, Industrial Hardware",Boise Cascade Building Materials Industrial Hardware Model 1516893. ,Industrial Hardware,,,,,,,,,,,,,,,,,,,,,,,,,,,Industrial Hardware,Size,,,Material,,,,,,,,,,,,,,,,,,,,,,,,,,,,,,,,,,,,,,,,,,,,,,,,,,,,,,,,,,,,,,,,,,,,,,,,,,,,,,,,,,,,,,,,,,,,,,,,,,,,,,,,,,,,,,,,,,,,,,,,,,,,,,,,,,,,,,,,,,,,,,,,,,,,,,,,,,,,,,,,,,,,,,,,,,,,,,,,,,,,,,,,,,,,,,,,,
,,,,,,,Hardware,General Hardware,Hardware Accessories,,1516894,7/8nx6-16' Millstone Grooved - Trex Select 2.0 Decking,TREX,,,Boise Cascade Building Materials (BOICA),Boise Cascade Building Materials,Boise Cascade Building Materials,,1516894,,Industrial & Commercial Supplies>Hardware>General Hardware,"Boise Cascade Building Materials, Industrial Hardware, 1516894",INDUSTRIAL HARDWARE 1516894,"Boise Cascade Building Materials, 1516894, Industrial Hardware",Boise Cascade Building Materials Industrial Hardware Model 1516894. ,Industrial Hardware,,,,,,,,,,,,,,,,,,,,,,,,,,,Industrial Hardware,Size,,,Material,,,,,,,,,,,,,,,,,,,,,,,,,,,,,,,,,,,,,,,,,,,,,,,,,,,,,,,,,,,,,,,,,,,,,,,,,,,,,,,,,,,,,,,,,,,,,,,,,,,,,,,,,,,,,,,,,,,,,,,,,,,,,,,,,,,,,,,,,,,,,,,,,,,,,,,,,,,,,,,,,,,,,,,,,,,,,,,,,,,,,,,,,,,,,,,,,
,,,,,,,Hardware,General Hardware,Hardware Accessories,,1516895,7/8nx6-20' Millstone Grooved - Trex Select 2.0 Decking,TREX,,,Boise Cascade Building Materials (BOICA),Boise Cascade Building Materials,Boise Cascade Building Materials,,1516895,,Industrial & Commercial Supplies>Hardware>General Hardware,"Boise Cascade Building Materials, Industrial Hardware, 1516895",INDUSTRIAL HARDWARE 1516895,"Boise Cascade Building Materials, 1516895, Industrial Hardware",Boise Cascade Building Materials Industrial Hardware Model 1516895. ,Industrial Hardware,,,,,,,,,,,,,,,,,,,,,,,,,,,Industrial Hardware,Size,,,Material,,,,,,,,,,,,,,,,,,,,,,,,,,,,,,,,,,,,,,,,,,,,,,,,,,,,,,,,,,,,,,,,,,,,,,,,,,,,,,,,,,,,,,,,,,,,,,,,,,,,,,,,,,,,,,,,,,,,,,,,,,,,,,,,,,,,,,,,,,,,,,,,,,,,,,,,,,,,,,,,,,,,,,,,,,,,,,,,,,,,,,,,,,,,,,,,,
,,,,,,,Hardware,General Hardware,Hardware Accessories,,543007016,7/8nx6-16' Whiskey Barrel Sq Edge - Trex Select 2.0 Decking,TREX,,,Boise Cascade Building Materials (BOICA),Boise Cascade Building Materials,Boise Cascade Building Materials,,543007016,,Industrial & Commercial Supplies>Hardware>General Hardware,"Boise Cascade Building Materials, Industrial Hardware, 543007016",INDUSTRIAL HARDWARE 543007016,"Boise Cascade Building Materials, 543007016, Industrial Hardware",Boise Cascade Building Materials Industrial Hardware Model 543007016. ,Industrial Hardware,,,,,,,,,,,,,,,,,,,,,,,,,,,Industrial Hardware,Size,,,Material,,,,,,,,,,,,,,,,,,,,,,,,,,,,,,,,,,,,,,,,,,,,,,,,,,,,,,,,,,,,,,,,,,,,,,,,,,,,,,,,,,,,,,,,,,,,,,,,,,,,,,,,,,,,,,,,,,,,,,,,,,,,,,,,,,,,,,,,,,,,,,,,,,,,,,,,,,,,,,,,,,,,,,,,,,,,,,,,,,,,,,,,,,,,,,,,,
,,,,,,,Hardware,General Hardware,Hardware Accessories,,543007020,7/8nx6-20' Whiskey Barrel Sq Edge - Trex Select 2.0 Decking,TREX,,,Boise Cascade Building Materials (BOICA),Boise Cascade Building Materials,Boise Cascade Building Materials,,543007020,,Industrial & Commercial Supplies>Hardware>General Hardware,"Boise Cascade Building Materials, Industrial Hardware, 543007020",INDUSTRIAL HARDWARE 543007020,"Boise Cascade Building Materials, 543007020, Industrial Hardware",Boise Cascade Building Materials Industrial Hardware Model 543007020. ,Industrial Hardware,,,,,,,,,,,,,,,,,,,,,,,,,,,Industrial Hardware,Size,,,Material,,,,,,,,,,,,,,,,,,,,,,,,,,,,,,,,,,,,,,,,,,,,,,,,,,,,,,,,,,,,,,,,,,,,,,,,,,,,,,,,,,,,,,,,,,,,,,,,,,,,,,,,,,,,,,,,,,,,,,,,,,,,,,,,,,,,,,,,,,,,,,,,,,,,,,,,,,,,,,,,,,,,,,,,,,,,,,,,,,,,,,,,,,,,,,,,,
,,,,,,,Hardware,General Hardware,Hardware Accessories,,543007412,7/8nx6-12' Whiskey Barrel Grooved - Trex Select 2.0 Decking,TREX,,,Boise Cascade Building Materials (BOICA),Boise Cascade Building Materials,Boise Cascade Building Materials,,543007412,,Industrial & Commercial Supplies>Hardware>General Hardware,"Boise Cascade Building Materials, Industrial Hardware, 543007412",INDUSTRIAL HARDWARE 543007412,"Boise Cascade Building Materials, 543007412, Industrial Hardware",Boise Cascade Building Materials Industrial Hardware Model 543007412. ,Industrial Hardware,,,,,,,,,,,,,,,,,,,,,,,,,,,Industrial Hardware,Size,,,Material,,,,,,,,,,,,,,,,,,,,,,,,,,,,,,,,,,,,,,,,,,,,,,,,,,,,,,,,,,,,,,,,,,,,,,,,,,,,,,,,,,,,,,,,,,,,,,,,,,,,,,,,,,,,,,,,,,,,,,,,,,,,,,,,,,,,,,,,,,,,,,,,,,,,,,,,,,,,,,,,,,,,,,,,,,,,,,,,,,,,,,,,,,,,,,,,,
,,,,,,,Hardware,General Hardware,Hardware Accessories,,543007416,7/8nx6-16' Whiskey Barrel Grooved - Trex Select 2.0 Decking,TREX,,,Boise Cascade Building Materials (BOICA),Boise Cascade Building Materials,Boise Cascade Building Materials,,543007416,,Industrial & Commercial Supplies>Hardware>General Hardware,"Boise Cascade Building Materials, Industrial Hardware, 543007416",INDUSTRIAL HARDWARE 543007416,"Boise Cascade Building Materials, 543007416, Industrial Hardware",Boise Cascade Building Materials Industrial Hardware Model 543007416. ,Industrial Hardware,,,,,,,,,,,,,,,,,,,,,,,,,,,Industrial Hardware,Size,,,Material,,,,,,,,,,,,,,,,,,,,,,,,,,,,,,,,,,,,,,,,,,,,,,,,,,,,,,,,,,,,,,,,,,,,,,,,,,,,,,,,,,,,,,,,,,,,,,,,,,,,,,,,,,,,,,,,,,,,,,,,,,,,,,,,,,,,,,,,,,,,,,,,,,,,,,,,,,,,,,,,,,,,,,,,,,,,,,,,,,,,,,,,,,,,,,,,,
,,,,,,,Hardware,General Hardware,Hardware Accessories,,543007420,7/8nx6-20' Whiskey Barrel Grooved - Trex Select 2.0 Decking,TREX,,,Boise Cascade Building Materials (BOICA),Boise Cascade Building Materials,Boise Cascade Building Materials,,543007420,,Industrial & Commercial Supplies>Hardware>General Hardware,"Boise Cascade Building Materials, Industrial Hardware, 543007420",INDUSTRIAL HARDWARE 543007420,"Boise Cascade Building Materials, 543007420, Industrial Hardware",Boise Cascade Building Materials Industrial Hardware Model 543007420. ,Industrial Hardware,,,,,,,,,,,,,,,,,,,,,,,,,,,Industrial Hardware,Size,,,Material,,,,,,,,,,,,,,,,,,,,,,,,,,,,,,,,,,,,,,,,,,,,,,,,,,,,,,,,,,,,,,,,,,,,,,,,,,,,,,,,,,,,,,,,,,,,,,,,,,,,,,,,,,,,,,,,,,,,,,,,,,,,,,,,,,,,,,,,,,,,,,,,,,,,,,,,,,,,,,,,,,,,,,,,,,,,,,,,,,,,,,,,,,,,,,,,,
,,,,,,,Hardware,General Hardware,Hardware Accessories,,ADR5117512CS,1x12-12' Coastline - Vintage Azek PVC Fascia,TIMBERTECH,,,Parksite (6151),Parksite,Parksite,,ADR5117512CS,,Industrial & Commercial Supplies>Hardware>General Hardware,"Parksite, Industrial Hardware, ADR5117512CS",INDUSTRIAL HARDWARE ADR5117512CS,"Parksite, ADR5117512CS, Industrial Hardware",Parksite Industrial Hardware Model ADR5117512CS. ,Industrial Hardware,,,,,,,,,,,,,,,,,,,,,,,,,,,Industrial Hardware,Size,,,Material,,,,,,,,,,,,,,,,,,,,,,,,,,,,,,,,,,,,,,,,,,,,,,,,,,,,,,,,,,,,,,,,,,,,,,,,,,,,,,,,,,,,,,,,,,,,,,,,,,,,,,,,,,,,,,,,,,,,,,,,,,,,,,,,,,,,,,,,,,,,,,,,,,,,,,,,,,,,,,,,,,,,,,,,,,,,,,,,,,,,,,,,,,,,,,,,,
,,,,,,,Hardware,General Hardware,Hardware Accessories,,ADR5117512MH,1x12-12' Mahogany - Vintage Azek PVC Fascia,TIMBERTECH,,,Parksite (6151),Parksite,Parksite,,ADR5117512MH,,Industrial & Commercial Supplies>Hardware>General Hardware,"Parksite, Industrial Hardware, ADR5117512MH",INDUSTRIAL HARDWARE ADR5117512MH,"Parksite, ADR5117512MH, Industrial Hardware",Parksite Industrial Hardware Model ADR5117512MH. ,Industrial Hardware,,,,,,,,,,,,,,,,,,,,,,,,,,,Industrial Hardware,Size,,,Material,,,,,,,,,,,,,,,,,,,,,,,,,,,,,,,,,,,,,,,,,,,,,,,,,,,,,,,,,,,,,,,,,,,,,,,,,,,,,,,,,,,,,,,,,,,,,,,,,,,,,,,,,,,,,,,,,,,,,,,,,,,,,,,,,,,,,,,,,,,,,,,,,,,,,,,,,,,,,,,,,,,,,,,,,,,,,,,,,,,,,,,,,,,,,,,,,
,,,,,,,Hardware,General Hardware,Hardware Accessories,,ADR5117512WT,1x12-12' Weathered Teak - Vintage Azek PVC Fascia,TIMBERTECH,,,Parksite (6151),Parksite,Parksite,,ADR5117512WT,,Industrial & Commercial Supplies>Hardware>General Hardware,"Parksite, Industrial Hardware, ADR5117512WT",INDUSTRIAL HARDWARE ADR5117512WT,"Parksite, ADR5117512WT, Industrial Hardware",Parksite Industrial Hardware Model ADR5117512WT. ,Industrial Hardware,,,,,,,,,,,,,,,,,,,,,,,,,,,Industrial Hardware,Size,,,Material,,,,,,,,,,,,,,,,,,,,,,,,,,,,,,,,,,,,,,,,,,,,,,,,,,,,,,,,,,,,,,,,,,,,,,,,,,,,,,,,,,,,,,,,,,,,,,,,,,,,,,,,,,,,,,,,,,,,,,,,,,,,,,,,,,,,,,,,,,,,,,,,,,,,,,,,,,,,,,,,,,,,,,,,,,,,,,,,,,,,,,,,,,,,,,,,,
,,,,,,,Hardware,General Hardware,Hardware Accessories,,ADR5117512AW,1x12-12' American Walnut - Landmark Azek PVC Fascia,TIMBERTECH,,,Parksite (6151),Parksite,Parksite,,ADR5117512AW,,Industrial & Commercial Supplies>Hardware>General Hardware,"Parksite, Industrial Hardware, ADR5117512AW",INDUSTRIAL HARDWARE ADR5117512AW,"Parksite, ADR5117512AW, Industrial Hardware",Parksite Industrial Hardware Model ADR5117512AW. ,Industrial Hardware,,,,,,,,,,,,,,,,,,,,,,,,,,,Industrial Hardware,Size,,,Material,,,,,,,,,,,,,,,,,,,,,,,,,,,,,,,,,,,,,,,,,,,,,,,,,,,,,,,,,,,,,,,,,,,,,,,,,,,,,,,,,,,,,,,,,,,,,,,,,,,,,,,,,,,,,,,,,,,,,,,,,,,,,,,,,,,,,,,,,,,,,,,,,,,,,,,,,,,,,,,,,,,,,,,,,,,,,,,,,,,,,,,,,,,,,,,,,
,,,,,,,Hardware,General Hardware,Hardware Accessories,,ADR5117512CG,1x12-12' Castle Gate - Landmark Azek PVC Fascia,TIMBERTECH,,,Parksite (6151),Parksite,Parksite,,ADR5117512CG,,Industrial & Commercial Supplies>Hardware>General Hardware,"Parksite, Industrial Hardware, ADR5117512CG",INDUSTRIAL HARDWARE ADR5117512CG,"Parksite, ADR5117512CG, Industrial Hardware",Parksite Industrial Hardware Model ADR5117512CG. ,Industrial Hardware,,,,,,,,,,,,,,,,,,,,,,,,,,,Industrial Hardware,Size,,,Material,,,,,,,,,,,,,,,,,,,,,,,,,,,,,,,,,,,,,,,,,,,,,,,,,,,,,,,,,,,,,,,,,,,,,,,,,,,,,,,,,,,,,,,,,,,,,,,,,,,,,,,,,,,,,,,,,,,,,,,,,,,,,,,,,,,,,,,,,,,,,,,,,,,,,,,,,,,,,,,,,,,,,,,,,,,,,,,,,,,,,,,,,,,,,,,,,
,,,,,,,Hardware,General Hardware,Hardware Accessories,,ADR5117512FW,1x12-12' French White Oak - Landmark Azek PVC Fascia,TIMBERTECH,,,Parksite (6151),Parksite,Parksite,,ADR5117512FW,,Industrial & Commercial Supplies>Hardware>General Hardware,"Parksite, Industrial Hardware, ADR5117512FW",INDUSTRIAL HARDWARE ADR5117512FW,"Parksite, ADR5117512FW, Industrial Hardware",Parksite Industrial Hardware Model ADR5117512FW. ,Industrial Hardware,,,,,,,,,,,,,,,,,,,,,,,,,,,Industrial Hardware,Size,,,Material,,,,,,,,,,,,,,,,,,,,,,,,,,,,,,,,,,,,,,,,,,,,,,,,,,,,,,,,,,,,,,,,,,,,,,,,,,,,,,,,,,,,,,,,,,,,,,,,,,,,,,,,,,,,,,,,,,,,,,,,,,,,,,,,,,,,,,,,,,,,,,,,,,,,,,,,,,,,,,,,,,,,,,,,,,,,,,,,,,,,,,,,,,,,,,,,,
,,,,,,,Hardware,General Hardware,Hardware Accessories,,1508395,1x8-12' Brownstone - Harvest Azek PVC Fascia,TIMBERTECH,,,Parksite (6151),Parksite,Parksite,,1508395,,Industrial & Commercial Supplies>Hardware>General Hardware,"Parksite, Industrial Hardware, 1508395",INDUSTRIAL HARDWARE 1508395,"Parksite, 1508395, Industrial Hardware",Parksite Industrial Hardware Model 1508395. ,Industrial Hardware,,,,,,,,,,,,,,,,,,,,,,,,,,,Industrial Hardware,Size,,,Material,,,,,,,,,,,,,,,,,,,,,,,,,,,,,,,,,,,,,,,,,,,,,,,,,,,,,,,,,,,,,,,,,,,,,,,,,,,,,,,,,,,,,,,,,,,,,,,,,,,,,,,,,,,,,,,,,,,,,,,,,,,,,,,,,,,,,,,,,,,,,,,,,,,,,,,,,,,,,,,,,,,,,,,,,,,,,,,,,,,,,,,,,,,,,,,,,
,,,,,,,Hardware,General Hardware,Hardware Accessories,,1508396,1x8-12' Slate Gray - Harvest Azek PVC Fascia,TIMBERTECH,,,Parksite (6151),Parksite,Parksite,,1508396,,Industrial & Commercial Supplies>Hardware>General Hardware,"Parksite, Industrial Hardware, 1508396",INDUSTRIAL HARDWARE 1508396,"Parksite, 1508396, Industrial Hardware",Parksite Industrial Hardware Model 1508396. ,Industrial Hardware,,,,,,,,,,,,,,,,,,,,,,,,,,,Industrial Hardware,Size,,,Material,,,,,,,,,,,,,,,,,,,,,,,,,,,,,,,,,,,,,,,,,,,,,,,,,,,,,,,,,,,,,,,,,,,,,,,,,,,,,,,,,,,,,,,,,,,,,,,,,,,,,,,,,,,,,,,,,,,,,,,,,,,,,,,,,,,,,,,,,,,,,,,,,,,,,,,,,,,,,,,,,,,,,,,,,,,,,,,,,,,,,,,,,,,,,,,,,
,,,,,,,Hardware,General Hardware,Hardware Accessories,,ADCR5117512BS,1x12-12' Brownstone - Harvest Azek PVC Fascia,TIMBERTECH,,,Parksite (6151),Parksite,Parksite,,ADCR5117512BS,,Industrial & Commercial Supplies>Hardware>General Hardware,"Parksite, Industrial Hardware, ADCR5117512BS",INDUSTRIAL HARDWARE ADCR5117512BS,"Parksite, ADCR5117512BS, Industrial Hardware",Parksite Industrial Hardware Model ADCR5117512BS. ,Industrial Hardware,,,,,,,,,,,,,,,,,,,,,,,,,,,Industrial Hardware,Size,,,Material,,,,,,,,,,,,,,,,,,,,,,,,,,,,,,,,,,,,,,,,,,,,,,,,,,,,,,,,,,,,,,,,,,,,,,,,,,,,,,,,,,,,,,,,,,,,,,,,,,,,,,,,,,,,,,,,,,,,,,,,,,,,,,,,,,,,,,,,,,,,,,,,,,,,,,,,,,,,,,,,,,,,,,,,,,,,,,,,,,,,,,,,,,,,,,,,,
,,,,,,,Hardware,General Hardware,Hardware Accessories,,ADCR5117512SG,1x12-12' Slate Gray - Harvest Azek PVC Fascia,TIMBERTECH,,,Parksite (6151),Parksite,Parksite,,ADCR5117512SG,,Industrial & Commercial Supplies>Hardware>General Hardware,"Parksite, Industrial Hardware, ADCR5117512SG",INDUSTRIAL HARDWARE ADCR5117512SG,"Parksite, ADCR5117512SG, Industrial Hardware",Parksite Industrial Hardware Model ADCR5117512SG. ,Industrial Hardware,,,,,,,,,,,,,,,,,,,,,,,,,,,Industrial Hardware,Size,,,Material,,,,,,,,,,,,,,,,,,,,,,,,,,,,,,,,,,,,,,,,,,,,,,,,,,,,,,,,,,,,,,,,,,,,,,,,,,,,,,,,,,,,,,,,,,,,,,,,,,,,,,,,,,,,,,,,,,,,,,,,,,,,,,,,,,,,,,,,,,,,,,,,,,,,,,,,,,,,,,,,,,,,,,,,,,,,,,,,,,,,,,,,,,,,,,,,,
,,,,,,,Hardware,General Hardware,Hardware Accessories,,543140908,1x8-12' Biscayne - Trex Lineage,TREX,,,U S Lumber (3073),U S Lumber,U S Lumber,,543140908,,Industrial & Commercial Supplies>Hardware>General Hardware,"U S Lumber, Industrial Hardware, 543140908",INDUSTRIAL HARDWARE 543140908,"U S Lumber, 543140908, Industrial Hardware",U S Lumber Industrial Hardware Model 543140908. ,Industrial Hardware,,,,,,,,,,,,,,,,,,,,,,,,,,,Industrial Hardware,Size,,,Material,,,,,,,,,,,,,,,,,,,,,,,,,,,,,,,,,,,,,,,,,,,,,,,,,,,,,,,,,,,,,,,,,,,,,,,,,,,,,,,,,,,,,,,,,,,,,,,,,,,,,,,,,,,,,,,,,,,,,,,,,,,,,,,,,,,,,,,,,,,,,,,,,,,,,,,,,,,,,,,,,,,,,,,,,,,,,,,,,,,,,,,,,,,,,,,,,
,,,,,,,Hardware,General Hardware,Hardware Accessories,,543142908,1x8-12' Carmel - Trex Lineage,TREX,,,U S Lumber (3073),U S Lumber,U S Lumber,,543142908,,Industrial & Commercial Supplies>Hardware>General Hardware,"U S Lumber, Industrial Hardware, 543142908",INDUSTRIAL HARDWARE 543142908,"U S Lumber, 543142908, Industrial Hardware",U S Lumber Industrial Hardware Model 543142908. ,Industrial Hardware,,,,,,,,,,,,,,,,,,,,,,,,,,,Industrial Hardware,Size,,,Material,,,,,,,,,,,,,,,,,,,,,,,,,,,,,,,,,,,,,,,,,,,,,,,,,,,,,,,,,,,,,,,,,,,,,,,,,,,,,,,,,,,,,,,,,,,,,,,,,,,,,,,,,,,,,,,,,,,,,,,,,,,,,,,,,,,,,,,,,,,,,,,,,,,,,,,,,,,,,,,,,,,,,,,,,,,,,,,,,,,,,,,,,,,,,,,,,
,,,,,,,Hardware,General Hardware,Hardware Accessories,,543143908,1x8-12' Jasper - Trex Lineage,TREX,,,U S Lumber (3073),U S Lumber,U S Lumber,,543143908,,Industrial & Commercial Supplies>Hardware>General Hardware,"U S Lumber, Industrial Hardware, 543143908",INDUSTRIAL HARDWARE 543143908,"U S Lumber, 543143908, Industrial Hardware",U S Lumber Industrial Hardware Model 543143908. ,Industrial Hardware,,,,,,,,,,,,,,,,,,,,,,,,,,,Industrial Hardware,Size,,,Material,,,,,,,,,,,,,,,,,,,,,,,,,,,,,,,,,,,,,,,,,,,,,,,,,,,,,,,,,,,,,,,,,,,,,,,,,,,,,,,,,,,,,,,,,,,,,,,,,,,,,,,,,,,,,,,,,,,,,,,,,,,,,,,,,,,,,,,,,,,,,,,,,,,,,,,,,,,,,,,,,,,,,,,,,,,,,,,,,,,,,,,,,,,,,,,,,
,,,,,,,Hardware,General Hardware,Hardware Accessories,,543140912,1x12-12' Biscayne - Trex Lineage,TREX,,,U S Lumber (3073),U S Lumber,U S Lumber,,543140912,,Industrial & Commercial Supplies>Hardware>General Hardware,"U S Lumber, Industrial Hardware, 543140912",INDUSTRIAL HARDWARE 543140912,"U S Lumber, 543140912, Industrial Hardware",U S Lumber Industrial Hardware Model 543140912. ,Industrial Hardware,,,,,,,,,,,,,,,,,,,,,,,,,,,Industrial Hardware,Size,,,Material,,,,,,,,,,,,,,,,,,,,,,,,,,,,,,,,,,,,,,,,,,,,,,,,,,,,,,,,,,,,,,,,,,,,,,,,,,,,,,,,,,,,,,,,,,,,,,,,,,,,,,,,,,,,,,,,,,,,,,,,,,,,,,,,,,,,,,,,,,,,,,,,,,,,,,,,,,,,,,,,,,,,,,,,,,,,,,,,,,,,,,,,,,,,,,,,,
,,,,,,,Hardware,General Hardware,Hardware Accessories,,543142912,1x12-12' Carmel - Trex Lineage,TREX,,,U S Lumber (3073),U S Lumber,U S Lumber,,543142912,,Industrial & Commercial Supplies>Hardware>General Hardware,"U S Lumber, Industrial Hardware, 543142912",INDUSTRIAL HARDWARE 543142912,"U S Lumber, 543142912, Industrial Hardware",U S Lumber Industrial Hardware Model 543142912. ,Industrial Hardware,,,,,,,,,,,,,,,,,,,,,,,,,,,Industrial Hardware,Size,,,Material,,,,,,,,,,,,,,,,,,,,,,,,,,,,,,,,,,,,,,,,,,,,,,,,,,,,,,,,,,,,,,,,,,,,,,,,,,,,,,,,,,,,,,,,,,,,,,,,,,,,,,,,,,,,,,,,,,,,,,,,,,,,,,,,,,,,,,,,,,,,,,,,,,,,,,,,,,,,,,,,,,,,,,,,,,,,,,,,,,,,,,,,,,,,,,,,,
,,,,,,,Hardware,General Hardware,Hardware Accessories,,543143912,1x12-12' Jasper - Trex Lineage,TREX,,,U S Lumber (3073),U S Lumber,U S Lumber,,543143912,,Industrial & Commercial Supplies>Hardware>General Hardware,"U S Lumber, Industrial Hardware, 543143912",INDUSTRIAL HARDWARE 543143912,"U S Lumber, 543143912, Industrial Hardware",U S Lumber Industrial Hardware Model 543143912. ,Industrial Hardware,,,,,,,,,,,,,,,,,,,,,,,,,,,Industrial Hardware,Size,,,Material,,,,,,,,,,,,,,,,,,,,,,,,,,,,,,,,,,,,,,,,,,,,,,,,,,,,,,,,,,,,,,,,,,,,,,,,,,,,,,,,,,,,,,,,,,,,,,,,,,,,,,,,,,,,,,,,,,,,,,,,,,,,,,,,,,,,,,,,,,,,,,,,,,,,,,,,,,,,,,,,,,,,,,,,,,,,,,,,,,,,,,,,,,,,,,,,,
,,,,,,,Hardware,General Hardware,Hardware Accessories,,1513715,1x12-12' Hatteras - Trex Lineage,TREX,,,Boise Cascade Building Materials (BOICA),Boise Cascade Building Materials,Boise Cascade Building Materials,,1513715,,Industrial & Commercial Supplies>Hardware>General Hardware,"Boise Cascade Building Materials, Industrial Hardware, 1513715",INDUSTRIAL HARDWARE 1513715,"Boise Cascade Building Materials, 1513715, Industrial Hardware",Boise Cascade Building Materials Industrial Hardware Model 1513715. ,Industrial Hardware,,,,,,,,,,,,,,,,,,,,,,,,,,,Industrial Hardware,Size,,,Material,,,,,,,,,,,,,,,,,,,,,,,,,,,,,,,,,,,,,,,,,,,,,,,,,,,,,,,,,,,,,,,,,,,,,,,,,,,,,,,,,,,,,,,,,,,,,,,,,,,,,,,,,,,,,,,,,,,,,,,,,,,,,,,,,,,,,,,,,,,,,,,,,,,,,,,,,,,,,,,,,,,,,,,,,,,,,,,,,,,,,,,,,,,,,,,,,
,,,,,,,Hardware,General Hardware,Hardware Accessories,,1513716,1x12-12' Salt Flat - Trex Lineage,TREX,,,Boise Cascade Building Materials (BOICA),Boise Cascade Building Materials,Boise Cascade Building Materials,,1513716,,Industrial & Commercial Supplies>Hardware>General Hardware,"Boise Cascade Building Materials, Industrial Hardware, 1513716",INDUSTRIAL HARDWARE 1513716,"Boise Cascade Building Materials, 1513716, Industrial Hardware",Boise Cascade Building Materials Industrial Hardware Model 1513716. ,Industrial Hardware,,,,,,,,,,,,,,,,,,,,,,,,,,,Industrial Hardware,Size,,,Material,,,,,,,,,,,,,,,,,,,,,,,,,,,,,,,,,,,,,,,,,,,,,,,,,,,,,,,,,,,,,,,,,,,,,,,,,,,,,,,,,,,,,,,,,,,,,,,,,,,,,,,,,,,,,,,,,,,,,,,,,,,,,,,,,,,,,,,,,,,,,,,,,,,,,,,,,,,,,,,,,,,,,,,,,,,,,,,,,,,,,,,,,,,,,,,,,
,,,,,,,Hardware,General Hardware,Hardware Accessories,,1513722,1x8-12' Honey Grove - Trex Enhance Naturals Fascia,TREX,,,Boise Cascade Building Materials (BOICA),Boise Cascade Building Materials,Boise Cascade Building Materials,,1513722,,Industrial & Commercial Supplies>Hardware>General Hardware,"Boise Cascade Building Materials, Industrial Hardware, 1513722",INDUSTRIAL HARDWARE 1513722,"Boise Cascade Building Materials, 1513722, Industrial Hardware",Boise Cascade Building Materials Industrial Hardware Model 1513722. ,Industrial Hardware,,,,,,,,,,,,,,,,,,,,,,,,,,,Industrial Hardware,Size,,,Material,,,,,,,,,,,,,,,,,,,,,,,,,,,,,,,,,,,,,,,,,,,,,,,,,,,,,,,,,,,,,,,,,,,,,,,,,,,,,,,,,,,,,,,,,,,,,,,,,,,,,,,,,,,,,,,,,,,,,,,,,,,,,,,,,,,,,,,,,,,,,,,,,,,,,,,,,,,,,,,,,,,,,,,,,,,,,,,,,,,,,,,,,,,,,,,,,
,,,,,,,Hardware,General Hardware,Hardware Accessories,,1513723,1x12-12' Honey Grove - Trex Enhance Naturals Fascia,TREX,,,Boise Cascade Building Materials (BOICA),Boise Cascade Building Materials,Boise Cascade Building Materials,,1513723,,Industrial & Commercial Supplies>Hardware>General Hardware,"Boise Cascade Building Materials, Industrial Hardware, 1513723",INDUSTRIAL HARDWARE 1513723,"Boise Cascade Building Materials, 1513723, Industrial Hardware",Boise Cascade Building Materials Industrial Hardware Model 1513723. ,Industrial Hardware,,,,,,,,,,,,,,,,,,,,,,,,,,,Industrial Hardware,Size,,,Material,,,,,,,,,,,,,,,,,,,,,,,,,,,,,,,,,,,,,,,,,,,,,,,,,,,,,,,,,,,,,,,,,,,,,,,,,,,,,,,,,,,,,,,,,,,,,,,,,,,,,,,,,,,,,,,,,,,,,,,,,,,,,,,,,,,,,,,,,,,,,,,,,,,,,,,,,,,,,,,,,,,,,,,,,,,,,,,,,,,,,,,,,,,,,,,,,
,,,,,,,Hardware,General Hardware,Hardware Accessories,,1513729,1x8-12' Tide Pool - Trex Enhance Basics Fascia,TREX,,,Boise Cascade Building Materials (BOICA),Boise Cascade Building Materials,Boise Cascade Building Materials,,1513729,,Industrial & Commercial Supplies>Hardware>General Hardware,"Boise Cascade Building Materials, Industrial Hardware, 1513729",INDUSTRIAL HARDWARE 1513729,"Boise Cascade Building Materials, 1513729, Industrial Hardware",Boise Cascade Building Materials Industrial Hardware Model 1513729. ,Industrial Hardware,,,,,,,,,,,,,,,,,,,,,,,,,,,Industrial Hardware,Size,,,Material,,,,,,,,,,,,,,,,,,,,,,,,,,,,,,,,,,,,,,,,,,,,,,,,,,,,,,,,,,,,,,,,,,,,,,,,,,,,,,,,,,,,,,,,,,,,,,,,,,,,,,,,,,,,,,,,,,,,,,,,,,,,,,,,,,,,,,,,,,,,,,,,,,,,,,,,,,,,,,,,,,,,,,,,,,,,,,,,,,,,,,,,,,,,,,,,,
,,,,,,,Hardware,General Hardware,Hardware Accessories,,1513730,1x12-12' Tide Pool - Trex Enhance Basics Fascia,TREX,,,Boise Cascade Building Materials (BOICA),Boise Cascade Building Materials,Boise Cascade Building Materials,,1513730,,Industrial & Commercial Supplies>Hardware>General Hardware,"Boise Cascade Building Materials, Industrial Hardware, 1513730",INDUSTRIAL HARDWARE 1513730,"Boise Cascade Building Materials, 1513730, Industrial Hardware",Boise Cascade Building Materials Industrial Hardware Model 1513730. ,Industrial Hardware,,,,,,,,,,,,,,,,,,,,,,,,,,,Industrial Hardware,Size,,,Material,,,,,,,,,,,,,,,,,,,,,,,,,,,,,,,,,,,,,,,,,,,,,,,,,,,,,,,,,,,,,,,,,,,,,,,,,,,,,,,,,,,,,,,,,,,,,,,,,,,,,,,,,,,,,,,,,,,,,,,,,,,,,,,,,,,,,,,,,,,,,,,,,,,,,,,,,,,,,,,,,,,,,,,,,,,,,,,,,,,,,,,,,,,,,,,,,
,,,,,,,Hardware,General Hardware,Hardware Accessories,,543076916,1x8-12' Cinnamon Cove - Trex Enhance Naturals Fascia,TREX,,,Boise Cascade Building Materials (BOICA),Boise Cascade Building Materials,Boise Cascade Building Materials,,543076916,,Industrial & Commercial Supplies>Hardware>General Hardware,"Boise Cascade Building Materials, Industrial Hardware, 543076916",INDUSTRIAL HARDWARE 543076916,"Boise Cascade Building Materials, 543076916, Industrial Hardware",Boise Cascade Building Materials Industrial Hardware Model 543076916. ,Industrial Hardware,,,,,,,,,,,,,,,,,,,,,,,,,,,Industrial Hardware,Size,,,Material,,,,,,,,,,,,,,,,,,,,,,,,,,,,,,,,,,,,,,,,,,,,,,,,,,,,,,,,,,,,,,,,,,,,,,,,,,,,,,,,,,,,,,,,,,,,,,,,,,,,,,,,,,,,,,,,,,,,,,,,,,,,,,,,,,,,,,,,,,,,,,,,,,,,,,,,,,,,,,,,,,,,,,,,,,,,,,,,,,,,,,,,,,,,,,,,,
,,,,,,,Hardware,General Hardware,Hardware Accessories,,1516876,1x8-12' Golden Hour - Trex Enhance Naturals Fascia,TREX,,,Boise Cascade Building Materials (BOICA),Boise Cascade Building Materials,Boise Cascade Building Materials,,1516876,,Industrial & Commercial Supplies>Hardware>General Hardware,"Boise Cascade Building Materials, Industrial Hardware, 1516876",INDUSTRIAL HARDWARE 1516876,"Boise Cascade Building Materials, 1516876, Industrial Hardware",Boise Cascade Building Materials Industrial Hardware Model 1516876. ,Industrial Hardware,,,,,,,,,,,,,,,,,,,,,,,,,,,Industrial Hardware,Size,,,Material,,,,,,,,,,,,,,,,,,,,,,,,,,,,,,,,,,,,,,,,,,,,,,,,,,,,,,,,,,,,,,,,,,,,,,,,,,,,,,,,,,,,,,,,,,,,,,,,,,,,,,,,,,,,,,,,,,,,,,,,,,,,,,,,,,,,,,,,,,,,,,,,,,,,,,,,,,,,,,,,,,,,,,,,,,,,,,,,,,,,,,,,,,,,,,,,,
,,,,,,,Hardware,General Hardware,Hardware Accessories,,543076936,1x12-12' Cinnamon Cove - Trex Enhance Naturals Fascia,TREX,,,Boise Cascade Building Materials (BOICA),Boise Cascade Building Materials,Boise Cascade Building Materials,,543076936,,Industrial & Commercial Supplies>Hardware>General Hardware,"Boise Cascade Building Materials, Industrial Hardware, 543076936",INDUSTRIAL HARDWARE 543076936,"Boise Cascade Building Materials, 543076936, Industrial Hardware",Boise Cascade Building Materials Industrial Hardware Model 543076936. ,Industrial Hardware,,,,,,,,,,,,,,,,,,,,,,,,,,,Industrial Hardware,Size,,,Material,,,,,,,,,,,,,,,,,,,,,,,,,,,,,,,,,,,,,,,,,,,,,,,,,,,,,,,,,,,,,,,,,,,,,,,,,,,,,,,,,,,,,,,,,,,,,,,,,,,,,,,,,,,,,,,,,,,,,,,,,,,,,,,,,,,,,,,,,,,,,,,,,,,,,,,,,,,,,,,,,,,,,,,,,,,,,,,,,,,,,,,,,,,,,,,,,
,,,,,,,Hardware,General Hardware,Hardware Accessories,,1516878,1x12-12' Golden Hour - Trex Enhance Naturals Fascia,TREX,,,Boise Cascade Building Materials (BOICA),Boise Cascade Building Materials,Boise Cascade Building Materials,,1516878,,Industrial & Commercial Supplies>Hardware>General Hardware,"Boise Cascade Building Materials, Industrial Hardware, 1516878",INDUSTRIAL HARDWARE 1516878,"Boise Cascade Building Materials, 1516878, Industrial Hardware",Boise Cascade Building Materials Industrial Hardware Model 1516878. ,Industrial Hardware,,,,,,,,,,,,,,,,,,,,,,,,,,,Industrial Hardware,Size,,,Material,,,,,,,,,,,,,,,,,,,,,,,,,,,,,,,,,,,,,,,,,,,,,,,,,,,,,,,,,,,,,,,,,,,,,,,,,,,,,,,,,,,,,,,,,,,,,,,,,,,,,,,,,,,,,,,,,,,,,,,,,,,,,,,,,,,,,,,,,,,,,,,,,,,,,,,,,,,,,,,,,,,,,,,,,,,,,,,,,,,,,,,,,,,,,,,,,
,,,,,,,Hardware,General Hardware,Hardware Accessories,,1516884,1x8-12' Pebble Beach - Trex Enhance Basics Fascia,TREX,,,Boise Cascade Building Materials (BOICA),Boise Cascade Building Materials,Boise Cascade Building Materials,,1516884,,Industrial & Commercial Supplies>Hardware>General Hardware,"Boise Cascade Building Materials, Industrial Hardware, 1516884",INDUSTRIAL HARDWARE 1516884,"Boise Cascade Building Materials, 1516884, Industrial Hardware",Boise Cascade Building Materials Industrial Hardware Model 1516884. ,Industrial Hardware,,,,,,,,,,,,,,,,,,,,,,,,,,,Industrial Hardware,Size,,,Material,,,,,,,,,,,,,,,,,,,,,,,,,,,,,,,,,,,,,,,,,,,,,,,,,,,,,,,,,,,,,,,,,,,,,,,,,,,,,,,,,,,,,,,,,,,,,,,,,,,,,,,,,,,,,,,,,,,,,,,,,,,,,,,,,,,,,,,,,,,,,,,,,,,,,,,,,,,,,,,,,,,,,,,,,,,,,,,,,,,,,,,,,,,,,,,,,
,,,,,,,Hardware,General Hardware,Hardware Accessories,,1516885,1x12-12' Pebble Beach - Trex Enhance Basics Fascia,TREX,,,Boise Cascade Building Materials (BOICA),Boise Cascade Building Materials,Boise Cascade Building Materials,,1516885,,Industrial & Commercial Supplies>Hardware>General Hardware,"Boise Cascade Building Materials, Industrial Hardware, 1516885",INDUSTRIAL HARDWARE 1516885,"Boise Cascade Building Materials, 1516885, Industrial Hardware",Boise Cascade Building Materials Industrial Hardware Model 1516885. ,Industrial Hardware,,,,,,,,,,,,,,,,,,,,,,,,,,,Industrial Hardware,Size,,,Material,,,,,,,,,,,,,,,,,,,,,,,,,,,,,,,,,,,,,,,,,,,,,,,,,,,,,,,,,,,,,,,,,,,,,,,,,,,,,,,,,,,,,,,,,,,,,,,,,,,,,,,,,,,,,,,,,,,,,,,,,,,,,,,,,,,,,,,,,,,,,,,,,,,,,,,,,,,,,,,,,,,,,,,,,,,,,,,,,,,,,,,,,,,,,,,,,
,,,,,,,Hardware,General Hardware,Hardware Accessories,,543005916,1x8-12' Malted Barley - Trex Select 2.0 Fascia,TREX,,,Boise Cascade Building Materials (BOICA),Boise Cascade Building Materials,Boise Cascade Building Materials,,543005916,,Industrial & Commercial Supplies>Hardware>General Hardware,"Boise Cascade Building Materials, Industrial Hardware, 543005916",INDUSTRIAL HARDWARE 543005916,"Boise Cascade Building Materials, 543005916, Industrial Hardware",Boise Cascade Building Materials Industrial Hardware Model 543005916. ,Industrial Hardware,,,,,,,,,,,,,,,,,,,,,,,,,,,Industrial Hardware,Size,,,Material,,,,,,,,,,,,,,,,,,,,,,,,,,,,,,,,,,,,,,,,,,,,,,,,,,,,,,,,,,,,,,,,,,,,,,,,,,,,,,,,,,,,,,,,,,,,,,,,,,,,,,,,,,,,,,,,,,,,,,,,,,,,,,,,,,,,,,,,,,,,,,,,,,,,,,,,,,,,,,,,,,,,,,,,,,,,,,,,,,,,,,,,,,,,,,,,,
,,,,,,,Hardware,General Hardware,Hardware Accessories,,1516902,1x8-12' Millstone - Trex Select 2.0 Fascia,TREX,,,Boise Cascade Building Materials (BOICA),Boise Cascade Building Materials,Boise Cascade Building Materials,,1516902,,Industrial & Commercial Supplies>Hardware>General Hardware,"Boise Cascade Building Materials, Industrial Hardware, 1516902",INDUSTRIAL HARDWARE 1516902,"Boise Cascade Building Materials, 1516902, Industrial Hardware",Boise Cascade Building Materials Industrial Hardware Model 1516902. ,Industrial Hardware,,,,,,,,,,,,,,,,,,,,,,,,,,,Industrial Hardware,Size,,,Material,,,,,,,,,,,,,,,,,,,,,,,,,,,,,,,,,,,,,,,,,,,,,,,,,,,,,,,,,,,,,,,,,,,,,,,,,,,,,,,,,,,,,,,,,,,,,,,,,,,,,,,,,,,,,,,,,,,,,,,,,,,,,,,,,,,,,,,,,,,,,,,,,,,,,,,,,,,,,,,,,,,,,,,,,,,,,,,,,,,,,,,,,,,,,,,,,
,,,,,,,Hardware,General Hardware,Hardware Accessories,,543007916,1x8-12' Whiskey Barrel - Trex Select 2.0 Fascia,TREX,,,Boise Cascade Building Materials (BOICA),Boise Cascade Building Materials,Boise Cascade Building Materials,,543007916,,Industrial & Commercial Supplies>Hardware>General Hardware,"Boise Cascade Building Materials, Industrial Hardware, 543007916",INDUSTRIAL HARDWARE 543007916,"Boise Cascade Building Materials, 543007916, Industrial Hardware",Boise Cascade Building Materials Industrial Hardware Model 543007916. ,Industrial Hardware,,,,,,,,,,,,,,,,,,,,,,,,,,,Industrial Hardware,Size,,,Material,,,,,,,,,,,,,,,,,,,,,,,,,,,,,,,,,,,,,,,,,,,,,,,,,,,,,,,,,,,,,,,,,,,,,,,,,,,,,,,,,,,,,,,,,,,,,,,,,,,,,,,,,,,,,,,,,,,,,,,,,,,,,,,,,,,,,,,,,,,,,,,,,,,,,,,,,,,,,,,,,,,,,,,,,,,,,,,,,,,,,,,,,,,,,,,,,
,,,,,,,Hardware,General Hardware,Hardware Accessories,,543005936,1x12-12' Malted Barley - Trex Select 2.0 Fascia,TREX,,,Boise Cascade Building Materials (BOICA),Boise Cascade Building Materials,Boise Cascade Building Materials,,543005936,,Industrial & Commercial Supplies>Hardware>General Hardware,"Boise Cascade Building Materials, Industrial Hardware, 543005936",INDUSTRIAL HARDWARE 543005936,"Boise Cascade Building Materials, 543005936, Industrial Hardware",Boise Cascade Building Materials Industrial Hardware Model 543005936. ,Industrial Hardware,,,,,,,,,,,,,,,,,,,,,,,,,,,Industrial Hardware,Size,,,Material,,,,,,,,,,,,,,,,,,,,,,,,,,,,,,,,,,,,,,,,,,,,,,,,,,,,,,,,,,,,,,,,,,,,,,,,,,,,,,,,,,,,,,,,,,,,,,,,,,,,,,,,,,,,,,,,,,,,,,,,,,,,,,,,,,,,,,,,,,,,,,,,,,,,,,,,,,,,,,,,,,,,,,,,,,,,,,,,,,,,,,,,,,,,,,,,,
,,,,,,,Hardware,General Hardware,Hardware Accessories,,1516905,1x12-12' Millstone - Trex Select 2.0 Fascia,TREX,,,Boise Cascade Building Materials (BOICA),Boise Cascade Building Materials,Boise Cascade Building Materials,,1516905,,Industrial & Commercial Supplies>Hardware>General Hardware,"Boise Cascade Building Materials, Industrial Hardware, 1516905",INDUSTRIAL HARDWARE 1516905,"Boise Cascade Building Materials, 1516905, Industrial Hardware",Boise Cascade Building Materials Industrial Hardware Model 1516905. ,Industrial Hardware,,,,,,,,,,,,,,,,,,,,,,,,,,,Industrial Hardware,Size,,,Material,,,,,,,,,,,,,,,,,,,,,,,,,,,,,,,,,,,,,,,,,,,,,,,,,,,,,,,,,,,,,,,,,,,,,,,,,,,,,,,,,,,,,,,,,,,,,,,,,,,,,,,,,,,,,,,,,,,,,,,,,,,,,,,,,,,,,,,,,,,,,,,,,,,,,,,,,,,,,,,,,,,,,,,,,,,,,,,,,,,,,,,,,,,,,,,,,
,,,,,,,Hardware,General Hardware,Hardware Accessories,,543007936,1x12-12' Whiskey Barrel - Trex Select 2.0 Fascia,TREX,,,Boise Cascade Building Materials (BOICA),Boise Cascade Building Materials,Boise Cascade Building Materials,,543007936,,Industrial & Commercial Supplies>Hardware>General Hardware,"Boise Cascade Building Materials, Industrial Hardware, 543007936",INDUSTRIAL HARDWARE 543007936,"Boise Cascade Building Materials, 543007936, Industrial Hardware",Boise Cascade Building Materials Industrial Hardware Model 543007936. ,Industrial Hardware,,,,,,,,,,,,,,,,,,,,,,,,,,,Industrial Hardware,Size,,,Material,,,,,,,,,,,,,,,,,,,,,,,,,,,,,,,,,,,,,,,,,,,,,,,,,,,,,,,,,,,,,,,,,,,,,,,,,,,,,,,,,,,,,,,,,,,,,,,,,,,,,,,,,,,,,,,,,,,,,,,,,,,,,,,,,,,,,,,,,,,,,,,,,,,,,,,,,,,,,,,,,,,,,,,,,,,,,,,,,,,,,,,,,,,,,,,,,
,,,,,,,Hardware,General Hardware,Hardware Accessories,,543144908,1x8-12' Island Mist - Trex Lineage,TREX,,,U S Lumber (3073),U S Lumber,U S Lumber,,543144908,,Industrial & Commercial Supplies>Hardware>General Hardware,"U S Lumber, Industrial Hardware, 543144908",INDUSTRIAL HARDWARE 543144908,"U S Lumber, 543144908, Industrial Hardware",U S Lumber Industrial Hardware Model 543144908. ,Industrial Hardware,,,,,,,,,,,,,,,,,,,,,,,,,,,Industrial Hardware,Size,,,Material,,,,,,,,,,,,,,,,,,,,,,,,,,,,,,,,,,,,,,,,,,,,,,,,,,,,,,,,,,,,,,,,,,,,,,,,,,,,,,,,,,,,,,,,,,,,,,,,,,,,,,,,,,,,,,,,,,,,,,,,,,,,,,,,,,,,,,,,,,,,,,,,,,,,,,,,,,,,,,,,,,,,,,,,,,,,,,,,,,,,,,,,,,,,,,,,,
,,,,,,,Hardware,General Hardware,Hardware Accessories,,543141908,1x8-12' Rainier - Trex Lineage,TREX,,,U S Lumber (3073),U S Lumber,U S Lumber,,543141908,,Industrial & Commercial Supplies>Hardware>General Hardware,"U S Lumber, Industrial Hardware, 543141908",INDUSTRIAL HARDWARE 543141908,"U S Lumber, 543141908, Industrial Hardware",U S Lumber Industrial Hardware Model 543141908. ,Industrial Hardware,,,,,,,,,,,,,,,,,,,,,,,,,,,Industrial Hardware,Size,,,Material,,,,,,,,,,,,,,,,,,,,,,,,,,,,,,,,,,,,,,,,,,,,,,,,,,,,,,,,,,,,,,,,,,,,,,,,,,,,,,,,,,,,,,,,,,,,,,,,,,,,,,,,,,,,,,,,,,,,,,,,,,,,,,,,,,,,,,,,,,,,,,,,,,,,,,,,,,,,,,,,,,,,,,,,,,,,,,,,,,,,,,,,,,,,,,,,,
,,,,,,,Hardware,General Hardware,Hardware Accessories,,543144912,1x12-12' Island Mist - Trex Lineage,TREX,,,U S Lumber (3073),U S Lumber,U S Lumber,,543144912,,Industrial & Commercial Supplies>Hardware>General Hardware,"U S Lumber, Industrial Hardware, 543144912",INDUSTRIAL HARDWARE 543144912,"U S Lumber, 543144912, Industrial Hardware",U S Lumber Industrial Hardware Model 543144912. ,Industrial Hardware,,,,,,,,,,,,,,,,,,,,,,,,,,,Industrial Hardware,Size,,,Material,,,,,,,,,,,,,,,,,,,,,,,,,,,,,,,,,,,,,,,,,,,,,,,,,,,,,,,,,,,,,,,,,,,,,,,,,,,,,,,,,,,,,,,,,,,,,,,,,,,,,,,,,,,,,,,,,,,,,,,,,,,,,,,,,,,,,,,,,,,,,,,,,,,,,,,,,,,,,,,,,,,,,,,,,,,,,,,,,,,,,,,,,,,,,,,,,
,,,,,,,Hardware,General Hardware,Hardware Accessories,,543141912,1x12-12' Rainier - Trex Lineage,TREX,,,U S Lumber (3073),U S Lumber,U S Lumber,,543141912,,Industrial & Commercial Supplies>Hardware>General Hardware,"U S Lumber, Industrial Hardware, 543141912",INDUSTRIAL HARDWARE 543141912,"U S Lumber, 543141912, Industrial Hardware",U S Lumber Industrial Hardware Model 543141912. ,Industrial Hardware,,,,,,,,,,,,,,,,,,,,,,,,,,,Industrial Hardware,Size,,,Material,,,,,,,,,,,,,,,,,,,,,,,,,,,,,,,,,,,,,,,,,,,,,,,,,,,,,,,,,,,,,,,,,,,,,,,,,,,,,,,,,,,,,,,,,,,,,,,,,,,,,,,,,,,,,,,,,,,,,,,,,,,,,,,,,,,,,,,,,,,,,,,,,,,,,,,,,,,,,,,,,,,,,,,,,,,,,,,,,,,,,,,,,,,,,,,,,
,,,,,,,Hardware,General Hardware,Hardware Accessories,,1513713,1x8-12' Hatteras - Trex Lineage,TREX,,,Boise Cascade Building Materials (BOICA),Boise Cascade Building Materials,Boise Cascade Building Materials,,1513713,,Industrial & Commercial Supplies>Hardware>General Hardware,"Boise Cascade Building Materials, Industrial Hardware, 1513713",INDUSTRIAL HARDWARE 1513713,"Boise Cascade Building Materials, 1513713, Industrial Hardware",Boise Cascade Building Materials Industrial Hardware Model 1513713. ,Industrial Hardware,,,,,,,,,,,,,,,,,,,,,,,,,,,Industrial Hardware,Size,,,Material,,,,,,,,,,,,,,,,,,,,,,,,,,,,,,,,,,,,,,,,,,,,,,,,,,,,,,,,,,,,,,,,,,,,,,,,,,,,,,,,,,,,,,,,,,,,,,,,,,,,,,,,,,,,,,,,,,,,,,,,,,,,,,,,,,,,,,,,,,,,,,,,,,,,,,,,,,,,,,,,,,,,,,,,,,,,,,,,,,,,,,,,,,,,,,,,,
,,,,,,,Hardware,General Hardware,Hardware Accessories,,1513714,1x8-12' Salt Flat - Trex Lineage,TREX,,,Boise Cascade Building Materials (BOICA),Boise Cascade Building Materials,Boise Cascade Building Materials,,1513714,,Industrial & Commercial Supplies>Hardware>General Hardware,"Boise Cascade Building Materials, Industrial Hardware, 1513714",INDUSTRIAL HARDWARE 1513714,"Boise Cascade Building Materials, 1513714, Industrial Hardware",Boise Cascade Building Materials Industrial Hardware Model 1513714. ,Industrial Hardware,,,,,,,,,,,,,,,,,,,,,,,,,,,Industrial Hardware,Size,,,Material,,,,,,,,,,,,,,,,,,,,,,,,,,,,,,,,,,,,,,,,,,,,,,,,,,,,,,,,,,,,,,,,,,,,,,,,,,,,,,,,,,,,,,,,,,,,,,,,,,,,,,,,,,,,,,,,,,,,,,,,,,,,,,,,,,,,,,,,,,,,,,,,,,,,,,,,,,,,,,,,,,,,,,,,,,,,,,,,,,,,,,,,,,,,,,,,,
,,,,,,,Hardware,General Hardware,Hardware Accessories,,73012503,4x4 Wh Heritage Post Trim RDI,,,,,Generic Manufacturer,Generic Manufacturer,,73012503,,Industrial & Commercial Supplies>Hardware>General Hardware,"Generic Manufacturer, Industrial Hardware, 73012503",INDUSTRIAL HARDWARE 73012503,"Generic Manufacturer, 73012503, Industrial Hardware",Generic Manufacturer Industrial Hardware Model 73012503. ,Industrial Hardware,,,,,,,,,,,,,,,,,,,,,,,,,,,Industrial Hardware,Size,,,Material,,,,,,,,,,,,,,,,,,,,,,,,,,,,,,,,,,,,,,,,,,,,,,,,,,,,,,,,,,,,,,,,,,,,,,,,,,,,,,,,,,,,,,,,,,,,,,,,,,,,,,,,,,,,,,,,,,,,,,,,,,,,,,,,,,,,,,,,,,,,,,,,,,,,,,,,,,,,,,,,,,,,,,,,,,,,,,,,,,,,,,,,,,,,,,,,,
,,,,,,,Hardware,General Hardware,Hardware Accessories,,73018131,6x6 Wh Elite Post Trim 4pc RDI,,,,,Generic Manufacturer,Generic Manufacturer,,73018131,,Industrial & Commercial Supplies>Hardware>General Hardware,"Generic Manufacturer, Industrial Hardware, 73018131",INDUSTRIAL HARDWARE 73018131,"Generic Manufacturer, 73018131, Industrial Hardware",Generic Manufacturer Industrial Hardware Model 73018131. ,Industrial Hardware,,,,,,,,,,,,,,,,,,,,,,,,,,,Industrial Hardware,Size,,,Material,,,,,,,,,,,,,,,,,,,,,,,,,,,,,,,,,,,,,,,,,,,,,,,,,,,,,,,,,,,,,,,,,,,,,,,,,,,,,,,,,,,,,,,,,,,,,,,,,,,,,,,,,,,,,,,,,,,,,,,,,,,,,,,,,,,,,,,,,,,,,,,,,,,,,,,,,,,,,,,,,,,,,,,,,,,,,,,,,,,,,,,,,,,,,,,,,
,,,,,,,Hardware,General Hardware,Hardware Accessories,,73018091,4x4 Wh Elite Post Trim RDI,,,,,Generic Manufacturer,Generic Manufacturer,,73018091,,Industrial & Commercial Supplies>Hardware>General Hardware,"Generic Manufacturer, Industrial Hardware, 73018091",INDUSTRIAL HARDWARE 73018091,"Generic Manufacturer, 73018091, Industrial Hardware",Generic Manufacturer Industrial Hardware Model 73018091. ,Industrial Hardware,,,,,,,,,,,,,,,,,,,,,,,,,,,Industrial Hardware,Size,,,Material,,,,,,,,,,,,,,,,,,,,,,,,,,,,,,,,,,,,,,,,,,,,,,,,,,,,,,,,,,,,,,,,,,,,,,,,,,,,,,,,,,,,,,,,,,,,,,,,,,,,,,,,,,,,,,,,,,,,,,,,,,,,,,,,,,,,,,,,,,,,,,,,,,,,,,,,,,,,,,,,,,,,,,,,,,,,,,,,,,,,,,,,,,,,,,,,,
,,,,,,,Hardware,General Hardware,Hardware Accessories,,73018066,Clay 6x6 Elite Post Trim RDI - 4pc,,,,,Generic Manufacturer,Generic Manufacturer,,73018066,,Industrial & Commercial Supplies>Hardware>General Hardware,"Generic Manufacturer, Industrial Hardware, 73018066",INDUSTRIAL HARDWARE 73018066,"Generic Manufacturer, 73018066, Industrial Hardware",Generic Manufacturer Industrial Hardware Model 73018066. ,Industrial Hardware,,,,,,,,,,,,,,,,,,,,,,,,,,,Industrial Hardware,Size,,,Material,,,,,,,,,,,,,,,,,,,,,,,,,,,,,,,,,,,,,,,,,,,,,,,,,,,,,,,,,,,,,,,,,,,,,,,,,,,,,,,,,,,,,,,,,,,,,,,,,,,,,,,,,,,,,,,,,,,,,,,,,,,,,,,,,,,,,,,,,,,,,,,,,,,,,,,,,,,,,,,,,,,,,,,,,,,,,,,,,,,,,,,,,,,,,,,,,
,,,,,,,Hardware,General Hardware,Hardware Accessories,,73018076,4x4 Wh Flat Post Cap RDI,,,,,Generic Manufacturer,Generic Manufacturer,,73018076,,Industrial & Commercial Supplies>Hardware>General Hardware,"Generic Manufacturer, Industrial Hardware, 73018076",INDUSTRIAL HARDWARE 73018076,"Generic Manufacturer, 73018076, Industrial Hardware",Generic Manufacturer Industrial Hardware Model 73018076. ,Industrial Hardware,,,,,,,,,,,,,,,,,,,,,,,,,,,Industrial Hardware,Size,,,Material,,,,,,,,,,,,,,,,,,,,,,,,,,,,,,,,,,,,,,,,,,,,,,,,,,,,,,,,,,,,,,,,,,,,,,,,,,,,,,,,,,,,,,,,,,,,,,,,,,,,,,,,,,,,,,,,,,,,,,,,,,,,,,,,,,,,,,,,,,,,,,,,,,,,,,,,,,,,,,,,,,,,,,,,,,,,,,,,,,,,,,,,,,,,,,,,,
,,,,,,,Hardware,General Hardware,Hardware Accessories,,61109087,Wh 4x4-39 Blank Post RDI,,,,,Generic Manufacturer,Generic Manufacturer,,61109087,,Industrial & Commercial Supplies>Hardware>General Hardware,"Generic Manufacturer, Industrial Hardware, 61109087",INDUSTRIAL HARDWARE 61109087,"Generic Manufacturer, 61109087, Industrial Hardware",Generic Manufacturer Industrial Hardware Model 61109087. ,Industrial Hardware,,,,,,,,,,,,,,,,,,,,,,,,,,,Industrial Hardware,Size,,,Material,,,,,,,,,,,,,,,,,,,,,,,,,,,,,,,,,,,,,,,,,,,,,,,,,,,,,,,,,,,,,,,,,,,,,,,,,,,,,,,,,,,,,,,,,,,,,,,,,,,,,,,,,,,,,,,,,,,,,,,,,,,,,,,,,,,,,,,,,,,,,,,,,,,,,,,,,,,,,,,,,,,,,,,,,,,,,,,,,,,,,,,,,,,,,,,,,
,,,,,,,Hardware,General Hardware,Hardware Accessories,,73018731,Wh 6x6-108 Post Sleeve RDI,,,,,Generic Manufacturer,Generic Manufacturer,,73018731,,Industrial & Commercial Supplies>Hardware>General Hardware,"Generic Manufacturer, Industrial Hardware, 73018731",INDUSTRIAL HARDWARE 73018731,"Generic Manufacturer, 73018731, Industrial Hardware",Generic Manufacturer Industrial Hardware Model 73018731. ,Industrial Hardware,,,,,,,,,,,,,,,,,,,,,,,,,,,Industrial Hardware,Size,,,Material,,,,,,,,,,,,,,,,,,,,,,,,,,,,,,,,,,,,,,,,,,,,,,,,,,,,,,,,,,,,,,,,,,,,,,,,,,,,,,,,,,,,,,,,,,,,,,,,,,,,,,,,,,,,,,,,,,,,,,,,,,,,,,,,,,,,,,,,,,,,,,,,,,,,,,,,,,,,,,,,,,,,,,,,,,,,,,,,,,,,,,,,,,,,,,,,,
,,,,,,,Hardware,General Hardware,Hardware Accessories,,61109090,Wh 4x4-108 Post Sleeve RDI,,,,,Generic Manufacturer,Generic Manufacturer,,61109090,,Industrial & Commercial Supplies>Hardware>General Hardware,"Generic Manufacturer, Industrial Hardware, 61109090",INDUSTRIAL HARDWARE 61109090,"Generic Manufacturer, 61109090, Industrial Hardware",Generic Manufacturer Industrial Hardware Model 61109090. ,Industrial Hardware,,,,,,,,,,,,,,,,,,,,,,,,,,,Industrial Hardware,Size,,,Material,,,,,,,,,,,,,,,,,,,,,,,,,,,,,,,,,,,,,,,,,,,,,,,,,,,,,,,,,,,,,,,,,,,,,,,,,,,,,,,,,,,,,,,,,,,,,,,,,,,,,,,,,,,,,,,,,,,,,,,,,,,,,,,,,,,,,,,,,,,,,,,,,,,,,,,,,,,,,,,,,,,,,,,,,,,,,,,,,,,,,,,,,,,,,,,,,
,,,,,,,Hardware,General Hardware,Hardware Accessories,,73053603,Clay 4x4-108 Post Sleeve RDI,,,,,Generic Manufacturer,Generic Manufacturer,,73053603,,Industrial & Commercial Supplies>Hardware>General Hardware,"Generic Manufacturer, Industrial Hardware, 73053603",INDUSTRIAL HARDWARE 73053603,"Generic Manufacturer, 73053603, Industrial Hardware",Generic Manufacturer Industrial Hardware Model 73053603. ,Industrial Hardware,,,,,,,,,,,,,,,,,,,,,,,,,,,Industrial Hardware,Size,,,Material,,,,,,,,,,,,,,,,,,,,,,,,,,,,,,,,,,,,,,,,,,,,,,,,,,,,,,,,,,,,,,,,,,,,,,,,,,,,,,,,,,,,,,,,,,,,,,,,,,,,,,,,,,,,,,,,,,,,,,,,,,,,,,,,,,,,,,,,,,,,,,,,,,,,,,,,,,,,,,,,,,,,,,,,,,,,,,,,,,,,,,,,,,,,,,,,,
,,,,,,,Hardware,General Hardware,Hardware Accessories,,73053608,Clay 6x6-108 Post Sleeve RDI,,,,,Generic Manufacturer,Generic Manufacturer,,73053608,,Industrial & Commercial Supplies>Hardware>General Hardware,"Generic Manufacturer, Industrial Hardware, 73053608",INDUSTRIAL HARDWARE 73053608,"Generic Manufacturer, 73053608, Industrial Hardware",Generic Manufacturer Industrial Hardware Model 73053608. ,Industrial Hardware,,,,,,,,,,,,,,,,,,,,,,,,,,,Industrial Hardware,Size,,,Material,,,,,,,,,,,,,,,,,,,,,,,,,,,,,,,,,,,,,,,,,,,,,,,,,,,,,,,,,,,,,,,,,,,,,,,,,,,,,,,,,,,,,,,,,,,,,,,,,,,,,,,,,,,,,,,,,,,,,,,,,,,,,,,,,,,,,,,,,,,,,,,,,,,,,,,,,,,,,,,,,,,,,,,,,,,,,,,,,,,,,,,,,,,,,,,,,
,,,,,,,Hardware,General Hardware,Hardware Accessories,,543340896,"4x4-37"" Black Alum Post Sleeve Select Alum Railing - w/Cap & Skirt",TREX,,,Boise Cascade Building Materials (BOICA),Boise Cascade Building Materials,Boise Cascade Building Materials,,543340896,,Industrial & Commercial Supplies>Hardware>General Hardware,"Boise Cascade Building Materials, Industrial Hardware, 543340896",INDUSTRIAL HARDWARE 543340896,"Boise Cascade Building Materials, 543340896, Industrial Hardware",Boise Cascade Building Materials Industrial Hardware Model 543340896. ,Industrial Hardware,,,,,,,,,,,,,,,,,,,,,,,,,,,Industrial Hardware,Size,,,Material,,,,,,,,,,,,,,,,,,,,,,,,,,,,,,,,,,,,,,,,,,,,,,,,,,,,,,,,,,,,,,,,,,,,,,,,,,,,,,,,,,,,,,,,,,,,,,,,,,,,,,,,,,,,,,,,,,,,,,,,,,,,,,,,,,,,,,,,,,,,,,,,,,,,,,,,,,,,,,,,,,,,,,,,,,,,,,,,,,,,,,,,,,,,,,,,,
,,,,,,,Hardware,General Hardware,Hardware Accessories,,543340898,"4x4-43"" Black Alum Post Sleeve Select Alum Railing w/Cap & Skirt",TREX,,,Boise Cascade Building Materials (BOICA),Boise Cascade Building Materials,Boise Cascade Building Materials,,543340898,,Industrial & Commercial Supplies>Hardware>General Hardware,"Boise Cascade Building Materials, Industrial Hardware, 543340898",INDUSTRIAL HARDWARE 543340898,"Boise Cascade Building Materials, 543340898, Industrial Hardware",Boise Cascade Building Materials Industrial Hardware Model 543340898. ,Industrial Hardware,,,,,,,,,,,,,,,,,,,,,,,,,,,Industrial Hardware,Size,,,Material,,,,,,,,,,,,,,,,,,,,,,,,,,,,,,,,,,,,,,,,,,,,,,,,,,,,,,,,,,,,,,,,,,,,,,,,,,,,,,,,,,,,,,,,,,,,,,,,,,,,,,,,,,,,,,,,,,,,,,,,,,,,,,,,,,,,,,,,,,,,,,,,,,,,,,,,,,,,,,,,,,,,,,,,,,,,,,,,,,,,,,,,,,,,,,,,,
,,,,,,,Hardware,General Hardware,Hardware Accessories,,73272TBK,6x6-10' Black Alum Deco - Support Post,DSI Westbury,,,Palmer Donavin Mfg Company (PALDO),Palmer Donavin Mfg Company,Palmer Donavin Mfg Company,,73272TBK,,Industrial & Commercial Supplies>Hardware>General Hardware,"Palmer Donavin Mfg Company, Industrial Hardware, 73272TBK",INDUSTRIAL HARDWARE 73272TBK,"Palmer Donavin Mfg Company, 73272TBK, Industrial Hardware",Palmer Donavin Mfg Company Industrial Hardware Model 73272TBK. ,Industrial Hardware,,,,,,,,,,,,,,,,,,,,,,,,,,,Industrial Hardware,Size,,,Material,,,,,,,,,,,,,,,,,,,,,,,,,,,,,,,,,,,,,,,,,,,,,,,,,,,,,,,,,,,,,,,,,,,,,,,,,,,,,,,,,,,,,,,,,,,,,,,,,,,,,,,,,,,,,,,,,,,,,,,,,,,,,,,,,,,,,,,,,,,,,,,,,,,,,,,,,,,,,,,,,,,,,,,,,,,,,,,,,,,,,,,,,,,,,,,,,
,,,,,,,Hardware,General Hardware,Hardware Accessories,,543302127,6' Wh Select T-Rail Kit Stair - w/Sq Composite Balusters,TREX,,,U S Lumber (3073),U S Lumber,U S Lumber,,543302127,,Industrial & Commercial Supplies>Hardware>General Hardware,"U S Lumber, Industrial Hardware, 543302127",INDUSTRIAL HARDWARE 543302127,"U S Lumber, 543302127, Industrial Hardware",U S Lumber Industrial Hardware Model 543302127. ,Industrial Hardware,,,,,,,,,,,,,,,,,,,,,,,,,,,Industrial Hardware,Size,,,Material,,,,,,,,,,,,,,,,,,,,,,,,,,,,,,,,,,,,,,,,,,,,,,,,,,,,,,,,,,,,,,,,,,,,,,,,,,,,,,,,,,,,,,,,,,,,,,,,,,,,,,,,,,,,,,,,,,,,,,,,,,,,,,,,,,,,,,,,,,,,,,,,,,,,,,,,,,,,,,,,,,,,,,,,,,,,,,,,,,,,,,,,,,,,,,,,,
,,,,,,,Hardware,General Hardware,Hardware Accessories,,543302147,8' Wh Select T-Rail Kit Stair - w/Sq Composite Balusters,TREX,,,U S Lumber (3073),U S Lumber,U S Lumber,,543302147,,Industrial & Commercial Supplies>Hardware>General Hardware,"U S Lumber, Industrial Hardware, 543302147",INDUSTRIAL HARDWARE 543302147,"U S Lumber, 543302147, Industrial Hardware",U S Lumber Industrial Hardware Model 543302147. ,Industrial Hardware,,,,,,,,,,,,,,,,,,,,,,,,,,,Industrial Hardware,Size,,,Material,,,,,,,,,,,,,,,,,,,,,,,,,,,,,,,,,,,,,,,,,,,,,,,,,,,,,,,,,,,,,,,,,,,,,,,,,,,,,,,,,,,,,,,,,,,,,,,,,,,,,,,,,,,,,,,,,,,,,,,,,,,,,,,,,,,,,,,,,,,,,,,,,,,,,,,,,,,,,,,,,,,,,,,,,,,,,,,,,,,,,,,,,,,,,,,,,
,,,,,,,Hardware,General Hardware,Hardware Accessories,,73019599,Finyline Wh 6' Str Rail Kit Sq,,,,,Generic Manufacturer,Generic Manufacturer,,73019599,,Industrial & Commercial Supplies>Hardware>General Hardware,"Generic Manufacturer, Industrial Hardware, 73019599",INDUSTRIAL HARDWARE 73019599,"Generic Manufacturer, 73019599, Industrial Hardware",Generic Manufacturer Industrial Hardware Model 73019599. ,Industrial Hardware,,,,,,,,,,,,,,,,,,,,,,,,,,,Industrial Hardware,Size,,,Material,,,,,,,,,,,,,,,,,,,,,,,,,,,,,,,,,,,,,,,,,,,,,,,,,,,,,,,,,,,,,,,,,,,,,,,,,,,,,,,,,,,,,,,,,,,,,,,,,,,,,,,,,,,,,,,,,,,,,,,,,,,,,,,,,,,,,,,,,,,,,,,,,,,,,,,,,,,,,,,,,,,,,,,,,,,,,,,,,,,,,,,,,,,,,,,,,
,,,,,,,Hardware,General Hardware,Hardware Accessories,,73019648,Finyline Wh 8' Str Rail Kit Sq,,,,,Generic Manufacturer,Generic Manufacturer,,73019648,,Industrial & Commercial Supplies>Hardware>General Hardware,"Generic Manufacturer, Industrial Hardware, 73019648",INDUSTRIAL HARDWARE 73019648,"Generic Manufacturer, 73019648, Industrial Hardware",Generic Manufacturer Industrial Hardware Model 73019648. ,Industrial Hardware,,,,,,,,,,,,,,,,,,,,,,,,,,,Industrial Hardware,Size,,,Material,,,,,,,,,,,,,,,,,,,,,,,,,,,,,,,,,,,,,,,,,,,,,,,,,,,,,,,,,,,,,,,,,,,,,,,,,,,,,,,,,,,,,,,,,,,,,,,,,,,,,,,,,,,,,,,,,,,,,,,,,,,,,,,,,,,,,,,,,,,,,,,,,,,,,,,,,,,,,,,,,,,,,,,,,,,,,,,,,,,,,,,,,,,,,,,,,
,,,,,,,Hardware,General Hardware,Hardware Accessories,,73019598,Finyline Wh 6' Str Rail Kit Rd - w/Black Alum Balusters,,,,,Generic Manufacturer,Generic Manufacturer,,73019598,,Industrial & Commercial Supplies>Hardware>General Hardware,"Generic Manufacturer, Industrial Hardware, 73019598",INDUSTRIAL HARDWARE 73019598,"Generic Manufacturer, 73019598, Industrial Hardware",Generic Manufacturer Industrial Hardware Model 73019598. ,Industrial Hardware,,,,,,,,,,,,,,,,,,,,,,,,,,,Industrial Hardware,Size,,,Material,,,,,,,,,,,,,,,,,,,,,,,,,,,,,,,,,,,,,,,,,,,,,,,,,,,,,,,,,,,,,,,,,,,,,,,,,,,,,,,,,,,,,,,,,,,,,,,,,,,,,,,,,,,,,,,,,,,,,,,,,,,,,,,,,,,,,,,,,,,,,,,,,,,,,,,,,,,,,,,,,,,,,,,,,,,,,,,,,,,,,,,,,,,,,,,,,
,,,,,,,Hardware,General Hardware,Hardware Accessories,,73019647,Finyline Wh 8' Str Rail Kit Rd - w/Black Alum Balusters,,,,,Generic Manufacturer,Generic Manufacturer,,73019647,,Industrial & Commercial Supplies>Hardware>General Hardware,"Generic Manufacturer, Industrial Hardware, 73019647",INDUSTRIAL HARDWARE 73019647,"Generic Manufacturer, 73019647, Industrial Hardware",Generic Manufacturer Industrial Hardware Model 73019647. ,Industrial Hardware,,,,,,,,,,,,,,,,,,,,,,,,,,,Industrial Hardware,Size,,,Material,,,,,,,,,,,,,,,,,,,,,,,,,,,,,,,,,,,,,,,,,,,,,,,,,,,,,,,,,,,,,,,,,,,,,,,,,,,,,,,,,,,,,,,,,,,,,,,,,,,,,,,,,,,,,,,,,,,,,,,,,,,,,,,,,,,,,,,,,,,,,,,,,,,,,,,,,,,,,,,,,,,,,,,,,,,,,,,,,,,,,,,,,,,,,,,,,
,,,,,,,Hardware,General Hardware,Hardware Accessories,,543300257,6' Black Select Classic Stair - Rail w/Rnd Black Alum Baluster,TREX,,,Boise Cascade Building Materials (BOICA),Boise Cascade Building Materials,Boise Cascade Building Materials,,543300257,,Industrial & Commercial Supplies>Hardware>General Hardware,"Boise Cascade Building Materials, Industrial Hardware, 543300257",INDUSTRIAL HARDWARE 543300257,"Boise Cascade Building Materials, 543300257, Industrial Hardware",Boise Cascade Building Materials Industrial Hardware Model 543300257. ,Industrial Hardware,,,,,,,,,,,,,,,,,,,,,,,,,,,Industrial Hardware,Size,,,Material,,,,,,,,,,,,,,,,,,,,,,,,,,,,,,,,,,,,,,,,,,,,,,,,,,,,,,,,,,,,,,,,,,,,,,,,,,,,,,,,,,,,,,,,,,,,,,,,,,,,,,,,,,,,,,,,,,,,,,,,,,,,,,,,,,,,,,,,,,,,,,,,,,,,,,,,,,,,,,,,,,,,,,,,,,,,,,,,,,,,,,,,,,,,,,,,,
,,,,,,,Hardware,General Hardware,Hardware Accessories,,543300277,8' Black Select Classic Stair - Rail w/Rnd Black Alum Baluster,TREX,,,Boise Cascade Building Materials (BOICA),Boise Cascade Building Materials,Boise Cascade Building Materials,,543300277,,Industrial & Commercial Supplies>Hardware>General Hardware,"Boise Cascade Building Materials, Industrial Hardware, 543300277",INDUSTRIAL HARDWARE 543300277,"Boise Cascade Building Materials, 543300277, Industrial Hardware",Boise Cascade Building Materials Industrial Hardware Model 543300277. ,Industrial Hardware,,,,,,,,,,,,,,,,,,,,,,,,,,,Industrial Hardware,Size,,,Material,,,,,,,,,,,,,,,,,,,,,,,,,,,,,,,,,,,,,,,,,,,,,,,,,,,,,,,,,,,,,,,,,,,,,,,,,,,,,,,,,,,,,,,,,,,,,,,,,,,,,,,,,,,,,,,,,,,,,,,,,,,,,,,,,,,,,,,,,,,,,,,,,,,,,,,,,,,,,,,,,,,,,,,,,,,,,,,,,,,,,,,,,,,,,,,,,
,,,,,,,Hardware,General Hardware,Hardware Accessories,,SPB-44BPL,"Patriot 4""x4""x37""/43"" Adjustable Self Leveling Support Post",,,,,Generic Manufacturer,Generic Manufacturer,,SPB-44BPL,,Industrial & Commercial Supplies>Hardware>General Hardware,"Generic Manufacturer, Industrial Hardware, SPB-44BPL",INDUSTRIAL HARDWARE SPB-44BPL,"Generic Manufacturer, SPB-44BPL, Industrial Hardware",Generic Manufacturer Industrial Hardware Model SPB-44BPL. ,Industrial Hardware,,,,,,,,,,,,,,,,,,,,,,,,,,,Industrial Hardware,Size,,,Material,,,,,,,,,,,,,,,,,,,,,,,,,,,,,,,,,,,,,,,,,,,,,,,,,,,,,,,,,,,,,,,,,,,,,,,,,,,,,,,,,,,,,,,,,,,,,,,,,,,,,,,,,,,,,,,,,,,,,,,,,,,,,,,,,,,,,,,,,,,,,,,,,,,,,,,,,,,,,,,,,,,,,,,,,,,,,,,,,,,,,,,,,,,,,,,,,
,,,,,,,Adhesives & Tapes,Tape,Specialty Tape,,925219,"2""x50' Deck Joist Tape - Protecto Wrap",,,,Palmer Donavin Mfg Company (PALDO),Palmer Donavin Mfg Company,Palmer Donavin Mfg Company,,925219,,"Adhesives, Sealants & Tape>Tape>Specialty Tape","Palmer Donavin Mfg Company, Tape, 925219",TAPE 925219,"Palmer Donavin Mfg Company, 925219, Tape",Palmer Donavin Mfg Company Tape Model 925219. ,Tape,,,,,,,,,,,,,,,,,,,,,,,,,,,Tape,Size,,,Material,,,,,,,,,,,,,,,,,,,,,,,,,,,,,,,,,,,,,,,,,,,,,,,,,,,,,,,,,,,,,,,,,,,,,,,,,,,,,,,,,,,,,,,,,,,,,,,,,,,,,,,,,,,,,,,,,,,,,,,,,,,,,,,,,,,,,,,,,,,,,,,,,,,,,,,,,,,,,,,,,,,,,,,,,,,,,,,,,,,,,,,,,,,,,,,,,
,,,,,,,Hardware,General Hardware,Hardware Accessories,,27233,24x48 WH Attic Access Door,AJM,,,A J Manufacturing Inc (AJMAN),A J Manufacturing Inc,A J Manufacturing Inc,,27233,,Industrial & Commercial Supplies>Hardware>General Hardware,"A J Manufacturing Inc, Industrial Hardware, 27233",INDUSTRIAL HARDWARE 27233,"A J Manufacturing Inc, 27233, Industrial Hardware",A J Manufacturing Inc Industrial Hardware Model 27233. ,Industrial Hardware,,,,,,,,,,,,,,,,,,,,,,,,,,,Industrial Hardware,Size,,,Material,,,,,,,,,,,,,,,,,,,,,,,,,,,,,,,,,,,,,,,,,,,,,,,,,,,,,,,,,,,,,,,,,,,,,,,,,,,,,,,,,,,,,,,,,,,,,,,,,,,,,,,,,,,,,,,,,,,,,,,,,,,,,,,,,,,,,,,,,,,,,,,,,,,,,,,,,,,,,,,,,,,,,,,,,,,,,,,,,,,,,,,,,,,,,,,,,
,,,,,,,Hardware,General Hardware,Hardware Accessories,,1517602,6068R Gliding Patio Dr 4500 United Blk Ext/WH Int LowE Arg w/J,United Window & Door,,,United Window & Door Manufacturing (UNIWI),United Window & Door Manufacturing,United Window & Door Manufacturing,,1517602,,Industrial & Commercial Supplies>Hardware>General Hardware,"United Window & Door Manufacturing, Industrial Hardware, 1517602",INDUSTRIAL HARDWARE 1517602,"United Window & Door Manufacturing, 1517602, Industrial Hardware",United Window & Door Manufacturing Industrial Hardware Model 1517602. ,Industrial Hardware,,,,,,,,,,,,,,,,,,,,,,,,,,,Industrial Hardware,Size,,,Material,,,,,,,,,,,,,,,,,,,,,,,,,,,,,,,,,,,,,,,,,,,,,,,,,,,,,,,,,,,,,,,,,,,,,,,,,,,,,,,,,,,,,,,,,,,,,,,,,,,,,,,,,,,,,,,,,,,,,,,,,,,,,,,,,,,,,,,,,,,,,,,,,,,,,,,,,,,,,,,,,,,,,,,,,,,,,,,,,,,,,,,,,,,,,,,,,
,,,,,,,Hardware,General Hardware,Hardware Accessories,,1517603,6068L Gliding Patio Dr 4500 United Blk Ext/WH Int LowE Arg w/J,United Window & Door,,,United Window & Door Manufacturing (UNIWI),United Window & Door Manufacturing,United Window & Door Manufacturing,,1517603,,Industrial & Commercial Supplies>Hardware>General Hardware,"United Window & Door Manufacturing, Industrial Hardware, 1517603",INDUSTRIAL HARDWARE 1517603,"United Window & Door Manufacturing, 1517603, Industrial Hardware",United Window & Door Manufacturing Industrial Hardware Model 1517603. ,Industrial Hardware,,,,,,,,,,,,,,,,,,,,,,,,,,,Industrial Hardware,Size,,,Material,,,,,,,,,,,,,,,,,,,,,,,,,,,,,,,,,,,,,,,,,,,,,,,,,,,,,,,,,,,,,,,,,,,,,,,,,,,,,,,,,,,,,,,,,,,,,,,,,,,,,,,,,,,,,,,,,,,,,,,,,,,,,,,,,,,,,,,,,,,,,,,,,,,,,,,,,,,,,,,,,,,,,,,,,,,,,,,,,,,,,,,,,,,,,,,,,
,,,,,,,Hardware,General Hardware,Hardware Accessories,,1517604,6068L Gliding Patio Dr 4500 United White LowE Arg w/J,United Window & Door,,,United Window & Door Manufacturing (UNIWI),United Window & Door Manufacturing,United Window & Door Manufacturing,,1517604,,Industrial & Commercial Supplies>Hardware>General Hardware,"United Window & Door Manufacturing, Industrial Hardware, 1517604",INDUSTRIAL HARDWARE 1517604,"United Window & Door Manufacturing, 1517604, Industrial Hardware",United Window & Door Manufacturing Industrial Hardware Model 1517604. ,Industrial Hardware,,,,,,,,,,,,,,,,,,,,,,,,,,,Industrial Hardware,Size,,,Material,,,,,,,,,,,,,,,,,,,,,,,,,,,,,,,,,,,,,,,,,,,,,,,,,,,,,,,,,,,,,,,,,,,,,,,,,,,,,,,,,,,,,,,,,,,,,,,,,,,,,,,,,,,,,,,,,,,,,,,,,,,,,,,,,,,,,,,,,,,,,,,,,,,,,,,,,,,,,,,,,,,,,,,,,,,,,,,,,,,,,,,,,,,,,,,,,
,,,,,,,Hardware,General Hardware,Hardware Accessories,,1517605,6068R Gliding Patio Dr 4500 United White LowE Arg w/J,United Window & Door,,,United Window & Door Manufacturing (UNIWI),United Window & Door Manufacturing,United Window & Door Manufacturing,,1517605,,Industrial & Commercial Supplies>Hardware>General Hardware,"United Window & Door Manufacturing, Industrial Hardware, 1517605",INDUSTRIAL HARDWARE 1517605,"United Window & Door Manufacturing, 1517605, Industrial Hardware",United Window & Door Manufacturing Industrial Hardware Model 1517605. ,Industrial Hardware,,,,,,,,,,,,,,,,,,,,,,,,,,,Industrial Hardware,Size,,,Material,,,,,,,,,,,,,,,,,,,,,,,,,,,,,,,,,,,,,,,,,,,,,,,,,,,,,,,,,,,,,,,,,,,,,,,,,,,,,,,,,,,,,,,,,,,,,,,,,,,,,,,,,,,,,,,,,,,,,,,,,,,,,,,,,,,,,,,,,,,,,,,,,,,,,,,,,,,,,,,,,,,,,,,,,,,,,,,,,,,,,,,,,,,,,,,,,
,,,,,,,Hardware,General Hardware,Hardware Accessories,,FS C01 2004S,"FS C01 Velux Fxd Skylt Gry/Wh - w/Solar Shade RO 21""x26-7/8""",,,,Velux America Inc (VELAM),Velux America Inc,Velux America Inc,,FS C01 2004S,,Industrial & Commercial Supplies>Hardware>General Hardware,"Velux America Inc, Industrial Hardware, FS C01 2004S",INDUSTRIAL HARDWARE FS C01 2004S,"Velux America Inc, FS C01 2004S, Industrial Hardware",Velux America Inc Industrial Hardware Model FS C01 2004S. ,Industrial Hardware,,,,,,,,,,,,,,,,,,,,,,,,,,,Industrial Hardware,Size,,,Material,,,,,,,,,,,,,,,,,,,,,,,,,,,,,,,,,,,,,,,,,,,,,,,,,,,,,,,,,,,,,,,,,,,,,,,,,,,,,,,,,,,,,,,,,,,,,,,,,,,,,,,,,,,,,,,,,,,,,,,,,,,,,,,,,,,,,,,,,,,,,,,,,,,,,,,,,,,,,,,,,,,,,,,,,,,,,,,,,,,,,,,,,,,,,,,,,
,,,,,,,Hardware,General Hardware,Hardware Accessories,,FS C04 2004S,"FS C04 Velux Fxd Skylt Gry/Wh - w/Solar Shade RO 21""x37-7/8""",,,,Velux America Inc (VELAM),Velux America Inc,Velux America Inc,,FS C04 2004S,,Industrial & Commercial Supplies>Hardware>General Hardware,"Velux America Inc, Industrial Hardware, FS C04 2004S",INDUSTRIAL HARDWARE FS C04 2004S,"Velux America Inc, FS C04 2004S, Industrial Hardware",Velux America Inc Industrial Hardware Model FS C04 2004S. ,Industrial Hardware,,,,,,,,,,,,,,,,,,,,,,,,,,,Industrial Hardware,Size,,,Material,,,,,,,,,,,,,,,,,,,,,,,,,,,,,,,,,,,,,,,,,,,,,,,,,,,,,,,,,,,,,,,,,,,,,,,,,,,,,,,,,,,,,,,,,,,,,,,,,,,,,,,,,,,,,,,,,,,,,,,,,,,,,,,,,,,,,,,,,,,,,,,,,,,,,,,,,,,,,,,,,,,,,,,,,,,,,,,,,,,,,,,,,,,,,,,,,
,,,,,,,Hardware,General Hardware,Hardware Accessories,,FS C06 2004S,"FS C06 Velux Fxd Skylt Gry/Wh - w/Solar Shade RO 21""x45-7/8""",,,,Velux America Inc (VELAM),Velux America Inc,Velux America Inc,,FS C06 2004S,,Industrial & Commercial Supplies>Hardware>General Hardware,"Velux America Inc, Industrial Hardware, FS C06 2004S",INDUSTRIAL HARDWARE FS C06 2004S,"Velux America Inc, FS C06 2004S, Industrial Hardware",Velux America Inc Industrial Hardware Model FS C06 2004S. ,Industrial Hardware,,,,,,,,,,,,,,,,,,,,,,,,,,,Industrial Hardware,Size,,,Material,,,,,,,,,,,,,,,,,,,,,,,,,,,,,,,,,,,,,,,,,,,,,,,,,,,,,,,,,,,,,,,,,,,,,,,,,,,,,,,,,,,,,,,,,,,,,,,,,,,,,,,,,,,,,,,,,,,,,,,,,,,,,,,,,,,,,,,,,,,,,,,,,,,,,,,,,,,,,,,,,,,,,,,,,,,,,,,,,,,,,,,,,,,,,,,,,
,,,,,,,Hardware,General Hardware,Hardware Accessories,,1501831,31.5x14.75 Bsmt ecoLitePlus WH - Hopper DLA w/Screen,PROVIA,,,ProVia (PRODO),ProVia,ProVia,,1501831,,Industrial & Commercial Supplies>Hardware>General Hardware,"ProVia, Industrial Hardware, 1501831",INDUSTRIAL HARDWARE 1501831,"ProVia, 1501831, Industrial Hardware",ProVia Industrial Hardware Model 1501831. ,Industrial Hardware,,,,,,,,,,,,,,,,,,,,,,,,,,,Industrial Hardware,Size,,,Material,,,,,,,,,,,,,,,,,,,,,,,,,,,,,,,,,,,,,,,,,,,,,,,,,,,,,,,,,,,,,,,,,,,,,,,,,,,,,,,,,,,,,,,,,,,,,,,,,,,,,,,,,,,,,,,,,,,,,,,,,,,,,,,,,,,,,,,,,,,,,,,,,,,,,,,,,,,,,,,,,,,,,,,,,,,,,,,,,,,,,,,,,,,,,,,,,
,,,,,,,Hardware,General Hardware,Hardware Accessories,,1501832,31.5x22.75 Bsmt ecoLitePlus WH - Hopper DLA w/Screen,PROVIA,,,ProVia (PRODO),ProVia,ProVia,,1501832,,Industrial & Commercial Supplies>Hardware>General Hardware,"ProVia, Industrial Hardware, 1501832",INDUSTRIAL HARDWARE 1501832,"ProVia, 1501832, Industrial Hardware",ProVia Industrial Hardware Model 1501832. ,Industrial Hardware,,,,,,,,,,,,,,,,,,,,,,,,,,,Industrial Hardware,Size,,,Material,,,,,,,,,,,,,,,,,,,,,,,,,,,,,,,,,,,,,,,,,,,,,,,,,,,,,,,,,,,,,,,,,,,,,,,,,,,,,,,,,,,,,,,,,,,,,,,,,,,,,,,,,,,,,,,,,,,,,,,,,,,,,,,,,,,,,,,,,,,,,,,,,,,,,,,,,,,,,,,,,,,,,,,,,,,,,,,,,,,,,,,,,,,,,,,,,
,,,,,,,Hardware,General Hardware,Hardware Accessories,,1515974,3030 Slider 3900 United Black WH Int LowE-2 w/Half Scrn w/J,United Window & Door,,,,Generic Manufacturer,Generic Manufacturer,,1515974,,Industrial & Commercial Supplies>Hardware>General Hardware,"Generic Manufacturer, Industrial Hardware, 1515974",INDUSTRIAL HARDWARE 1515974,"Generic Manufacturer, 1515974, Industrial Hardware",Generic Manufacturer Industrial Hardware Model 1515974. ,Industrial Hardware,,,,,,,,,,,,,,,,,,,,,,,,,,,Industrial Hardware,Size,,,Material,,,,,,,,,,,,,,,,,,,,,,,,,,,,,,,,,,,,,,,,,,,,,,,,,,,,,,,,,,,,,,,,,,,,,,,,,,,,,,,,,,,,,,,,,,,,,,,,,,,,,,,,,,,,,,,,,,,,,,,,,,,,,,,,,,,,,,,,,,,,,,,,,,,,,,,,,,,,,,,,,,,,,,,,,,,,,,,,,,,,,,,,,,,,,,,,,
,,,,,,,Hardware,General Hardware,Hardware Accessories,,640383,"1/2"" 54""x10 Drywall Easi-Lite",,,,Certainteed Gypsum (2765),Certainteed Gypsum,Certainteed Gypsum,,640383,,Industrial & Commercial Supplies>Hardware>General Hardware,"Certainteed Gypsum, Industrial Hardware, 640383",INDUSTRIAL HARDWARE 640383,"Certainteed Gypsum, 640383, Industrial Hardware",Certainteed Gypsum Industrial Hardware Model 640383. ,Industrial Hardware,,,,,,,,,,,,,,,,,,,,,,,,,,,Industrial Hardware,Size,,,Material,,,,,,,,,,,,,,,,,,,,,,,,,,,,,,,,,,,,,,,,,,,,,,,,,,,,,,,,,,,,,,,,,,,,,,,,,,,,,,,,,,,,,,,,,,,,,,,,,,,,,,,,,,,,,,,,,,,,,,,,,,,,,,,,,,,,,,,,,,,,,,,,,,,,,,,,,,,,,,,,,,,,,,,,,,,,,,,,,,,,,,,,,,,,,,,,,
,,,,,,,Hardware,General Hardware,Hardware Accessories,,653258,"5/8"" 4x9 Drywall Firelite",,,,Certainteed Gypsum (2765),Certainteed Gypsum,Certainteed Gypsum,,653258,,Industrial & Commercial Supplies>Hardware>General Hardware,"Certainteed Gypsum, Industrial Hardware, 653258",INDUSTRIAL HARDWARE 653258,"Certainteed Gypsum, 653258, Industrial Hardware",Certainteed Gypsum Industrial Hardware Model 653258. ,Industrial Hardware,,,,,,,,,,,,,,,,,,,,,,,,,,,Industrial Hardware,Size,,,Material,,,,,,,,,,,,,,,,,,,,,,,,,,,,,,,,,,,,,,,,,,,,,,,,,,,,,,,,,,,,,,,,,,,,,,,,,,,,,,,,,,,,,,,,,,,,,,,,,,,,,,,,,,,,,,,,,,,,,,,,,,,,,,,,,,,,,,,,,,,,,,,,,,,,,,,,,,,,,,,,,,,,,,,,,,,,,,,,,,,,,,,,,,,,,,,,,
,,,,,,,Hardware,General Hardware,Hardware Accessories,,413S-DBA-36,"413S 36"" Alum Threshold DBZ",HAGER,,,Hager Hinge Co (4189),Hager Hinge Co,Hager Hinge Co,,413S-DBA-36,,Industrial & Commercial Supplies>Hardware>General Hardware,"Hager Hinge Co, Industrial Hardware, 413S-DBA-36",INDUSTRIAL HARDWARE 413S-DBA-36,"Hager Hinge Co, 413S-DBA-36, Industrial Hardware",Hager Hinge Co Industrial Hardware Model 413S-DBA-36. ,Industrial Hardware,,,,,,,,,,,,,,,,,,,,,,,,,,,Industrial Hardware,Size,,,Material,,,,,,,,,,,,,,,,,,,,,,,,,,,,,,,,,,,,,,,,,,,,,,,,,,,,,,,,,,,,,,,,,,,,,,,,,,,,,,,,,,,,,,,,,,,,,,,,,,,,,,,,,,,,,,,,,,,,,,,,,,,,,,,,,,,,,,,,,,,,,,,,,,,,,,,,,,,,,,,,,,,,,,,,,,,,,,,,,,,,,,,,,,,,,,,,,
,,,,,,,Hardware,General Hardware,Hardware Accessories,,413S-DBA-72,"413S 72"" Alum Threshold DBZ",HAGER,,,Hager Hinge Co (4189),Hager Hinge Co,Hager Hinge Co,,413S-DBA-72,,Industrial & Commercial Supplies>Hardware>General Hardware,"Hager Hinge Co, Industrial Hardware, 413S-DBA-72",INDUSTRIAL HARDWARE 413S-DBA-72,"Hager Hinge Co, 413S-DBA-72, Industrial Hardware",Hager Hinge Co Industrial Hardware Model 413S-DBA-72. ,Industrial Hardware,,,,,,,,,,,,,,,,,,,,,,,,,,,Industrial Hardware,Size,,,Material,,,,,,,,,,,,,,,,,,,,,,,,,,,,,,,,,,,,,,,,,,,,,,,,,,,,,,,,,,,,,,,,,,,,,,,,,,,,,,,,,,,,,,,,,,,,,,,,,,,,,,,,,,,,,,,,,,,,,,,,,,,,,,,,,,,,,,,,,,,,,,,,,,,,,,,,,,,,,,,,,,,,,,,,,,,,,,,,,,,,,,,,,,,,,,,,,
,,,,,,,Hardware,General Hardware,Hardware Accessories,,1511506,4'x65' Zip Rainscreen,,,,Huber Eng Wood LLC (3158),Huber Eng Wood LLC,Huber Eng Wood LLC,,1511506,,Industrial & Commercial Supplies>Hardware>General Hardware,"Huber Eng Wood LLC, Industrial Hardware, 1511506",INDUSTRIAL HARDWARE 1511506,"Huber Eng Wood LLC, 1511506, Industrial Hardware",Huber Eng Wood LLC Industrial Hardware Model 1511506. ,Industrial Hardware,,,,,,,,,,,,,,,,,,,,,,,,,,,Industrial Hardware,Size,,,Material,,,,,,,,,,,,,,,,,,,,,,,,,,,,,,,,,,,,,,,,,,,,,,,,,,,,,,,,,,,,,,,,,,,,,,,,,,,,,,,,,,,,,,,,,,,,,,,,,,,,,,,,,,,,,,,,,,,,,,,,,,,,,,,,,,,,,,,,,,,,,,,,,,,,,,,,,,,,,,,,,,,,,,,,,,,,,,,,,,,,,,,,,,,,,,,,,
,,,,,,,Hardware,General Hardware,Hardware Accessories,,1513577,1x8-12' Doug Fir STK Smooth 1S2E,COMMODITY - UNBRANDED,,,Westwood Lumber Sales (WESLU),Westwood Lumber Sales,Westwood Lumber Sales,,1513577,,Industrial & Commercial Supplies>Hardware>General Hardware,"Westwood Lumber Sales, Industrial Hardware, 1513577",INDUSTRIAL HARDWARE 1513577,"Westwood Lumber Sales, 1513577, Industrial Hardware",Westwood Lumber Sales Industrial Hardware Model 1513577. ,Industrial Hardware,,,,,,,,,,,,,,,,,,,,,,,,,,,Industrial Hardware,Size,,,Material,,,,,,,,,,,,,,,,,,,,,,,,,,,,,,,,,,,,,,,,,,,,,,,,,,,,,,,,,,,,,,,,,,,,,,,,,,,,,,,,,,,,,,,,,,,,,,,,,,,,,,,,,,,,,,,,,,,,,,,,,,,,,,,,,,,,,,,,,,,,,,,,,,,,,,,,,,,,,,,,,,,,,,,,,,,,,,,,,,,,,,,,,,,,,,,,,
,,,,,,,Hardware,General Hardware,Hardware Accessories,,1513578,1x8-16' Doug Fir STK Smooth 1S2E,COMMODITY - UNBRANDED,,,Westwood Lumber Sales (WESLU),Westwood Lumber Sales,Westwood Lumber Sales,,1513578,,Industrial & Commercial Supplies>Hardware>General Hardware,"Westwood Lumber Sales, Industrial Hardware, 1513578",INDUSTRIAL HARDWARE 1513578,"Westwood Lumber Sales, 1513578, Industrial Hardware",Westwood Lumber Sales Industrial Hardware Model 1513578. ,Industrial Hardware,,,,,,,,,,,,,,,,,,,,,,,,,,,Industrial Hardware,Size,,,Material,,,,,,,,,,,,,,,,,,,,,,,,,,,,,,,,,,,,,,,,,,,,,,,,,,,,,,,,,,,,,,,,,,,,,,,,,,,,,,,,,,,,,,,,,,,,,,,,,,,,,,,,,,,,,,,,,,,,,,,,,,,,,,,,,,,,,,,,,,,,,,,,,,,,,,,,,,,,,,,,,,,,,,,,,,,,,,,,,,,,,,,,,,,,,,,,,
,,,,,,,Hardware,General Hardware,Hardware Accessories,,1513579,1x12-12 'Doug Fir STK Smooth 1S2E,COMMODITY - UNBRANDED,,,Westwood Lumber Sales (WESLU),Westwood Lumber Sales,Westwood Lumber Sales,,1513579,,Industrial & Commercial Supplies>Hardware>General Hardware,"Westwood Lumber Sales, Industrial Hardware, 1513579",INDUSTRIAL HARDWARE 1513579,"Westwood Lumber Sales, 1513579, Industrial Hardware",Westwood Lumber Sales Industrial Hardware Model 1513579. ,Industrial Hardware,,,,,,,,,,,,,,,,,,,,,,,,,,,Industrial Hardware,Size,,,Material,,,,,,,,,,,,,,,,,,,,,,,,,,,,,,,,,,,,,,,,,,,,,,,,,,,,,,,,,,,,,,,,,,,,,,,,,,,,,,,,,,,,,,,,,,,,,,,,,,,,,,,,,,,,,,,,,,,,,,,,,,,,,,,,,,,,,,,,,,,,,,,,,,,,,,,,,,,,,,,,,,,,,,,,,,,,,,,,,,,,,,,,,,,,,,,,,
,,,,,,,Hardware,General Hardware,Hardware Accessories,,1513580,1x12-16' Doug Fir STK Smooth 1S2E,COMMODITY - UNBRANDED,,,Westwood Lumber Sales (WESLU),Westwood Lumber Sales,Westwood Lumber Sales,,1513580,,Industrial & Commercial Supplies>Hardware>General Hardware,"Westwood Lumber Sales, Industrial Hardware, 1513580",INDUSTRIAL HARDWARE 1513580,"Westwood Lumber Sales, 1513580, Industrial Hardware",Westwood Lumber Sales Industrial Hardware Model 1513580. ,Industrial Hardware,,,,,,,,,,,,,,,,,,,,,,,,,,,Industrial Hardware,Size,,,Material,,,,,,,,,,,,,,,,,,,,,,,,,,,,,,,,,,,,,,,,,,,,,,,,,,,,,,,,,,,,,,,,,,,,,,,,,,,,,,,,,,,,,,,,,,,,,,,,,,,,,,,,,,,,,,,,,,,,,,,,,,,,,,,,,,,,,,,,,,,,,,,,,,,,,,,,,,,,,,,,,,,,,,,,,,,,,,,,,,,,,,,,,,,,,,,,,
,,,,,,,Hardware,General Hardware,Hardware Accessories,,1501767,"3/4"" 4x8T&G Huber Blue PlusOSB - Sub Floor",,,,,Generic Manufacturer,Generic Manufacturer,,1501767,,Industrial & Commercial Supplies>Hardware>General Hardware,"Generic Manufacturer, Industrial Hardware, 1501767",INDUSTRIAL HARDWARE 1501767,"Generic Manufacturer, 1501767, Industrial Hardware",Generic Manufacturer Industrial Hardware Model 1501767. ,Industrial Hardware,,,,,,,,,,,,,,,,,,,,,,,,,,,Industrial Hardware,Size,,,Material,,,,,,,,,,,,,,,,,,,,,,,,,,,,,,,,,,,,,,,,,,,,,,,,,,,,,,,,,,,,,,,,,,,,,,,,,,,,,,,,,,,,,,,,,,,,,,,,,,,,,,,,,,,,,,,,,,,,,,,,,,,,,,,,,,,,,,,,,,,,,,,,,,,,,,,,,,,,,,,,,,,,,,,,,,,,,,,,,,,,,,,,,,,,,,,,,
,,,,,,,Hardware,General Hardware,Hardware Accessories,,PP-8BL,8' Premier Rib XL Black,,,,Premier Metals (PREME),Premier Metals,Premier Metals,,PP-8BL,,Industrial & Commercial Supplies>Hardware>General Hardware,"Premier Metals, Industrial Hardware, PP-8BL",INDUSTRIAL HARDWARE PP-8BL,"Premier Metals, PP-8BL, Industrial Hardware",Premier Metals Industrial Hardware Model PP-8BL. ,Industrial Hardware,,,,,,,,,,,,,,,,,,,,,,,,,,,Industrial Hardware,Size,,,Material,,,,,,,,,,,,,,,,,,,,,,,,,,,,,,,,,,,,,,,,,,,,,,,,,,,,,,,,,,,,,,,,,,,,,,,,,,,,,,,,,,,,,,,,,,,,,,,,,,,,,,,,,,,,,,,,,,,,,,,,,,,,,,,,,,,,,,,,,,,,,,,,,,,,,,,,,,,,,,,,,,,,,,,,,,,,,,,,,,,,,,,,,,,,,,,,,
,,,,,,,Hardware,General Hardware,Hardware Accessories,,PP-10BL,10' Premier Rib XL Black,,,,Premier Metals (PREME),Premier Metals,Premier Metals,,PP-10BL,,Industrial & Commercial Supplies>Hardware>General Hardware,"Premier Metals, Industrial Hardware, PP-10BL",INDUSTRIAL HARDWARE PP-10BL,"Premier Metals, PP-10BL, Industrial Hardware",Premier Metals Industrial Hardware Model PP-10BL. ,Industrial Hardware,,,,,,,,,,,,,,,,,,,,,,,,,,,Industrial Hardware,Size,,,Material,,,,,,,,,,,,,,,,,,,,,,,,,,,,,,,,,,,,,,,,,,,,,,,,,,,,,,,,,,,,,,,,,,,,,,,,,,,,,,,,,,,,,,,,,,,,,,,,,,,,,,,,,,,,,,,,,,,,,,,,,,,,,,,,,,,,,,,,,,,,,,,,,,,,,,,,,,,,,,,,,,,,,,,,,,,,,,,,,,,,,,,,,,,,,,,,,
,,,,,,,Hardware,General Hardware,Hardware Accessories,,PP-12BL,12' Premier Rib XL Black,,,,Premier Metals (PREME),Premier Metals,Premier Metals,,PP-12BL,,Industrial & Commercial Supplies>Hardware>General Hardware,"Premier Metals, Industrial Hardware, PP-12BL",INDUSTRIAL HARDWARE PP-12BL,"Premier Metals, PP-12BL, Industrial Hardware",Premier Metals Industrial Hardware Model PP-12BL. ,Industrial Hardware,,,,,,,,,,,,,,,,,,,,,,,,,,,Industrial Hardware,Size,,,Material,,,,,,,,,,,,,,,,,,,,,,,,,,,,,,,,,,,,,,,,,,,,,,,,,,,,,,,,,,,,,,,,,,,,,,,,,,,,,,,,,,,,,,,,,,,,,,,,,,,,,,,,,,,,,,,,,,,,,,,,,,,,,,,,,,,,,,,,,,,,,,,,,,,,,,,,,,,,,,,,,,,,,,,,,,,,,,,,,,,,,,,,,,,,,,,,,
,,,,,,,Hardware,General Hardware,Hardware Accessories,,PP-8CH,8' Premier Rib XL Charcoal,,,,Premier Metals (PREME),Premier Metals,Premier Metals,,PP-8CH,,Industrial & Commercial Supplies>Hardware>General Hardware,"Premier Metals, Industrial Hardware, PP-8CH",INDUSTRIAL HARDWARE PP-8CH,"Premier Metals, PP-8CH, Industrial Hardware",Premier Metals Industrial Hardware Model PP-8CH. ,Industrial Hardware,,,,,,,,,,,,,,,,,,,,,,,,,,,Industrial Hardware,Size,,,Material,,,,,,,,,,,,,,,,,,,,,,,,,,,,,,,,,,,,,,,,,,,,,,,,,,,,,,,,,,,,,,,,,,,,,,,,,,,,,,,,,,,,,,,,,,,,,,,,,,,,,,,,,,,,,,,,,,,,,,,,,,,,,,,,,,,,,,,,,,,,,,,,,,,,,,,,,,,,,,,,,,,,,,,,,,,,,,,,,,,,,,,,,,,,,,,,,
,,,,,,,Hardware,General Hardware,Hardware Accessories,,PP-10CH,10' Premier Rib XL Charcoal,,,,Premier Metals (PREME),Premier Metals,Premier Metals,,PP-10CH,,Industrial & Commercial Supplies>Hardware>General Hardware,"Premier Metals, Industrial Hardware, PP-10CH",INDUSTRIAL HARDWARE PP-10CH,"Premier Metals, PP-10CH, Industrial Hardware",Premier Metals Industrial Hardware Model PP-10CH. ,Industrial Hardware,,,,,,,,,,,,,,,,,,,,,,,,,,,Industrial Hardware,Size,,,Material,,,,,,,,,,,,,,,,,,,,,,,,,,,,,,,,,,,,,,,,,,,,,,,,,,,,,,,,,,,,,,,,,,,,,,,,,,,,,,,,,,,,,,,,,,,,,,,,,,,,,,,,,,,,,,,,,,,,,,,,,,,,,,,,,,,,,,,,,,,,,,,,,,,,,,,,,,,,,,,,,,,,,,,,,,,,,,,,,,,,,,,,,,,,,,,,,
,,,,,,,Hardware,General Hardware,Hardware Accessories,,PP-12CH,12' Premier Rib XL Charcoal,,,,Premier Metals (PREME),Premier Metals,Premier Metals,,PP-12CH,,Industrial & Commercial Supplies>Hardware>General Hardware,"Premier Metals, Industrial Hardware, PP-12CH",INDUSTRIAL HARDWARE PP-12CH,"Premier Metals, PP-12CH, Industrial Hardware",Premier Metals Industrial Hardware Model PP-12CH. ,Industrial Hardware,,,,,,,,,,,,,,,,,,,,,,,,,,,Industrial Hardware,Size,,,Material,,,,,,,,,,,,,,,,,,,,,,,,,,,,,,,,,,,,,,,,,,,,,,,,,,,,,,,,,,,,,,,,,,,,,,,,,,,,,,,,,,,,,,,,,,,,,,,,,,,,,,,,,,,,,,,,,,,,,,,,,,,,,,,,,,,,,,,,,,,,,,,,,,,,,,,,,,,,,,,,,,,,,,,,,,,,,,,,,,,,,,,,,,,,,,,,,
,,,,,,,Hardware,General Hardware,Hardware Accessories,,PP-8WH,8' Premier Rib XL White,,,,Premier Metals (PREME),Premier Metals,Premier Metals,,PP-8WH,,Industrial & Commercial Supplies>Hardware>General Hardware,"Premier Metals, Industrial Hardware, PP-8WH",INDUSTRIAL HARDWARE PP-8WH,"Premier Metals, PP-8WH, Industrial Hardware",Premier Metals Industrial Hardware Model PP-8WH. ,Industrial Hardware,,,,,,,,,,,,,,,,,,,,,,,,,,,Industrial Hardware,Size,,,Material,,,,,,,,,,,,,,,,,,,,,,,,,,,,,,,,,,,,,,,,,,,,,,,,,,,,,,,,,,,,,,,,,,,,,,,,,,,,,,,,,,,,,,,,,,,,,,,,,,,,,,,,,,,,,,,,,,,,,,,,,,,,,,,,,,,,,,,,,,,,,,,,,,,,,,,,,,,,,,,,,,,,,,,,,,,,,,,,,,,,,,,,,,,,,,,,,
,,,,,,,Hardware,General Hardware,Hardware Accessories,,PP-10WH,10' Premier Rib XL White,,,,Premier Metals (PREME),Premier Metals,Premier Metals,,PP-10WH,,Industrial & Commercial Supplies>Hardware>General Hardware,"Premier Metals, Industrial Hardware, PP-10WH",INDUSTRIAL HARDWARE PP-10WH,"Premier Metals, PP-10WH, Industrial Hardware",Premier Metals Industrial Hardware Model PP-10WH. ,Industrial Hardware,,,,,,,,,,,,,,,,,,,,,,,,,,,Industrial Hardware,Size,,,Material,,,,,,,,,,,,,,,,,,,,,,,,,,,,,,,,,,,,,,,,,,,,,,,,,,,,,,,,,,,,,,,,,,,,,,,,,,,,,,,,,,,,,,,,,,,,,,,,,,,,,,,,,,,,,,,,,,,,,,,,,,,,,,,,,,,,,,,,,,,,,,,,,,,,,,,,,,,,,,,,,,,,,,,,,,,,,,,,,,,,,,,,,,,,,,,,,
,,,,,,,Hardware,General Hardware,Hardware Accessories,,1504345,OC Duration TruDef Wburg Gray (BDL),,,,Palmer Donavin Mfg Company (PALDO),Palmer Donavin Mfg Company,Palmer Donavin Mfg Company,,1504345,,Industrial & Commercial Supplies>Hardware>General Hardware,"Palmer Donavin Mfg Company, Industrial Hardware, 1504345",INDUSTRIAL HARDWARE 1504345,"Palmer Donavin Mfg Company, 1504345, Industrial Hardware",Palmer Donavin Mfg Company Industrial Hardware Model 1504345. ,Industrial Hardware,,,,,,,,,,,,,,,,,,,,,,,,,,,Industrial Hardware,Size,,,Material,,,,,,,,,,,,,,,,,,,,,,,,,,,,,,,,,,,,,,,,,,,,,,,,,,,,,,,,,,,,,,,,,,,,,,,,,,,,,,,,,,,,,,,,,,,,,,,,,,,,,,,,,,,,,,,,,,,,,,,,,,,,,,,,,,,,,,,,,,,,,,,,,,,,,,,,,,,,,,,,,,,,,,,,,,,,,,,,,,,,,,,,,,,,,,,,,
,,,,,,,Hardware,General Hardware,Hardware Accessories,,2733,3'x65' Henry Eaveguard - Ice Guard,,,,Palmer Donavin Mfg Company (PALDO),Palmer Donavin Mfg Company,Palmer Donavin Mfg Company,,2733,,Industrial & Commercial Supplies>Hardware>General Hardware,"Palmer Donavin Mfg Company, Industrial Hardware, 2733",INDUSTRIAL HARDWARE 2733,"Palmer Donavin Mfg Company, 2733, Industrial Hardware",Palmer Donavin Mfg Company Industrial Hardware Model 2733. ,Industrial Hardware,,,,,,,,,,,,,,,,,,,,,,,,,,,Industrial Hardware,Size,,,Material,,,,,,,,,,,,,,,,,,,,,,,,,,,,,,,,,,,,,,,,,,,,,,,,,,,,,,,,,,,,,,,,,,,,,,,,,,,,,,,,,,,,,,,,,,,,,,,,,,,,,,,,,,,,,,,,,,,,,,,,,,,,,,,,,,,,,,,,,,,,,,,,,,,,,,,,,,,,,,,,,,,,,,,,,,,,,,,,,,,,,,,,,,,,,,,,,
,,,,,,,Hardware,General Hardware,Hardware Accessories,,7547,Ice Guard OC Weathr Lk Mat 2sq,,,,,Generic Manufacturer,Generic Manufacturer,,7547,,Industrial & Commercial Supplies>Hardware>General Hardware,"Generic Manufacturer, Industrial Hardware, 7547",INDUSTRIAL HARDWARE 7547,"Generic Manufacturer, 7547, Industrial Hardware",Generic Manufacturer Industrial Hardware Model 7547. ,Industrial Hardware,,,,,,,,,,,,,,,,,,,,,,,,,,,Industrial Hardware,Size,,,Material,,,,,,,,,,,,,,,,,,,,,,,,,,,,,,,,,,,,,,,,,,,,,,,,,,,,,,,,,,,,,,,,,,,,,,,,,,,,,,,,,,,,,,,,,,,,,,,,,,,,,,,,,,,,,,,,,,,,,,,,,,,,,,,,,,,,,,,,,,,,,,,,,,,,,,,,,,,,,,,,,,,,,,,,,,,,,,,,,,,,,,,,,,,,,,,,,
,,,,,,,Hardware,General Hardware,Hardware Accessories,,8912220,"7-1/4""x12' Hardie Sdg Smooth - Primed HardiePlank",JAMESHARDIE,,,Boise Cascade Building Materials (BOICA),Boise Cascade Building Materials,Boise Cascade Building Materials,,8912220,,Industrial & Commercial Supplies>Hardware>General Hardware,"Boise Cascade Building Materials, Industrial Hardware, 8912220",INDUSTRIAL HARDWARE 8912220,"Boise Cascade Building Materials, 8912220, Industrial Hardware",Boise Cascade Building Materials Industrial Hardware Model 8912220. ,Industrial Hardware,,,,,,,,,,,,,,,,,,,,,,,,,,,Industrial Hardware,Size,,,Material,,,,,,,,,,,,,,,,,,,,,,,,,,,,,,,,,,,,,,,,,,,,,,,,,,,,,,,,,,,,,,,,,,,,,,,,,,,,,,,,,,,,,,,,,,,,,,,,,,,,,,,,,,,,,,,,,,,,,,,,,,,,,,,,,,,,,,,,,,,,,,,,,,,,,,,,,,,,,,,,,,,,,,,,,,,,,,,,,,,,,,,,,,,,,,,,,
,,,,,,,Hardware,General Hardware,Hardware Accessories,,8904015,4'x10' HardiePanel Smooth - Primed,JAMESHARDIE,,,Boise Cascade Building Materials (BOICA),Boise Cascade Building Materials,Boise Cascade Building Materials,,8904015,,Industrial & Commercial Supplies>Hardware>General Hardware,"Boise Cascade Building Materials, Industrial Hardware, 8904015",INDUSTRIAL HARDWARE 8904015,"Boise Cascade Building Materials, 8904015, Industrial Hardware",Boise Cascade Building Materials Industrial Hardware Model 8904015. ,Industrial Hardware,,,,,,,,,,,,,,,,,,,,,,,,,,,Industrial Hardware,Size,,,Material,,,,,,,,,,,,,,,,,,,,,,,,,,,,,,,,,,,,,,,,,,,,,,,,,,,,,,,,,,,,,,,,,,,,,,,,,,,,,,,,,,,,,,,,,,,,,,,,,,,,,,,,,,,,,,,,,,,,,,,,,,,,,,,,,,,,,,,,,,,,,,,,,,,,,,,,,,,,,,,,,,,,,,,,,,,,,,,,,,,,,,,,,,,,,,,,,
,,,,,,,Hardware,General Hardware,Hardware Accessories,,25796,"6""x16' Smart Lap Sdg Cedar",LP SMARTSIDE,,,U S Lumber (3073),U S Lumber,U S Lumber,,25796,,Industrial & Commercial Supplies>Hardware>General Hardware,"U S Lumber, Industrial Hardware, 25796",INDUSTRIAL HARDWARE 25796,"U S Lumber, 25796, Industrial Hardware",U S Lumber Industrial Hardware Model 25796. ,Industrial Hardware,,,,,,,,,,,,,,,,,,,,,,,,,,,Industrial Hardware,Size,,,Material,,,,,,,,,,,,,,,,,,,,,,,,,,,,,,,,,,,,,,,,,,,,,,,,,,,,,,,,,,,,,,,,,,,,,,,,,,,,,,,,,,,,,,,,,,,,,,,,,,,,,,,,,,,,,,,,,,,,,,,,,,,,,,,,,,,,,,,,,,,,,,,,,,,,,,,,,,,,,,,,,,,,,,,,,,,,,,,,,,,,,,,,,,,,,,,,,
,,,,,,,Hardware,General Hardware,Hardware Accessories,,40503,"3/8"" 16""x16' Smart Pan Cedar - No-Groove Sq Edge B&B",LP SMARTSIDE,,,U S Lumber (3073),U S Lumber,U S Lumber,,40503,,Industrial & Commercial Supplies>Hardware>General Hardware,"U S Lumber, Industrial Hardware, 40503",INDUSTRIAL HARDWARE 40503,"U S Lumber, 40503, Industrial Hardware",U S Lumber Industrial Hardware Model 40503. ,Industrial Hardware,,,,,,,,,,,,,,,,,,,,,,,,,,,Industrial Hardware,Size,,,Material,,,,,,,,,,,,,,,,,,,,,,,,,,,,,,,,,,,,,,,,,,,,,,,,,,,,,,,,,,,,,,,,,,,,,,,,,,,,,,,,,,,,,,,,,,,,,,,,,,,,,,,,,,,,,,,,,,,,,,,,,,,,,,,,,,,,,,,,,,,,,,,,,,,,,,,,,,,,,,,,,,,,,,,,,,,,,,,,,,,,,,,,,,,,,,,,,
,,,,,,,Hardware,General Hardware,Hardware Accessories,,25825,"3/8"" 4x10 Smart Pan Cedar - No-Groove w/Shiplap Edges",LP SMARTSIDE,,,U S Lumber (3073),U S Lumber,U S Lumber,,25825,,Industrial & Commercial Supplies>Hardware>General Hardware,"U S Lumber, Industrial Hardware, 25825",INDUSTRIAL HARDWARE 25825,"U S Lumber, 25825, Industrial Hardware",U S Lumber Industrial Hardware Model 25825. ,Industrial Hardware,,,,,,,,,,,,,,,,,,,,,,,,,,,Industrial Hardware,Size,,,Material,,,,,,,,,,,,,,,,,,,,,,,,,,,,,,,,,,,,,,,,,,,,,,,,,,,,,,,,,,,,,,,,,,,,,,,,,,,,,,,,,,,,,,,,,,,,,,,,,,,,,,,,,,,,,,,,,,,,,,,,,,,,,,,,,,,,,,,,,,,,,,,,,,,,,,,,,,,,,,,,,,,,,,,,,,,,,,,,,,,,,,,,,,,,,,,,,
,,,,,,,Hardware,General Hardware,Hardware Accessories,,25822,"3/8"" 12""x16' Smart Vented Soff - Cedar Soffit",LP SMARTSIDE,,,U S Lumber (3073),U S Lumber,U S Lumber,,25822,,Industrial & Commercial Supplies>Hardware>General Hardware,"U S Lumber, Industrial Hardware, 25822",INDUSTRIAL HARDWARE 25822,"U S Lumber, 25822, Industrial Hardware",U S Lumber Industrial Hardware Model 25822. ,Industrial Hardware,,,,,,,,,,,,,,,,,,,,,,,,,,,Industrial Hardware,Size,,,Material,,,,,,,,,,,,,,,,,,,,,,,,,,,,,,,,,,,,,,,,,,,,,,,,,,,,,,,,,,,,,,,,,,,,,,,,,,,,,,,,,,,,,,,,,,,,,,,,,,,,,,,,,,,,,,,,,,,,,,,,,,,,,,,,,,,,,,,,,,,,,,,,,,,,,,,,,,,,,,,,,,,,,,,,,,,,,,,,,,,,,,,,,,,,,,,,,
,,,,,,,Hardware,General Hardware,Hardware Accessories,,543650101,Black Alum ADA Wall Mount Trex,TREX,,,Boise Cascade Building Materials (BOICA),Boise Cascade Building Materials,Boise Cascade Building Materials,,543650101,,Industrial & Commercial Supplies>Hardware>General Hardware,"Boise Cascade Building Materials, Industrial Hardware, 543650101",INDUSTRIAL HARDWARE 543650101,"Boise Cascade Building Materials, 543650101, Industrial Hardware",Boise Cascade Building Materials Industrial Hardware Model 543650101. ,Industrial Hardware,,,,,,,,,,,,,,,,,,,,,,,,,,,Industrial Hardware,Size,,,Material,,,,,,,,,,,,,,,,,,,,,,,,,,,,,,,,,,,,,,,,,,,,,,,,,,,,,,,,,,,,,,,,,,,,,,,,,,,,,,,,,,,,,,,,,,,,,,,,,,,,,,,,,,,,,,,,,,,,,,,,,,,,,,,,,,,,,,,,,,,,,,,,,,,,,,,,,,,,,,,,,,,,,,,,,,,,,,,,,,,,,,,,,,,,,,,,,
,,,,,,,Hardware,General Hardware,Hardware Accessories,,543650010,Black Alum ADA Int End Cap - Trex,TREX,,,Boise Cascade Building Materials (BOICA),Boise Cascade Building Materials,Boise Cascade Building Materials,,543650010,,Industrial & Commercial Supplies>Hardware>General Hardware,"Boise Cascade Building Materials, Industrial Hardware, 543650010",INDUSTRIAL HARDWARE 543650010,"Boise Cascade Building Materials, 543650010, Industrial Hardware",Boise Cascade Building Materials Industrial Hardware Model 543650010. ,Industrial Hardware,,,,,,,,,,,,,,,,,,,,,,,,,,,Industrial Hardware,Size,,,Material,,,,,,,,,,,,,,,,,,,,,,,,,,,,,,,,,,,,,,,,,,,,,,,,,,,,,,,,,,,,,,,,,,,,,,,,,,,,,,,,,,,,,,,,,,,,,,,,,,,,,,,,,,,,,,,,,,,,,,,,,,,,,,,,,,,,,,,,,,,,,,,,,,,,,,,,,,,,,,,,,,,,,,,,,,,,,,,,,,,,,,,,,,,,,,,,,
,,,,,,,Hardware,General Hardware,Hardware Accessories,,543650048,8' Black Alum ADA Rail Trex,TREX,,,Boise Cascade Building Materials (BOICA),Boise Cascade Building Materials,Boise Cascade Building Materials,,543650048,,Industrial & Commercial Supplies>Hardware>General Hardware,"Boise Cascade Building Materials, Industrial Hardware, 543650048",INDUSTRIAL HARDWARE 543650048,"Boise Cascade Building Materials, 543650048, Industrial Hardware",Boise Cascade Building Materials Industrial Hardware Model 543650048. ,Industrial Hardware,,,,,,,,,,,,,,,,,,,,,,,,,,,Industrial Hardware,Size,,,Material,,,,,,,,,,,,,,,,,,,,,,,,,,,,,,,,,,,,,,,,,,,,,,,,,,,,,,,,,,,,,,,,,,,,,,,,,,,,,,,,,,,,,,,,,,,,,,,,,,,,,,,,,,,,,,,,,,,,,,,,,,,,,,,,,,,,,,,,,,,,,,,,,,,,,,,,,,,,,,,,,,,,,,,,,,,,,,,,,,,,,,,,,,,,,,,,,
,,,,,,,Hardware,General Hardware,Hardware Accessories,,1506969,"1-1/2"" 4x8 Huber Zip R6.6 - Insulated R-Sheathing",,,,,Generic Manufacturer,Generic Manufacturer,,1506969,,Industrial & Commercial Supplies>Hardware>General Hardware,"Generic Manufacturer, Industrial Hardware, 1506969",INDUSTRIAL HARDWARE 1506969,"Generic Manufacturer, 1506969, Industrial Hardware",Generic Manufacturer Industrial Hardware Model 1506969. ,Industrial Hardware,,,,,,,,,,,,,,,,,,,,,,,,,,,Industrial Hardware,Size,,,Material,,,,,,,,,,,,,,,,,,,,,,,,,,,,,,,,,,,,,,,,,,,,,,,,,,,,,,,,,,,,,,,,,,,,,,,,,,,,,,,,,,,,,,,,,,,,,,,,,,,,,,,,,,,,,,,,,,,,,,,,,,,,,,,,,,,,,,,,,,,,,,,,,,,,,,,,,,,,,,,,,,,,,,,,,,,,,,,,,,,,,,,,,,,,,,,,,
,,,,,,,Hardware,General Hardware,Hardware Accessories,,1514681,"1"" 4x8 Huber Zip R3.6 - Insulated R-Sheathing",,,,,Generic Manufacturer,Generic Manufacturer,,1514681,,Industrial & Commercial Supplies>Hardware>General Hardware,"Generic Manufacturer, Industrial Hardware, 1514681",INDUSTRIAL HARDWARE 1514681,"Generic Manufacturer, 1514681, Industrial Hardware",Generic Manufacturer Industrial Hardware Model 1514681. ,Industrial Hardware,,,,,,,,,,,,,,,,,,,,,,,,,,,Industrial Hardware,Size,,,Material,,,,,,,,,,,,,,,,,,,,,,,,,,,,,,,,,,,,,,,,,,,,,,,,,,,,,,,,,,,,,,,,,,,,,,,,,,,,,,,,,,,,,,,,,,,,,,,,,,,,,,,,,,,,,,,,,,,,,,,,,,,,,,,,,,,,,,,,,,,,,,,,,,,,,,,,,,,,,,,,,,,,,,,,,,,,,,,,,,,,,,,,,,,,,,,,,
,,,,,,,Hardware,General Hardware,Hardware Accessories,,1514726,"2"" 4x8 Huber Zip R9.6 - Insulated R-Sheathing",,,,,Generic Manufacturer,Generic Manufacturer,,1514726,,Industrial & Commercial Supplies>Hardware>General Hardware,"Generic Manufacturer, Industrial Hardware, 1514726",INDUSTRIAL HARDWARE 1514726,"Generic Manufacturer, 1514726, Industrial Hardware",Generic Manufacturer Industrial Hardware Model 1514726. ,Industrial Hardware,,,,,,,,,,,,,,,,,,,,,,,,,,,Industrial Hardware,Size,,,Material,,,,,,,,,,,,,,,,,,,,,,,,,,,,,,,,,,,,,,,,,,,,,,,,,,,,,,,,,,,,,,,,,,,,,,,,,,,,,,,,,,,,,,,,,,,,,,,,,,,,,,,,,,,,,,,,,,,,,,,,,,,,,,,,,,,,,,,,,,,,,,,,,,,,,,,,,,,,,,,,,,,,,,,,,,,,,,,,,,,,,,,,,,,,,,,,,
,,,,,,,Hardware,General Hardware,Hardware Accessories,,1728ABL,2x2 Black Fine Fissured 1728BL,,,,Palmer Donavin Mfg Company (PALDO),Palmer Donavin Mfg Company,Palmer Donavin Mfg Company,,1728ABL,,Industrial & Commercial Supplies>Hardware>General Hardware,"Palmer Donavin Mfg Company, Industrial Hardware, 1728ABL",INDUSTRIAL HARDWARE 1728ABL,"Palmer Donavin Mfg Company, 1728ABL, Industrial Hardware",Palmer Donavin Mfg Company Industrial Hardware Model 1728ABL. ,Industrial Hardware,,,,,,,,,,,,,,,,,,,,,,,,,,,Industrial Hardware,Size,,,Material,,,,,,,,,,,,,,,,,,,,,,,,,,,,,,,,,,,,,,,,,,,,,,,,,,,,,,,,,,,,,,,,,,,,,,,,,,,,,,,,,,,,,,,,,,,,,,,,,,,,,,,,,,,,,,,,,,,,,,,,,,,,,,,,,,,,,,,,,,,,,,,,,,,,,,,,,,,,,,,,,,,,,,,,,,,,,,,,,,,,,,,,,,,,,,,,,
,,,,,,,Hardware,General Hardware,Hardware Accessories,,402-R,402R 12V12AH 8D Battery,,,,MillerTech Energy Solutions (MILTE),MillerTech Energy Solutions,MillerTech Energy Solutions,,402-R,,Industrial & Commercial Supplies>Hardware>General Hardware,"MillerTech Energy Solutions, Industrial Hardware, 402-R",INDUSTRIAL HARDWARE 402-R,"MillerTech Energy Solutions, 402-R, Industrial Hardware",MillerTech Energy Solutions Industrial Hardware Model 402-R. ,Industrial Hardware,,,,,,,,,,,,,,,,,,,,,,,,,,,Industrial Hardware,Size,,,Material,,,,,,,,,,,,,,,,,,,,,,,,,,,,,,,,,,,,,,,,,,,,,,,,,,,,,,,,,,,,,,,,,,,,,,,,,,,,,,,,,,,,,,,,,,,,,,,,,,,,,,,,,,,,,,,,,,,,,,,,,,,,,,,,,,,,,,,,,,,,,,,,,,,,,,,,,,,,,,,,,,,,,,,,,,,,,,,,,,,,,,,,,,,,,,,,,
,,,,,,,Hardware,General Hardware,Hardware Accessories,,SL1672,SL1672 Jumpstart & Pwr Supply,,,Schumacher,,Generic Manufacturer,Generic Manufacturer,,SL1672,,Industrial & Commercial Supplies>Hardware>General Hardware,"Generic Manufacturer, Industrial Hardware, SL1672",INDUSTRIAL HARDWARE SL1672,"Generic Manufacturer, SL1672, Industrial Hardware",Generic Manufacturer Industrial Hardware Model SL1672. ,Industrial Hardware,,,,,,,,,,,,,,,,,,,,,,,,,,,Industrial Hardware,Size,,,Material,,,,,,,,,,,,,,,,,,,,,,,,,,,,,,,,,,,,,,,,,,,,,,,,,,,,,,,,,,,,,,,,,,,,,,,,,,,,,,,,,,,,,,,,,,,,,,,,,,,,,,,,,,,,,,,,,,,,,,,,,,,,,,,,,,,,,,,,,,,,,,,,,,,,,,,,,,,,,,,,,,,,,,,,,,,,,,,,,,,,,,,,,,,,,,,,,
,,,,,,,Hardware,General Hardware,Hardware Accessories,,BM-DW20-YLW-6,BM-DW20-YLW-6 Dewalt - Battery Mounts 6pk,,,StealthMounts,Metalmark Industrial Inc (METIN),Metalmark Industrial Inc,Metalmark Industrial Inc,,BM-DW20-YLW-6,,Industrial & Commercial Supplies>Hardware>General Hardware,"Metalmark Industrial Inc, Industrial Hardware, BM-DW20-YLW-6",INDUSTRIAL HARDWARE BM-DW20-YLW-6,"Metalmark Industrial Inc, BM-DW20-YLW-6, Industrial Hardware",Metalmark Industrial Inc Industrial Hardware Model BM-DW20-YLW-6. ,Industrial Hardware,,,,,,,,,,,,,,,,,,,,,,,,,,,Industrial Hardware,Size,,,Material,,,,,,,,,,,,,,,,,,,,,,,,,,,,,,,,,,,,,,,,,,,,,,,,,,,,,,,,,,,,,,,,,,,,,,,,,,,,,,,,,,,,,,,,,,,,,,,,,,,,,,,,,,,,,,,,,,,,,,,,,,,,,,,,,,,,,,,,,,,,,,,,,,,,,,,,,,,,,,,,,,,,,,,,,,,,,,,,,,,,,,,,,,,,,,,,,
,,,,,,,Hardware,General Hardware,Hardware Accessories,,BHA1-UPC,16-24 Adjust Hanger,,,Southwire,Southwire/g Turner (6603),Southwire/g Turner,Southwire/g Turner,,BHA1-UPC,,Industrial & Commercial Supplies>Hardware>General Hardware,"Southwire/g Turner, Industrial Hardware, BHA1-UPC",INDUSTRIAL HARDWARE BHA1-UPC,"Southwire/g Turner, BHA1-UPC, Industrial Hardware",Southwire/g Turner Industrial Hardware Model BHA1-UPC. ,Industrial Hardware,,,,,,,,,,,,,,,,,,,,,,,,,,,Industrial Hardware,Size,,,Material,,,,,,,,,,,,,,,,,,,,,,,,,,,,,,,,,,,,,,,,,,,,,,,,,,,,,,,,,,,,,,,,,,,,,,,,,,,,,,,,,,,,,,,,,,,,,,,,,,,,,,,,,,,,,,,,,,,,,,,,,,,,,,,,,,,,,,,,,,,,,,,,,,,,,,,,,,,,,,,,,,,,,,,,,,,,,,,,,,,,,,,,,,,,,,,,,
,,,,,,,Hardware,General Hardware,Hardware Accessories,,G1941-UPC,"G1941UPC 4"" Sq Cover Sw/Outlet",,,Southwire,Southwire/g Turner (6603),Southwire/g Turner,Southwire/g Turner,,G1941-UPC,,Industrial & Commercial Supplies>Hardware>General Hardware,"Southwire/g Turner, Industrial Hardware, G1941-UPC",INDUSTRIAL HARDWARE G1941-UPC,"Southwire/g Turner, G1941-UPC, Industrial Hardware",Southwire/g Turner Industrial Hardware Model G1941-UPC. ,Industrial Hardware,,,,,,,,,,,,,,,,,,,,,,,,,,,Industrial Hardware,Size,,,Material,,,,,,,,,,,,,,,,,,,,,,,,,,,,,,,,,,,,,,,,,,,,,,,,,,,,,,,,,,,,,,,,,,,,,,,,,,,,,,,,,,,,,,,,,,,,,,,,,,,,,,,,,,,,,,,,,,,,,,,,,,,,,,,,,,,,,,,,,,,,,,,,,,,,,,,,,,,,,,,,,,,,,,,,,,,,,,,,,,,,,,,,,,,,,,,,,
,,,,,,,Hardware,General Hardware,Hardware Accessories,,G1950-UPC,4x4 2G GFI Box Cover,,,Southwire,Southwire/g Turner (6603),Southwire/g Turner,Southwire/g Turner,,G1950-UPC,,Industrial & Commercial Supplies>Hardware>General Hardware,"Southwire/g Turner, Industrial Hardware, G1950-UPC",INDUSTRIAL HARDWARE G1950-UPC,"Southwire/g Turner, G1950-UPC, Industrial Hardware",Southwire/g Turner Industrial Hardware Model G1950-UPC. ,Industrial Hardware,,,,,,,,,,,,,,,,,,,,,,,,,,,Industrial Hardware,Size,,,Material,,,,,,,,,,,,,,,,,,,,,,,,,,,,,,,,,,,,,,,,,,,,,,,,,,,,,,,,,,,,,,,,,,,,,,,,,,,,,,,,,,,,,,,,,,,,,,,,,,,,,,,,,,,,,,,,,,,,,,,,,,,,,,,,,,,,,,,,,,,,,,,,,,,,,,,,,,,,,,,,,,,,,,,,,,,,,,,,,,,,,,,,,,,,,,,,,
,,,,,,,Hardware,General Hardware,Hardware Accessories,,A410RCAR,4x4 1G PVC Box Cover,,,Carlon,Thomas & Betts (7405),Thomas & Betts,Thomas & Betts,,A410RCAR,,Industrial & Commercial Supplies>Hardware>General Hardware,"Thomas & Betts, Industrial Hardware, A410RCAR",INDUSTRIAL HARDWARE A410RCAR,"Thomas & Betts, A410RCAR, Industrial Hardware",Thomas & Betts Industrial Hardware Model A410RCAR. ,Industrial Hardware,,,,,,,,,,,,,,,,,,,,,,,,,,,Industrial Hardware,Size,,,Material,,,,,,,,,,,,,,,,,,,,,,,,,,,,,,,,,,,,,,,,,,,,,,,,,,,,,,,,,,,,,,,,,,,,,,,,,,,,,,,,,,,,,,,,,,,,,,,,,,,,,,,,,,,,,,,,,,,,,,,,,,,,,,,,,,,,,,,,,,,,,,,,,,,,,,,,,,,,,,,,,,,,,,,,,,,,,,,,,,,,,,,,,,,,,,,,,
,,,,,,,Hardware,General Hardware,Hardware Accessories,,G1951-UPC,4x4 2G GFCI Duplex Box Cover,,,Southwire,Southwire/g Turner (6603),Southwire/g Turner,Southwire/g Turner,,G1951-UPC,,Industrial & Commercial Supplies>Hardware>General Hardware,"Southwire/g Turner, Industrial Hardware, G1951-UPC",INDUSTRIAL HARDWARE G1951-UPC,"Southwire/g Turner, G1951-UPC, Industrial Hardware",Southwire/g Turner Industrial Hardware Model G1951-UPC. ,Industrial Hardware,,,,,,,,,,,,,,,,,,,,,,,,,,,Industrial Hardware,Size,,,Material,,,,,,,,,,,,,,,,,,,,,,,,,,,,,,,,,,,,,,,,,,,,,,,,,,,,,,,,,,,,,,,,,,,,,,,,,,,,,,,,,,,,,,,,,,,,,,,,,,,,,,,,,,,,,,,,,,,,,,,,,,,,,,,,,,,,,,,,,,,,,,,,,,,,,,,,,,,,,,,,,,,,,,,,,,,,,,,,,,,,,,,,,,,,,,,,,
,,,,,,,Hardware,General Hardware,Hardware Accessories,,52C3-5/8-UPC,4x4 1G Box Cover,,,Southwire,Southwire/g Turner (6603),Southwire/g Turner,Southwire/g Turner,,52C3-5/8-UPC,,Industrial & Commercial Supplies>Hardware>General Hardware,"Southwire/g Turner, Industrial Hardware, 52C3-5/8-UPC",INDUSTRIAL HARDWARE 52C3-5/8-UPC,"Southwire/g Turner, 52C3-5/8-UPC, Industrial Hardware",Southwire/g Turner Industrial Hardware Model 52C3-5/8-UPC. ,Industrial Hardware,,,,,,,,,,,,,,,,,,,,,,,,,,,Industrial Hardware,Size,,,Material,,,,,,,,,,,,,,,,,,,,,,,,,,,,,,,,,,,,,,,,,,,,,,,,,,,,,,,,,,,,,,,,,,,,,,,,,,,,,,,,,,,,,,,,,,,,,,,,,,,,,,,,,,,,,,,,,,,,,,,,,,,,,,,,,,,,,,,,,,,,,,,,,,,,,,,,,,,,,,,,,,,,,,,,,,,,,,,,,,,,,,,,,,,,,,,,,
,,,,,,,Hardware,General Hardware,Hardware Accessories,,52C14-5/8-UPC,4x4 1G Box Cover,,,Southwire,Southwire/g Turner (6603),Southwire/g Turner,Southwire/g Turner,,52C14-5/8-UPC,,Industrial & Commercial Supplies>Hardware>General Hardware,"Southwire/g Turner, Industrial Hardware, 52C14-5/8-UPC",INDUSTRIAL HARDWARE 52C14-5/8-UPC,"Southwire/g Turner, 52C14-5/8-UPC, Industrial Hardware",Southwire/g Turner Industrial Hardware Model 52C14-5/8-UPC. ,Industrial Hardware,,,,,,,,,,,,,,,,,,,,,,,,,,,Industrial Hardware,Size,,,Material,,,,,,,,,,,,,,,,,,,,,,,,,,,,,,,,,,,,,,,,,,,,,,,,,,,,,,,,,,,,,,,,,,,,,,,,,,,,,,,,,,,,,,,,,,,,,,,,,,,,,,,,,,,,,,,,,,,,,,,,,,,,,,,,,,,,,,,,,,,,,,,,,,,,,,,,,,,,,,,,,,,,,,,,,,,,,,,,,,,,,,,,,,,,,,,,,
,,,,,,,Hardware,General Hardware,Hardware Accessories,,52C3-UPC,4x4 1G Box Cover,,,Southwire,Southwire/g Turner (6603),Southwire/g Turner,Southwire/g Turner,,52C3-UPC,,Industrial & Commercial Supplies>Hardware>General Hardware,"Southwire/g Turner, Industrial Hardware, 52C3-UPC",INDUSTRIAL HARDWARE 52C3-UPC,"Southwire/g Turner, 52C3-UPC, Industrial Hardware",Southwire/g Turner Industrial Hardware Model 52C3-UPC. ,Industrial Hardware,,,,,,,,,,,,,,,,,,,,,,,,,,,Industrial Hardware,Size,,,Material,,,,,,,,,,,,,,,,,,,,,,,,,,,,,,,,,,,,,,,,,,,,,,,,,,,,,,,,,,,,,,,,,,,,,,,,,,,,,,,,,,,,,,,,,,,,,,,,,,,,,,,,,,,,,,,,,,,,,,,,,,,,,,,,,,,,,,,,,,,,,,,,,,,,,,,,,,,,,,,,,,,,,,,,,,,,,,,,,,,,,,,,,,,,,,,,,
,,,,,,,Hardware,General Hardware,Hardware Accessories,,54151-F-UPC,4x4x1-1/2 Oct Box w/Bracket,,,Southwire,Southwire/g Turner (6603),Southwire/g Turner,Southwire/g Turner,,54151-F-UPC,,Industrial & Commercial Supplies>Hardware>General Hardware,"Southwire/g Turner, Industrial Hardware, 54151-F-UPC",INDUSTRIAL HARDWARE 54151-F-UPC,"Southwire/g Turner, 54151-F-UPC, Industrial Hardware",Southwire/g Turner Industrial Hardware Model 54151-F-UPC. ,Industrial Hardware,,,,,,,,,,,,,,,,,,,,,,,,,,,Industrial Hardware,Size,,,Material,,,,,,,,,,,,,,,,,,,,,,,,,,,,,,,,,,,,,,,,,,,,,,,,,,,,,,,,,,,,,,,,,,,,,,,,,,,,,,,,,,,,,,,,,,,,,,,,,,,,,,,,,,,,,,,,,,,,,,,,,,,,,,,,,,,,,,,,,,,,,,,,,,,,,,,,,,,,,,,,,,,,,,,,,,,,,,,,,,,,,,,,,,,,,,,,,
,,,,,,,Hardware,General Hardware,Hardware Accessories,,54151-HUR-UPC,4x4x1-1/2 Oct Box w/Hanger,,,Southwire,Southwire/g Turner (6603),Southwire/g Turner,Southwire/g Turner,,54151-HUR-UPC,,Industrial & Commercial Supplies>Hardware>General Hardware,"Southwire/g Turner, Industrial Hardware, 54151-HUR-UPC",INDUSTRIAL HARDWARE 54151-HUR-UPC,"Southwire/g Turner, 54151-HUR-UPC, Industrial Hardware",Southwire/g Turner Industrial Hardware Model 54151-HUR-UPC. ,Industrial Hardware,,,,,,,,,,,,,,,,,,,,,,,,,,,Industrial Hardware,Size,,,Material,,,,,,,,,,,,,,,,,,,,,,,,,,,,,,,,,,,,,,,,,,,,,,,,,,,,,,,,,,,,,,,,,,,,,,,,,,,,,,,,,,,,,,,,,,,,,,,,,,,,,,,,,,,,,,,,,,,,,,,,,,,,,,,,,,,,,,,,,,,,,,,,,,,,,,,,,,,,,,,,,,,,,,,,,,,,,,,,,,,,,,,,,,,,,,,,,
,,,,,,,Hardware,General Hardware,Hardware Accessories,,54151-JR-UPC,4x4x1-1/2 Oct Box w/Brakcet,,,Southwire,Southwire/g Turner (6603),Southwire/g Turner,Southwire/g Turner,,54151-JR-UPC,,Industrial & Commercial Supplies>Hardware>General Hardware,"Southwire/g Turner, Industrial Hardware, 54151-JR-UPC",INDUSTRIAL HARDWARE 54151-JR-UPC,"Southwire/g Turner, 54151-JR-UPC, Industrial Hardware",Southwire/g Turner Industrial Hardware Model 54151-JR-UPC. ,Industrial Hardware,,,,,,,,,,,,,,,,,,,,,,,,,,,Industrial Hardware,Size,,,Material,,,,,,,,,,,,,,,,,,,,,,,,,,,,,,,,,,,,,,,,,,,,,,,,,,,,,,,,,,,,,,,,,,,,,,,,,,,,,,,,,,,,,,,,,,,,,,,,,,,,,,,,,,,,,,,,,,,,,,,,,,,,,,,,,,,,,,,,,,,,,,,,,,,,,,,,,,,,,,,,,,,,,,,,,,,,,,,,,,,,,,,,,,,,,,,,,
,,,,,,,Hardware,General Hardware,Hardware Accessories,,54171-R-UPC,4x4x2 Oct Box,,,Southwire,Southwire/g Turner (6603),Southwire/g Turner,Southwire/g Turner,,54171-R-UPC,,Industrial & Commercial Supplies>Hardware>General Hardware,"Southwire/g Turner, Industrial Hardware, 54171-R-UPC",INDUSTRIAL HARDWARE 54171-R-UPC,"Southwire/g Turner, 54171-R-UPC, Industrial Hardware",Southwire/g Turner Industrial Hardware Model 54171-R-UPC. ,Industrial Hardware,,,,,,,,,,,,,,,,,,,,,,,,,,,Industrial Hardware,Size,,,Material,,,,,,,,,,,,,,,,,,,,,,,,,,,,,,,,,,,,,,,,,,,,,,,,,,,,,,,,,,,,,,,,,,,,,,,,,,,,,,,,,,,,,,,,,,,,,,,,,,,,,,,,,,,,,,,,,,,,,,,,,,,,,,,,,,,,,,,,,,,,,,,,,,,,,,,,,,,,,,,,,,,,,,,,,,,,,,,,,,,,,,,,,,,,,,,,,
,,,,,,,Hardware,General Hardware,Hardware Accessories,,52151-S-UPC,4x4x1-1/2 Square Box,,,Southwire,Southwire/g Turner (6603),Southwire/g Turner,Southwire/g Turner,,52151-S-UPC,,Industrial & Commercial Supplies>Hardware>General Hardware,"Southwire/g Turner, Industrial Hardware, 52151-S-UPC",INDUSTRIAL HARDWARE 52151-S-UPC,"Southwire/g Turner, 52151-S-UPC, Industrial Hardware",Southwire/g Turner Industrial Hardware Model 52151-S-UPC. ,Industrial Hardware,,,,,,,,,,,,,,,,,,,,,,,,,,,Industrial Hardware,Size,,,Material,,,,,,,,,,,,,,,,,,,,,,,,,,,,,,,,,,,,,,,,,,,,,,,,,,,,,,,,,,,,,,,,,,,,,,,,,,,,,,,,,,,,,,,,,,,,,,,,,,,,,,,,,,,,,,,,,,,,,,,,,,,,,,,,,,,,,,,,,,,,,,,,,,,,,,,,,,,,,,,,,,,,,,,,,,,,,,,,,,,,,,,,,,,,,,,,,
,,,,,,,Hardware,General Hardware,Hardware Accessories,,72171-3/4-1W-UPC,4-1/2x4-1/2x2 2G Box,,,Southwire,Southwire/g Turner (6603),Southwire/g Turner,Southwire/g Turner,,72171-3/4-1W-UPC,,Industrial & Commercial Supplies>Hardware>General Hardware,"Southwire/g Turner, Industrial Hardware, 72171-3/4-1W-UPC",INDUSTRIAL HARDWARE 72171-3/4-1W-UPC,"Southwire/g Turner, 72171-3/4-1W-UPC, Industrial Hardware",Southwire/g Turner Industrial Hardware Model 72171-3/4-1W-UPC. ,Industrial Hardware,,,,,,,,,,,,,,,,,,,,,,,,,,,Industrial Hardware,Size,,,Material,,,,,,,,,,,,,,,,,,,,,,,,,,,,,,,,,,,,,,,,,,,,,,,,,,,,,,,,,,,,,,,,,,,,,,,,,,,,,,,,,,,,,,,,,,,,,,,,,,,,,,,,,,,,,,,,,,,,,,,,,,,,,,,,,,,,,,,,,,,,,,,,,,,,,,,,,,,,,,,,,,,,,,,,,,,,,,,,,,,,,,,,,,,,,,,,,
,,,,,,,Hardware,General Hardware,Hardware Accessories,,5522-5EV,5522-5EV 2 Port Decor Plate,,,,Cooper Wiring Devices (3560),Cooper Wiring Devices,Cooper Wiring Devices,,5522-5EV,,Industrial & Commercial Supplies>Hardware>General Hardware,"Cooper Wiring Devices, Industrial Hardware, 5522-5EV",INDUSTRIAL HARDWARE 5522-5EV,"Cooper Wiring Devices, 5522-5EV, Industrial Hardware",Cooper Wiring Devices Industrial Hardware Model 5522-5EV. ,Industrial Hardware,,,,,,,,,,,,,,,,,,,,,,,,,,,Industrial Hardware,Size,,,Material,,,,,,,,,,,,,,,,,,,,,,,,,,,,,,,,,,,,,,,,,,,,,,,,,,,,,,,,,,,,,,,,,,,,,,,,,,,,,,,,,,,,,,,,,,,,,,,,,,,,,,,,,,,,,,,,,,,,,,,,,,,,,,,,,,,,,,,,,,,,,,,,,,,,,,,,,,,,,,,,,,,,,,,,,,,,,,,,,,,,,,,,,,,,,,,,,
,,,,,,,Hardware,General Hardware,Hardware Accessories,,AYCL-153PH-LA,AYCL-153PH-LA Lutron Dimmer LA,,,,Fenton Bros Electric Inc (FENBR),Fenton Bros Electric Inc,Fenton Bros Electric Inc,,AYCL-153PH-LA,,Industrial & Commercial Supplies>Hardware>General Hardware,"Fenton Bros Electric Inc, Industrial Hardware, AYCL-153PH-LA",INDUSTRIAL HARDWARE AYCL-153PH-LA,"Fenton Bros Electric Inc, AYCL-153PH-LA, Industrial Hardware",Fenton Bros Electric Inc Industrial Hardware Model AYCL-153PH-LA. ,Industrial Hardware,,,,,,,,,,,,,,,,,,,,,,,,,,,Industrial Hardware,Size,,,Material,,,,,,,,,,,,,,,,,,,,,,,,,,,,,,,,,,,,,,,,,,,,,,,,,,,,,,,,,,,,,,,,,,,,,,,,,,,,,,,,,,,,,,,,,,,,,,,,,,,,,,,,,,,,,,,,,,,,,,,,,,,,,,,,,,,,,,,,,,,,,,,,,,,,,,,,,,,,,,,,,,,,,,,,,,,,,,,,,,,,,,,,,,,,,,,,,
,,,,,,,Hardware,General Hardware,Hardware Accessories,,AYCL-153PH-WH,AYCL-153PH-WH Lutron Dimmer Wh,,,,Fenton Bros Electric Inc (FENBR),Fenton Bros Electric Inc,Fenton Bros Electric Inc,,AYCL-153PH-WH,,Industrial & Commercial Supplies>Hardware>General Hardware,"Fenton Bros Electric Inc, Industrial Hardware, AYCL-153PH-WH",INDUSTRIAL HARDWARE AYCL-153PH-WH,"Fenton Bros Electric Inc, AYCL-153PH-WH, Industrial Hardware",Fenton Bros Electric Inc Industrial Hardware Model AYCL-153PH-WH. ,Industrial Hardware,,,,,,,,,,,,,,,,,,,,,,,,,,,Industrial Hardware,Size,,,Material,,,,,,,,,,,,,,,,,,,,,,,,,,,,,,,,,,,,,,,,,,,,,,,,,,,,,,,,,,,,,,,,,,,,,,,,,,,,,,,,,,,,,,,,,,,,,,,,,,,,,,,,,,,,,,,,,,,,,,,,,,,,,,,,,,,,,,,,,,,,,,,,,,,,,,,,,,,,,,,,,,,,,,,,,,,,,,,,,,,,,,,,,,,,,,,,,
,,,,,,,Hardware,General Hardware,Hardware Accessories,,D23LP-R02-1RW,D23LPR021RW Plug In Dimmer Wh,,,Leviton,Leviton Mfg Co (4927),Leviton Mfg Co,Leviton Mfg Co,,D23LP-R02-1RW,,Industrial & Commercial Supplies>Hardware>General Hardware,"Leviton Mfg Co, Industrial Hardware, D23LP-R02-1RW",INDUSTRIAL HARDWARE D23LP-R02-1RW,"Leviton Mfg Co, D23LP-R02-1RW, Industrial Hardware",Leviton Mfg Co Industrial Hardware Model D23LP-R02-1RW. ,Industrial Hardware,,,,,,,,,,,,,,,,,,,,,,,,,,,Industrial Hardware,Size,,,Material,,,,,,,,,,,,,,,,,,,,,,,,,,,,,,,,,,,,,,,,,,,,,,,,,,,,,,,,,,,,,,,,,,,,,,,,,,,,,,,,,,,,,,,,,,,,,,,,,,,,,,,,,,,,,,,,,,,,,,,,,,,,,,,,,,,,,,,,,,,,,,,,,,,,,,,,,,,,,,,,,,,,,,,,,,,,,,,,,,,,,,,,,,,,,,,,,
,,,,,,,Hardware,General Hardware,Hardware Accessories,,TNOCD002,TNOCD002 125V Outdooor Timer,,,Prime,Prime Wire & Cable (3562),Prime Wire & Cable,Prime Wire & Cable,,TNOCD002,,Industrial & Commercial Supplies>Hardware>General Hardware,"Prime Wire & Cable, Industrial Hardware, TNOCD002",INDUSTRIAL HARDWARE TNOCD002,"Prime Wire & Cable, TNOCD002, Industrial Hardware",Prime Wire & Cable Industrial Hardware Model TNOCD002. ,Industrial Hardware,,,,,,,,,,,,,,,,,,,,,,,,,,,Industrial Hardware,Size,,,Material,,,,,,,,,,,,,,,,,,,,,,,,,,,,,,,,,,,,,,,,,,,,,,,,,,,,,,,,,,,,,,,,,,,,,,,,,,,,,,,,,,,,,,,,,,,,,,,,,,,,,,,,,,,,,,,,,,,,,,,,,,,,,,,,,,,,,,,,,,,,,,,,,,,,,,,,,,,,,,,,,,,,,,,,,,,,,,,,,,,,,,,,,,,,,,,,,
,,,,,,,Hardware,General Hardware,Hardware Accessories,,TNDHD002,TNDHD002 125V 7Day Timer,,,Prime,Prime Wire & Cable (3562),Prime Wire & Cable,Prime Wire & Cable,,TNDHD002,,Industrial & Commercial Supplies>Hardware>General Hardware,"Prime Wire & Cable, Industrial Hardware, TNDHD002",INDUSTRIAL HARDWARE TNDHD002,"Prime Wire & Cable, TNDHD002, Industrial Hardware",Prime Wire & Cable Industrial Hardware Model TNDHD002. ,Industrial Hardware,,,,,,,,,,,,,,,,,,,,,,,,,,,Industrial Hardware,Size,,,Material,,,,,,,,,,,,,,,,,,,,,,,,,,,,,,,,,,,,,,,,,,,,,,,,,,,,,,,,,,,,,,,,,,,,,,,,,,,,,,,,,,,,,,,,,,,,,,,,,,,,,,,,,,,,,,,,,,,,,,,,,,,,,,,,,,,,,,,,,,,,,,,,,,,,,,,,,,,,,,,,,,,,,,,,,,,,,,,,,,,,,,,,,,,,,,,,,
,,,,,,,Hardware,General Hardware,Hardware Accessories,,TNIDP12,TNIDP12 125V Dig Indoor Timer,,,Prime,Prime Wire & Cable (3562),Prime Wire & Cable,Prime Wire & Cable,,TNIDP12,,Industrial & Commercial Supplies>Hardware>General Hardware,"Prime Wire & Cable, Industrial Hardware, TNIDP12",INDUSTRIAL HARDWARE TNIDP12,"Prime Wire & Cable, TNIDP12, Industrial Hardware",Prime Wire & Cable Industrial Hardware Model TNIDP12. ,Industrial Hardware,,,,,,,,,,,,,,,,,,,,,,,,,,,Industrial Hardware,Size,,,Material,,,,,,,,,,,,,,,,,,,,,,,,,,,,,,,,,,,,,,,,,,,,,,,,,,,,,,,,,,,,,,,,,,,,,,,,,,,,,,,,,,,,,,,,,,,,,,,,,,,,,,,,,,,,,,,,,,,,,,,,,,,,,,,,,,,,,,,,,,,,,,,,,,,,,,,,,,,,,,,,,,,,,,,,,,,,,,,,,,,,,,,,,,,,,,,,,
,,,,,,,Hardware,General Hardware,Hardware Accessories,,TNIW24,TNIW24 125V 24hr Mech Timer,,,Prime,Prime Wire & Cable (3562),Prime Wire & Cable,Prime Wire & Cable,,TNIW24,,Industrial & Commercial Supplies>Hardware>General Hardware,"Prime Wire & Cable, Industrial Hardware, TNIW24",INDUSTRIAL HARDWARE TNIW24,"Prime Wire & Cable, TNIW24, Industrial Hardware",Prime Wire & Cable Industrial Hardware Model TNIW24. ,Industrial Hardware,,,,,,,,,,,,,,,,,,,,,,,,,,,Industrial Hardware,Size,,,Material,,,,,,,,,,,,,,,,,,,,,,,,,,,,,,,,,,,,,,,,,,,,,,,,,,,,,,,,,,,,,,,,,,,,,,,,,,,,,,,,,,,,,,,,,,,,,,,,,,,,,,,,,,,,,,,,,,,,,,,,,,,,,,,,,,,,,,,,,,,,,,,,,,,,,,,,,,,,,,,,,,,,,,,,,,,,,,,,,,,,,,,,,,,,,,,,,
,,,,,,,Hardware,General Hardware,Hardware Accessories,,65-1222,65-1222 1' Led Lt Multi CCT,,,,Satco Prod Inc (5573),Satco Prod Inc,Satco Prod Inc,,65-1222,,Industrial & Commercial Supplies>Hardware>General Hardware,"Satco Prod Inc, Industrial Hardware, 65-1222",INDUSTRIAL HARDWARE 65-1222,"Satco Prod Inc, 65-1222, Industrial Hardware",Satco Prod Inc Industrial Hardware Model 65-1222. ,Industrial Hardware,,,,,,,,,,,,,,,,,,,,,,,,,,,Industrial Hardware,Size,,,Material,,,,,,,,,,,,,,,,,,,,,,,,,,,,,,,,,,,,,,,,,,,,,,,,,,,,,,,,,,,,,,,,,,,,,,,,,,,,,,,,,,,,,,,,,,,,,,,,,,,,,,,,,,,,,,,,,,,,,,,,,,,,,,,,,,,,,,,,,,,,,,,,,,,,,,,,,,,,,,,,,,,,,,,,,,,,,,,,,,,,,,,,,,,,,,,,,
,,,,,,,Hardware,General Hardware,Hardware Accessories,,65-1224,65-1224 4' Led Strip Light,,,Satco,Satco Prod Inc (5573),Satco Prod Inc,Satco Prod Inc,,65-1224,,Industrial & Commercial Supplies>Hardware>General Hardware,"Satco Prod Inc, Industrial Hardware, 65-1224",INDUSTRIAL HARDWARE 65-1224,"Satco Prod Inc, 65-1224, Industrial Hardware",Satco Prod Inc Industrial Hardware Model 65-1224. ,Industrial Hardware,,,,,,,,,,,,,,,,,,,,,,,,,,,Industrial Hardware,Size,,,Material,,,,,,,,,,,,,,,,,,,,,,,,,,,,,,,,,,,,,,,,,,,,,,,,,,,,,,,,,,,,,,,,,,,,,,,,,,,,,,,,,,,,,,,,,,,,,,,,,,,,,,,,,,,,,,,,,,,,,,,,,,,,,,,,,,,,,,,,,,,,,,,,,,,,,,,,,,,,,,,,,,,,,,,,,,,,,,,,,,,,,,,,,,,,,,,,,
,,,,,,,Hardware,General Hardware,Hardware Accessories,,45297BK,45297BK Kichler Wall Lt,,,,Kichler Lighting (KICLI),Kichler Lighting,Kichler Lighting,,45297BK,,Industrial & Commercial Supplies>Hardware>General Hardware,"Kichler Lighting, Industrial Hardware, 45297BK",INDUSTRIAL HARDWARE 45297BK,"Kichler Lighting, 45297BK, Industrial Hardware",Kichler Lighting Industrial Hardware Model 45297BK. ,Industrial Hardware,,,,,,,,,,,,,,,,,,,,,,,,,,,Industrial Hardware,Size,,,Material,,,,,,,,,,,,,,,,,,,,,,,,,,,,,,,,,,,,,,,,,,,,,,,,,,,,,,,,,,,,,,,,,,,,,,,,,,,,,,,,,,,,,,,,,,,,,,,,,,,,,,,,,,,,,,,,,,,,,,,,,,,,,,,,,,,,,,,,,,,,,,,,,,,,,,,,,,,,,,,,,,,,,,,,,,,,,,,,,,,,,,,,,,,,,,,,,
,,,,,,,Hardware,General Hardware,Hardware Accessories,,45573BK,45573BK Kichler Wall Light,,,,Kichler Lighting (KICLI),Kichler Lighting,Kichler Lighting,,45573BK,,Industrial & Commercial Supplies>Hardware>General Hardware,"Kichler Lighting, Industrial Hardware, 45573BK",INDUSTRIAL HARDWARE 45573BK,"Kichler Lighting, 45573BK, Industrial Hardware",Kichler Lighting Industrial Hardware Model 45573BK. ,Industrial Hardware,,,,,,,,,,,,,,,,,,,,,,,,,,,Industrial Hardware,Size,,,Material,,,,,,,,,,,,,,,,,,,,,,,,,,,,,,,,,,,,,,,,,,,,,,,,,,,,,,,,,,,,,,,,,,,,,,,,,,,,,,,,,,,,,,,,,,,,,,,,,,,,,,,,,,,,,,,,,,,,,,,,,,,,,,,,,,,,,,,,,,,,,,,,,,,,,,,,,,,,,,,,,,,,,,,,,,,,,,,,,,,,,,,,,,,,,,,,,
,,,,,,,Hardware,General Hardware,Hardware Accessories,,37418A,37418A Kichler Bath Light,,,,Kichler Lighting (KICLI),Kichler Lighting,Kichler Lighting,,37418A,,Industrial & Commercial Supplies>Hardware>General Hardware,"Kichler Lighting, Industrial Hardware, 37418A",INDUSTRIAL HARDWARE 37418A,"Kichler Lighting, 37418A, Industrial Hardware",Kichler Lighting Industrial Hardware Model 37418A. ,Industrial Hardware,,,,,,,,,,,,,,,,,,,,,,,,,,,Industrial Hardware,Size,,,Material,,,,,,,,,,,,,,,,,,,,,,,,,,,,,,,,,,,,,,,,,,,,,,,,,,,,,,,,,,,,,,,,,,,,,,,,,,,,,,,,,,,,,,,,,,,,,,,,,,,,,,,,,,,,,,,,,,,,,,,,,,,,,,,,,,,,,,,,,,,,,,,,,,,,,,,,,,,,,,,,,,,,,,,,,,,,,,,,,,,,,,,,,,,,,,,,,
,,,,,,,Hardware,General Hardware,Hardware Accessories,,37423A,37423A Kichler Bath Light,,,,Kichler Lighting (KICLI),Kichler Lighting,Kichler Lighting,,37423A,,Industrial & Commercial Supplies>Hardware>General Hardware,"Kichler Lighting, Industrial Hardware, 37423A",INDUSTRIAL HARDWARE 37423A,"Kichler Lighting, 37423A, Industrial Hardware",Kichler Lighting Industrial Hardware Model 37423A. ,Industrial Hardware,,,,,,,,,,,,,,,,,,,,,,,,,,,Industrial Hardware,Size,,,Material,,,,,,,,,,,,,,,,,,,,,,,,,,,,,,,,,,,,,,,,,,,,,,,,,,,,,,,,,,,,,,,,,,,,,,,,,,,,,,,,,,,,,,,,,,,,,,,,,,,,,,,,,,,,,,,,,,,,,,,,,,,,,,,,,,,,,,,,,,,,,,,,,,,,,,,,,,,,,,,,,,,,,,,,,,,,,,,,,,,,,,,,,,,,,,,,,
,,,,,,,Hardware,General Hardware,Hardware Accessories,,45496BKCLR,45496BKCLR Kichler Bath Light,,,,Kichler Lighting (KICLI),Kichler Lighting,Kichler Lighting,,45496BKCLR,,Industrial & Commercial Supplies>Hardware>General Hardware,"Kichler Lighting, Industrial Hardware, 45496BKCLR",INDUSTRIAL HARDWARE 45496BKCLR,"Kichler Lighting, 45496BKCLR, Industrial Hardware",Kichler Lighting Industrial Hardware Model 45496BKCLR. ,Industrial Hardware,,,,,,,,,,,,,,,,,,,,,,,,,,,Industrial Hardware,Size,,,Material,,,,,,,,,,,,,,,,,,,,,,,,,,,,,,,,,,,,,,,,,,,,,,,,,,,,,,,,,,,,,,,,,,,,,,,,,,,,,,,,,,,,,,,,,,,,,,,,,,,,,,,,,,,,,,,,,,,,,,,,,,,,,,,,,,,,,,,,,,,,,,,,,,,,,,,,,,,,,,,,,,,,,,,,,,,,,,,,,,,,,,,,,,,,,,,,,
,,,,,,,Hardware,General Hardware,Hardware Accessories,,45973BK,45973BK Kichler Wall Light,,,,Kichler Lighting (KICLI),Kichler Lighting,Kichler Lighting,,45973BK,,Industrial & Commercial Supplies>Hardware>General Hardware,"Kichler Lighting, Industrial Hardware, 45973BK",INDUSTRIAL HARDWARE 45973BK,"Kichler Lighting, 45973BK, Industrial Hardware",Kichler Lighting Industrial Hardware Model 45973BK. ,Industrial Hardware,,,,,,,,,,,,,,,,,,,,,,,,,,,Industrial Hardware,Size,,,Material,,,,,,,,,,,,,,,,,,,,,,,,,,,,,,,,,,,,,,,,,,,,,,,,,,,,,,,,,,,,,,,,,,,,,,,,,,,,,,,,,,,,,,,,,,,,,,,,,,,,,,,,,,,,,,,,,,,,,,,,,,,,,,,,,,,,,,,,,,,,,,,,,,,,,,,,,,,,,,,,,,,,,,,,,,,,,,,,,,,,,,,,,,,,,,,,,
,,,,,,,Hardware,General Hardware,Hardware Accessories,,55155BK,55155BK Kichler Wall Lt,,,,Kichler Lighting (KICLI),Kichler Lighting,Kichler Lighting,,55155BK,,Industrial & Commercial Supplies>Hardware>General Hardware,"Kichler Lighting, Industrial Hardware, 55155BK",INDUSTRIAL HARDWARE 55155BK,"Kichler Lighting, 55155BK, Industrial Hardware",Kichler Lighting Industrial Hardware Model 55155BK. ,Industrial Hardware,,,,,,,,,,,,,,,,,,,,,,,,,,,Industrial Hardware,Size,,,Material,,,,,,,,,,,,,,,,,,,,,,,,,,,,,,,,,,,,,,,,,,,,,,,,,,,,,,,,,,,,,,,,,,,,,,,,,,,,,,,,,,,,,,,,,,,,,,,,,,,,,,,,,,,,,,,,,,,,,,,,,,,,,,,,,,,,,,,,,,,,,,,,,,,,,,,,,,,,,,,,,,,,,,,,,,,,,,,,,,,,,,,,,,,,,,,,,
,,,,,,,Hardware,General Hardware,Hardware Accessories,,55157CPZ,55157CPZ Kichler Wall Light,,,,Kichler Lighting (KICLI),Kichler Lighting,Kichler Lighting,,55157CPZ,,Industrial & Commercial Supplies>Hardware>General Hardware,"Kichler Lighting, Industrial Hardware, 55157CPZ",INDUSTRIAL HARDWARE 55157CPZ,"Kichler Lighting, 55157CPZ, Industrial Hardware",Kichler Lighting Industrial Hardware Model 55157CPZ. ,Industrial Hardware,,,,,,,,,,,,,,,,,,,,,,,,,,,Industrial Hardware,Size,,,Material,,,,,,,,,,,,,,,,,,,,,,,,,,,,,,,,,,,,,,,,,,,,,,,,,,,,,,,,,,,,,,,,,,,,,,,,,,,,,,,,,,,,,,,,,,,,,,,,,,,,,,,,,,,,,,,,,,,,,,,,,,,,,,,,,,,,,,,,,,,,,,,,,,,,,,,,,,,,,,,,,,,,,,,,,,,,,,,,,,,,,,,,,,,,,,,,,
,,,,,,,Hardware,General Hardware,Hardware Accessories,,55184BK,55184BK Kichler Wall Lt,,,,Kichler Lighting (KICLI),Kichler Lighting,Kichler Lighting,,55184BK,,Industrial & Commercial Supplies>Hardware>General Hardware,"Kichler Lighting, Industrial Hardware, 55184BK",INDUSTRIAL HARDWARE 55184BK,"Kichler Lighting, 55184BK, Industrial Hardware",Kichler Lighting Industrial Hardware Model 55184BK. ,Industrial Hardware,,,,,,,,,,,,,,,,,,,,,,,,,,,Industrial Hardware,Size,,,Material,,,,,,,,,,,,,,,,,,,,,,,,,,,,,,,,,,,,,,,,,,,,,,,,,,,,,,,,,,,,,,,,,,,,,,,,,,,,,,,,,,,,,,,,,,,,,,,,,,,,,,,,,,,,,,,,,,,,,,,,,,,,,,,,,,,,,,,,,,,,,,,,,,,,,,,,,,,,,,,,,,,,,,,,,,,,,,,,,,,,,,,,,,,,,,,,,
,,,,,,,Hardware,General Hardware,Hardware Accessories,,55185BK,55185BK Kichler Wall Lt,,,,Kichler Lighting (KICLI),Kichler Lighting,Kichler Lighting,,55185BK,,Industrial & Commercial Supplies>Hardware>General Hardware,"Kichler Lighting, Industrial Hardware, 55185BK",INDUSTRIAL HARDWARE 55185BK,"Kichler Lighting, 55185BK, Industrial Hardware",Kichler Lighting Industrial Hardware Model 55185BK. ,Industrial Hardware,,,,,,,,,,,,,,,,,,,,,,,,,,,Industrial Hardware,Size,,,Material,,,,,,,,,,,,,,,,,,,,,,,,,,,,,,,,,,,,,,,,,,,,,,,,,,,,,,,,,,,,,,,,,,,,,,,,,,,,,,,,,,,,,,,,,,,,,,,,,,,,,,,,,,,,,,,,,,,,,,,,,,,,,,,,,,,,,,,,,,,,,,,,,,,,,,,,,,,,,,,,,,,,,,,,,,,,,,,,,,,,,,,,,,,,,,,,,
,,,,,,,Hardware,General Hardware,Hardware Accessories,,55186CH,55186CH Kichler Wall Lt,,,,Kichler Lighting (KICLI),Kichler Lighting,Kichler Lighting,,55186CH,,Industrial & Commercial Supplies>Hardware>General Hardware,"Kichler Lighting, Industrial Hardware, 55186CH",INDUSTRIAL HARDWARE 55186CH,"Kichler Lighting, 55186CH, Industrial Hardware",Kichler Lighting Industrial Hardware Model 55186CH. ,Industrial Hardware,,,,,,,,,,,,,,,,,,,,,,,,,,,Industrial Hardware,Size,,,Material,,,,,,,,,,,,,,,,,,,,,,,,,,,,,,,,,,,,,,,,,,,,,,,,,,,,,,,,,,,,,,,,,,,,,,,,,,,,,,,,,,,,,,,,,,,,,,,,,,,,,,,,,,,,,,,,,,,,,,,,,,,,,,,,,,,,,,,,,,,,,,,,,,,,,,,,,,,,,,,,,,,,,,,,,,,,,,,,,,,,,,,,,,,,,,,,,
,,,,,,,Hardware,General Hardware,Hardware Accessories,,55210NI,55210NI Kichler Wall Light,,,,Kichler Lighting (KICLI),Kichler Lighting,Kichler Lighting,,55210NI,,Industrial & Commercial Supplies>Hardware>General Hardware,"Kichler Lighting, Industrial Hardware, 55210NI",INDUSTRIAL HARDWARE 55210NI,"Kichler Lighting, 55210NI, Industrial Hardware",Kichler Lighting Industrial Hardware Model 55210NI. ,Industrial Hardware,,,,,,,,,,,,,,,,,,,,,,,,,,,Industrial Hardware,Size,,,Material,,,,,,,,,,,,,,,,,,,,,,,,,,,,,,,,,,,,,,,,,,,,,,,,,,,,,,,,,,,,,,,,,,,,,,,,,,,,,,,,,,,,,,,,,,,,,,,,,,,,,,,,,,,,,,,,,,,,,,,,,,,,,,,,,,,,,,,,,,,,,,,,,,,,,,,,,,,,,,,,,,,,,,,,,,,,,,,,,,,,,,,,,,,,,,,,,
,,,,,,,Hardware,General Hardware,Hardware Accessories,,55211BK,55211BK Kichler Wall Light,,,,Kichler Lighting (KICLI),Kichler Lighting,Kichler Lighting,,55211BK,,Industrial & Commercial Supplies>Hardware>General Hardware,"Kichler Lighting, Industrial Hardware, 55211BK",INDUSTRIAL HARDWARE 55211BK,"Kichler Lighting, 55211BK, Industrial Hardware",Kichler Lighting Industrial Hardware Model 55211BK. ,Industrial Hardware,,,,,,,,,,,,,,,,,,,,,,,,,,,Industrial Hardware,Size,,,Material,,,,,,,,,,,,,,,,,,,,,,,,,,,,,,,,,,,,,,,,,,,,,,,,,,,,,,,,,,,,,,,,,,,,,,,,,,,,,,,,,,,,,,,,,,,,,,,,,,,,,,,,,,,,,,,,,,,,,,,,,,,,,,,,,,,,,,,,,,,,,,,,,,,,,,,,,,,,,,,,,,,,,,,,,,,,,,,,,,,,,,,,,,,,,,,,,
,,,,,,,Hardware,General Hardware,Hardware Accessories,,55211NI,55211NI Kichler Wall Light,,,,Kichler Lighting (KICLI),Kichler Lighting,Kichler Lighting,,55211NI,,Industrial & Commercial Supplies>Hardware>General Hardware,"Kichler Lighting, Industrial Hardware, 55211NI",INDUSTRIAL HARDWARE 55211NI,"Kichler Lighting, 55211NI, Industrial Hardware",Kichler Lighting Industrial Hardware Model 55211NI. ,Industrial Hardware,,,,,,,,,,,,,,,,,,,,,,,,,,,Industrial Hardware,Size,,,Material,,,,,,,,,,,,,,,,,,,,,,,,,,,,,,,,,,,,,,,,,,,,,,,,,,,,,,,,,,,,,,,,,,,,,,,,,,,,,,,,,,,,,,,,,,,,,,,,,,,,,,,,,,,,,,,,,,,,,,,,,,,,,,,,,,,,,,,,,,,,,,,,,,,,,,,,,,,,,,,,,,,,,,,,,,,,,,,,,,,,,,,,,,,,,,,,,
,,,,,,,Hardware,General Hardware,Hardware Accessories,,55212NI,55212NI Kichler Wall Light,,,,Kichler Lighting (KICLI),Kichler Lighting,Kichler Lighting,,55212NI,,Industrial & Commercial Supplies>Hardware>General Hardware,"Kichler Lighting, Industrial Hardware, 55212NI",INDUSTRIAL HARDWARE 55212NI,"Kichler Lighting, 55212NI, Industrial Hardware",Kichler Lighting Industrial Hardware Model 55212NI. ,Industrial Hardware,,,,,,,,,,,,,,,,,,,,,,,,,,,Industrial Hardware,Size,,,Material,,,,,,,,,,,,,,,,,,,,,,,,,,,,,,,,,,,,,,,,,,,,,,,,,,,,,,,,,,,,,,,,,,,,,,,,,,,,,,,,,,,,,,,,,,,,,,,,,,,,,,,,,,,,,,,,,,,,,,,,,,,,,,,,,,,,,,,,,,,,,,,,,,,,,,,,,,,,,,,,,,,,,,,,,,,,,,,,,,,,,,,,,,,,,,,,,
,,,,,,,Hardware,General Hardware,Hardware Accessories,,55226BKLFU,55226BKFLU Kichler Wall Lt,,,,Kichler Lighting (KICLI),Kichler Lighting,Kichler Lighting,,55226BKLFU,,Industrial & Commercial Supplies>Hardware>General Hardware,"Kichler Lighting, Industrial Hardware, 55226BKLFU",INDUSTRIAL HARDWARE 55226BKLFU,"Kichler Lighting, 55226BKLFU, Industrial Hardware",Kichler Lighting Industrial Hardware Model 55226BKLFU. ,Industrial Hardware,,,,,,,,,,,,,,,,,,,,,,,,,,,Industrial Hardware,Size,,,Material,,,,,,,,,,,,,,,,,,,,,,,,,,,,,,,,,,,,,,,,,,,,,,,,,,,,,,,,,,,,,,,,,,,,,,,,,,,,,,,,,,,,,,,,,,,,,,,,,,,,,,,,,,,,,,,,,,,,,,,,,,,,,,,,,,,,,,,,,,,,,,,,,,,,,,,,,,,,,,,,,,,,,,,,,,,,,,,,,,,,,,,,,,,,,,,,,
,,,,,,,Hardware,General Hardware,Hardware Accessories,,55239CPZLED,55239CPZLED Kichler Wall Lt,,,,Kichler Lighting (KICLI),Kichler Lighting,Kichler Lighting,,55239CPZLED,,Industrial & Commercial Supplies>Hardware>General Hardware,"Kichler Lighting, Industrial Hardware, 55239CPZLED",INDUSTRIAL HARDWARE 55239CPZLED,"Kichler Lighting, 55239CPZLED, Industrial Hardware",Kichler Lighting Industrial Hardware Model 55239CPZLED. ,Industrial Hardware,,,,,,,,,,,,,,,,,,,,,,,,,,,Industrial Hardware,Size,,,Material,,,,,,,,,,,,,,,,,,,,,,,,,,,,,,,,,,,,,,,,,,,,,,,,,,,,,,,,,,,,,,,,,,,,,,,,,,,,,,,,,,,,,,,,,,,,,,,,,,,,,,,,,,,,,,,,,,,,,,,,,,,,,,,,,,,,,,,,,,,,,,,,,,,,,,,,,,,,,,,,,,,,,,,,,,,,,,,,,,,,,,,,,,,,,,,,,
,,,,,,,Hardware,General Hardware,Hardware Accessories,,44072DBK,44072DBK Kichler Chandelier Lt,,,,Kichler Lighting (KICLI),Kichler Lighting,Kichler Lighting,,44072DBK,,Industrial & Commercial Supplies>Hardware>General Hardware,"Kichler Lighting, Industrial Hardware, 44072DBK",INDUSTRIAL HARDWARE 44072DBK,"Kichler Lighting, 44072DBK, Industrial Hardware",Kichler Lighting Industrial Hardware Model 44072DBK. ,Industrial Hardware,,,,,,,,,,,,,,,,,,,,,,,,,,,Industrial Hardware,Size,,,Material,,,,,,,,,,,,,,,,,,,,,,,,,,,,,,,,,,,,,,,,,,,,,,,,,,,,,,,,,,,,,,,,,,,,,,,,,,,,,,,,,,,,,,,,,,,,,,,,,,,,,,,,,,,,,,,,,,,,,,,,,,,,,,,,,,,,,,,,,,,,,,,,,,,,,,,,,,,,,,,,,,,,,,,,,,,,,,,,,,,,,,,,,,,,,,,,,
,,,,,,,Hardware,General Hardware,Hardware Accessories,,44073NI,44073NI Kichler Chandelier Lt,,,,Kichler Lighting (KICLI),Kichler Lighting,Kichler Lighting,,44073NI,,Industrial & Commercial Supplies>Hardware>General Hardware,"Kichler Lighting, Industrial Hardware, 44073NI",INDUSTRIAL HARDWARE 44073NI,"Kichler Lighting, 44073NI, Industrial Hardware",Kichler Lighting Industrial Hardware Model 44073NI. ,Industrial Hardware,,,,,,,,,,,,,,,,,,,,,,,,,,,Industrial Hardware,Size,,,Material,,,,,,,,,,,,,,,,,,,,,,,,,,,,,,,,,,,,,,,,,,,,,,,,,,,,,,,,,,,,,,,,,,,,,,,,,,,,,,,,,,,,,,,,,,,,,,,,,,,,,,,,,,,,,,,,,,,,,,,,,,,,,,,,,,,,,,,,,,,,,,,,,,,,,,,,,,,,,,,,,,,,,,,,,,,,,,,,,,,,,,,,,,,,,,,,,
,,,,,,,Hardware,General Hardware,Hardware Accessories,,52033BK,52033BK Kichler Chandelier Lt,,,,Kichler Lighting (KICLI),Kichler Lighting,Kichler Lighting,,52033BK,,Industrial & Commercial Supplies>Hardware>General Hardware,"Kichler Lighting, Industrial Hardware, 52033BK",INDUSTRIAL HARDWARE 52033BK,"Kichler Lighting, 52033BK, Industrial Hardware",Kichler Lighting Industrial Hardware Model 52033BK. ,Industrial Hardware,,,,,,,,,,,,,,,,,,,,,,,,,,,Industrial Hardware,Size,,,Material,,,,,,,,,,,,,,,,,,,,,,,,,,,,,,,,,,,,,,,,,,,,,,,,,,,,,,,,,,,,,,,,,,,,,,,,,,,,,,,,,,,,,,,,,,,,,,,,,,,,,,,,,,,,,,,,,,,,,,,,,,,,,,,,,,,,,,,,,,,,,,,,,,,,,,,,,,,,,,,,,,,,,,,,,,,,,,,,,,,,,,,,,,,,,,,,,
,,,,,,,Hardware,General Hardware,Hardware Accessories,,84322WH,84322WH Kichler Chandelier Lt,,,,Kichler Lighting (KICLI),Kichler Lighting,Kichler Lighting,,84322WH,,Industrial & Commercial Supplies>Hardware>General Hardware,"Kichler Lighting, Industrial Hardware, 84322WH",INDUSTRIAL HARDWARE 84322WH,"Kichler Lighting, 84322WH, Industrial Hardware",Kichler Lighting Industrial Hardware Model 84322WH. ,Industrial Hardware,,,,,,,,,,,,,,,,,,,,,,,,,,,Industrial Hardware,Size,,,Material,,,,,,,,,,,,,,,,,,,,,,,,,,,,,,,,,,,,,,,,,,,,,,,,,,,,,,,,,,,,,,,,,,,,,,,,,,,,,,,,,,,,,,,,,,,,,,,,,,,,,,,,,,,,,,,,,,,,,,,,,,,,,,,,,,,,,,,,,,,,,,,,,,,,,,,,,,,,,,,,,,,,,,,,,,,,,,,,,,,,,,,,,,,,,,,,,
,,,,,,,Hardware,General Hardware,Hardware Accessories,,52404BK,52404BK Kichler Chandelier Lt,,,,Kichler Lighting (KICLI),Kichler Lighting,Kichler Lighting,,52404BK,,Industrial & Commercial Supplies>Hardware>General Hardware,"Kichler Lighting, Industrial Hardware, 52404BK",INDUSTRIAL HARDWARE 52404BK,"Kichler Lighting, 52404BK, Industrial Hardware",Kichler Lighting Industrial Hardware Model 52404BK. ,Industrial Hardware,,,,,,,,,,,,,,,,,,,,,,,,,,,Industrial Hardware,Size,,,Material,,,,,,,,,,,,,,,,,,,,,,,,,,,,,,,,,,,,,,,,,,,,,,,,,,,,,,,,,,,,,,,,,,,,,,,,,,,,,,,,,,,,,,,,,,,,,,,,,,,,,,,,,,,,,,,,,,,,,,,,,,,,,,,,,,,,,,,,,,,,,,,,,,,,,,,,,,,,,,,,,,,,,,,,,,,,,,,,,,,,,,,,,,,,,,,,,
,,,,,,,Hardware,General Hardware,Hardware Accessories,,34686A,34686A Kichler Chandelier Lt,,,,Kichler Lighting (KICLI),Kichler Lighting,Kichler Lighting,,34686A,,Industrial & Commercial Supplies>Hardware>General Hardware,"Kichler Lighting, Industrial Hardware, 34686A",INDUSTRIAL HARDWARE 34686A,"Kichler Lighting, 34686A, Industrial Hardware",Kichler Lighting Industrial Hardware Model 34686A. ,Industrial Hardware,,,,,,,,,,,,,,,,,,,,,,,,,,,Industrial Hardware,Size,,,Material,,,,,,,,,,,,,,,,,,,,,,,,,,,,,,,,,,,,,,,,,,,,,,,,,,,,,,,,,,,,,,,,,,,,,,,,,,,,,,,,,,,,,,,,,,,,,,,,,,,,,,,,,,,,,,,,,,,,,,,,,,,,,,,,,,,,,,,,,,,,,,,,,,,,,,,,,,,,,,,,,,,,,,,,,,,,,,,,,,,,,,,,,,,,,,,,,
,,,,,,,Hardware,General Hardware,Hardware Accessories,,34687A,34687A Kichler Chandelier Lt,,,,Kichler Lighting (KICLI),Kichler Lighting,Kichler Lighting,,34687A,,Industrial & Commercial Supplies>Hardware>General Hardware,"Kichler Lighting, Industrial Hardware, 34687A",INDUSTRIAL HARDWARE 34687A,"Kichler Lighting, 34687A, Industrial Hardware",Kichler Lighting Industrial Hardware Model 34687A. ,Industrial Hardware,,,,,,,,,,,,,,,,,,,,,,,,,,,Industrial Hardware,Size,,,Material,,,,,,,,,,,,,,,,,,,,,,,,,,,,,,,,,,,,,,,,,,,,,,,,,,,,,,,,,,,,,,,,,,,,,,,,,,,,,,,,,,,,,,,,,,,,,,,,,,,,,,,,,,,,,,,,,,,,,,,,,,,,,,,,,,,,,,,,,,,,,,,,,,,,,,,,,,,,,,,,,,,,,,,,,,,,,,,,,,,,,,,,,,,,,,,,,
,,,,,,,Hardware,General Hardware,Hardware Accessories,,34688A,34688A Kichler Chandelier Lt,,,,,Generic Manufacturer,Generic Manufacturer,,34688A,,Industrial & Commercial Supplies>Hardware>General Hardware,"Generic Manufacturer, Industrial Hardware, 34688A",INDUSTRIAL HARDWARE 34688A,"Generic Manufacturer, 34688A, Industrial Hardware",Generic Manufacturer Industrial Hardware Model 34688A. ,Industrial Hardware,,,,,,,,,,,,,,,,,,,,,,,,,,,Industrial Hardware,Size,,,Material,,,,,,,,,,,,,,,,,,,,,,,,,,,,,,,,,,,,,,,,,,,,,,,,,,,,,,,,,,,,,,,,,,,,,,,,,,,,,,,,,,,,,,,,,,,,,,,,,,,,,,,,,,,,,,,,,,,,,,,,,,,,,,,,,,,,,,,,,,,,,,,,,,,,,,,,,,,,,,,,,,,,,,,,,,,,,,,,,,,,,,,,,,,,,,,,,
,,,,,,,Hardware,General Hardware,Hardware Accessories,,43671BKCLR,43671BKCLR Kichler Chand Lt,,,,Kichler Lighting (KICLI),Kichler Lighting,Kichler Lighting,,43671BKCLR,,Industrial & Commercial Supplies>Hardware>General Hardware,"Kichler Lighting, Industrial Hardware, 43671BKCLR",INDUSTRIAL HARDWARE 43671BKCLR,"Kichler Lighting, 43671BKCLR, Industrial Hardware",Kichler Lighting Industrial Hardware Model 43671BKCLR. ,Industrial Hardware,,,,,,,,,,,,,,,,,,,,,,,,,,,Industrial Hardware,Size,,,Material,,,,,,,,,,,,,,,,,,,,,,,,,,,,,,,,,,,,,,,,,,,,,,,,,,,,,,,,,,,,,,,,,,,,,,,,,,,,,,,,,,,,,,,,,,,,,,,,,,,,,,,,,,,,,,,,,,,,,,,,,,,,,,,,,,,,,,,,,,,,,,,,,,,,,,,,,,,,,,,,,,,,,,,,,,,,,,,,,,,,,,,,,,,,,,,,,
,,,,,,,Hardware,General Hardware,Hardware Accessories,,52616BK,52616BK Kichler Chandelier Lt,,,,Kichler Lighting (KICLI),Kichler Lighting,Kichler Lighting,,52616BK,,Industrial & Commercial Supplies>Hardware>General Hardware,"Kichler Lighting, Industrial Hardware, 52616BK",INDUSTRIAL HARDWARE 52616BK,"Kichler Lighting, 52616BK, Industrial Hardware",Kichler Lighting Industrial Hardware Model 52616BK. ,Industrial Hardware,,,,,,,,,,,,,,,,,,,,,,,,,,,Industrial Hardware,Size,,,Material,,,,,,,,,,,,,,,,,,,,,,,,,,,,,,,,,,,,,,,,,,,,,,,,,,,,,,,,,,,,,,,,,,,,,,,,,,,,,,,,,,,,,,,,,,,,,,,,,,,,,,,,,,,,,,,,,,,,,,,,,,,,,,,,,,,,,,,,,,,,,,,,,,,,,,,,,,,,,,,,,,,,,,,,,,,,,,,,,,,,,,,,,,,,,,,,,
,,,,,,,Hardware,General Hardware,Hardware Accessories,,52616NI,52616NI Kichler Chandelier Lt,,,,Kichler Lighting (KICLI),Kichler Lighting,Kichler Lighting,,52616NI,,Industrial & Commercial Supplies>Hardware>General Hardware,"Kichler Lighting, Industrial Hardware, 52616NI",INDUSTRIAL HARDWARE 52616NI,"Kichler Lighting, 52616NI, Industrial Hardware",Kichler Lighting Industrial Hardware Model 52616NI. ,Industrial Hardware,,,,,,,,,,,,,,,,,,,,,,,,,,,Industrial Hardware,Size,,,Material,,,,,,,,,,,,,,,,,,,,,,,,,,,,,,,,,,,,,,,,,,,,,,,,,,,,,,,,,,,,,,,,,,,,,,,,,,,,,,,,,,,,,,,,,,,,,,,,,,,,,,,,,,,,,,,,,,,,,,,,,,,,,,,,,,,,,,,,,,,,,,,,,,,,,,,,,,,,,,,,,,,,,,,,,,,,,,,,,,,,,,,,,,,,,,,,,
,,,,,,,Hardware,General Hardware,Hardware Accessories,,52678BK,52678BK Kichler Chandelier Lt,,,,Kichler Lighting (KICLI),Kichler Lighting,Kichler Lighting,,52678BK,,Industrial & Commercial Supplies>Hardware>General Hardware,"Kichler Lighting, Industrial Hardware, 52678BK",INDUSTRIAL HARDWARE 52678BK,"Kichler Lighting, 52678BK, Industrial Hardware",Kichler Lighting Industrial Hardware Model 52678BK. ,Industrial Hardware,,,,,,,,,,,,,,,,,,,,,,,,,,,Industrial Hardware,Size,,,Material,,,,,,,,,,,,,,,,,,,,,,,,,,,,,,,,,,,,,,,,,,,,,,,,,,,,,,,,,,,,,,,,,,,,,,,,,,,,,,,,,,,,,,,,,,,,,,,,,,,,,,,,,,,,,,,,,,,,,,,,,,,,,,,,,,,,,,,,,,,,,,,,,,,,,,,,,,,,,,,,,,,,,,,,,,,,,,,,,,,,,,,,,,,,,,,,,
,,,,,,,Hardware,General Hardware,Hardware Accessories,,52680CPZ,52680CPZ Kichler Chandelier Lt,,,,Kichler Lighting (KICLI),Kichler Lighting,Kichler Lighting,,52680CPZ,,Industrial & Commercial Supplies>Hardware>General Hardware,"Kichler Lighting, Industrial Hardware, 52680CPZ",INDUSTRIAL HARDWARE 52680CPZ,"Kichler Lighting, 52680CPZ, Industrial Hardware",Kichler Lighting Industrial Hardware Model 52680CPZ. ,Industrial Hardware,,,,,,,,,,,,,,,,,,,,,,,,,,,Industrial Hardware,Size,,,Material,,,,,,,,,,,,,,,,,,,,,,,,,,,,,,,,,,,,,,,,,,,,,,,,,,,,,,,,,,,,,,,,,,,,,,,,,,,,,,,,,,,,,,,,,,,,,,,,,,,,,,,,,,,,,,,,,,,,,,,,,,,,,,,,,,,,,,,,,,,,,,,,,,,,,,,,,,,,,,,,,,,,,,,,,,,,,,,,,,,,,,,,,,,,,,,,,
,,,,,,,Hardware,General Hardware,Hardware Accessories,,52772BK,52772BK Kichler Chandelier Lt,,,,Kichler Lighting (KICLI),Kichler Lighting,Kichler Lighting,,52772BK,,Industrial & Commercial Supplies>Hardware>General Hardware,"Kichler Lighting, Industrial Hardware, 52772BK",INDUSTRIAL HARDWARE 52772BK,"Kichler Lighting, 52772BK, Industrial Hardware",Kichler Lighting Industrial Hardware Model 52772BK. ,Industrial Hardware,,,,,,,,,,,,,,,,,,,,,,,,,,,Industrial Hardware,Size,,,Material,,,,,,,,,,,,,,,,,,,,,,,,,,,,,,,,,,,,,,,,,,,,,,,,,,,,,,,,,,,,,,,,,,,,,,,,,,,,,,,,,,,,,,,,,,,,,,,,,,,,,,,,,,,,,,,,,,,,,,,,,,,,,,,,,,,,,,,,,,,,,,,,,,,,,,,,,,,,,,,,,,,,,,,,,,,,,,,,,,,,,,,,,,,,,,,,,
,,,,,,,Hardware,General Hardware,Hardware Accessories,,82399,82399 Kichler Chandelier Lt,,,,Kichler Lighting (KICLI),Kichler Lighting,Kichler Lighting,,82399,,Industrial & Commercial Supplies>Hardware>General Hardware,"Kichler Lighting, Industrial Hardware, 82399",INDUSTRIAL HARDWARE 82399,"Kichler Lighting, 82399, Industrial Hardware",Kichler Lighting Industrial Hardware Model 82399. ,Industrial Hardware,,,,,,,,,,,,,,,,,,,,,,,,,,,Industrial Hardware,Size,,,Material,,,,,,,,,,,,,,,,,,,,,,,,,,,,,,,,,,,,,,,,,,,,,,,,,,,,,,,,,,,,,,,,,,,,,,,,,,,,,,,,,,,,,,,,,,,,,,,,,,,,,,,,,,,,,,,,,,,,,,,,,,,,,,,,,,,,,,,,,,,,,,,,,,,,,,,,,,,,,,,,,,,,,,,,,,,,,,,,,,,,,,,,,,,,,,,,,
,,,,,,,Hardware,General Hardware,Hardware Accessories,,65-771R3,65-771R3 Nuvo Highbay Light,,,,Satco Prod Inc (5573),Satco Prod Inc,Satco Prod Inc,,65-771R3,,Industrial & Commercial Supplies>Hardware>General Hardware,"Satco Prod Inc, Industrial Hardware, 65-771R3",INDUSTRIAL HARDWARE 65-771R3,"Satco Prod Inc, 65-771R3, Industrial Hardware",Satco Prod Inc Industrial Hardware Model 65-771R3. ,Industrial Hardware,,,,,,,,,,,,,,,,,,,,,,,,,,,Industrial Hardware,Size,,,Material,,,,,,,,,,,,,,,,,,,,,,,,,,,,,,,,,,,,,,,,,,,,,,,,,,,,,,,,,,,,,,,,,,,,,,,,,,,,,,,,,,,,,,,,,,,,,,,,,,,,,,,,,,,,,,,,,,,,,,,,,,,,,,,,,,,,,,,,,,,,,,,,,,,,,,,,,,,,,,,,,,,,,,,,,,,,,,,,,,,,,,,,,,,,,,,,,
,,,,,,,Hardware,General Hardware,Hardware Accessories,,42955BK,42955BK Kichler Ceiling Lt,,,,Kichler Lighting (KICLI),Kichler Lighting,Kichler Lighting,,42955BK,,Industrial & Commercial Supplies>Hardware>General Hardware,"Kichler Lighting, Industrial Hardware, 42955BK",INDUSTRIAL HARDWARE 42955BK,"Kichler Lighting, 42955BK, Industrial Hardware",Kichler Lighting Industrial Hardware Model 42955BK. ,Industrial Hardware,,,,,,,,,,,,,,,,,,,,,,,,,,,Industrial Hardware,Size,,,Material,,,,,,,,,,,,,,,,,,,,,,,,,,,,,,,,,,,,,,,,,,,,,,,,,,,,,,,,,,,,,,,,,,,,,,,,,,,,,,,,,,,,,,,,,,,,,,,,,,,,,,,,,,,,,,,,,,,,,,,,,,,,,,,,,,,,,,,,,,,,,,,,,,,,,,,,,,,,,,,,,,,,,,,,,,,,,,,,,,,,,,,,,,,,,,,,,
,,,,,,,Hardware,General Hardware,Hardware Accessories,,42275BK,42275BK Kichler Ceiling Lt,,,,Kichler Lighting (KICLI),Kichler Lighting,Kichler Lighting,,42275BK,,Industrial & Commercial Supplies>Hardware>General Hardware,"Kichler Lighting, Industrial Hardware, 42275BK",INDUSTRIAL HARDWARE 42275BK,"Kichler Lighting, 42275BK, Industrial Hardware",Kichler Lighting Industrial Hardware Model 42275BK. ,Industrial Hardware,,,,,,,,,,,,,,,,,,,,,,,,,,,Industrial Hardware,Size,,,Material,,,,,,,,,,,,,,,,,,,,,,,,,,,,,,,,,,,,,,,,,,,,,,,,,,,,,,,,,,,,,,,,,,,,,,,,,,,,,,,,,,,,,,,,,,,,,,,,,,,,,,,,,,,,,,,,,,,,,,,,,,,,,,,,,,,,,,,,,,,,,,,,,,,,,,,,,,,,,,,,,,,,,,,,,,,,,,,,,,,,,,,,,,,,,,,,,
,,,,,,,Hardware,General Hardware,Hardware Accessories,,62-1850,"62-1850 11"" Led Ceiling Light",,,,Satco Prod Inc (5573),Satco Prod Inc,Satco Prod Inc,,62-1850,,Industrial & Commercial Supplies>Hardware>General Hardware,"Satco Prod Inc, Industrial Hardware, 62-1850",INDUSTRIAL HARDWARE 62-1850,"Satco Prod Inc, 62-1850, Industrial Hardware",Satco Prod Inc Industrial Hardware Model 62-1850. ,Industrial Hardware,,,,,,,,,,,,,,,,,,,,,,,,,,,Industrial Hardware,Size,,,Material,,,,,,,,,,,,,,,,,,,,,,,,,,,,,,,,,,,,,,,,,,,,,,,,,,,,,,,,,,,,,,,,,,,,,,,,,,,,,,,,,,,,,,,,,,,,,,,,,,,,,,,,,,,,,,,,,,,,,,,,,,,,,,,,,,,,,,,,,,,,,,,,,,,,,,,,,,,,,,,,,,,,,,,,,,,,,,,,,,,,,,,,,,,,,,,,,
,,,,,,,Hardware,General Hardware,Hardware Accessories,,62-1852,"62-1852 14"" Satco Led Ceiling Lt",,,,Satco Prod Inc (5573),Satco Prod Inc,Satco Prod Inc,,62-1852,,Industrial & Commercial Supplies>Hardware>General Hardware,"Satco Prod Inc, Industrial Hardware, 62-1852",INDUSTRIAL HARDWARE 62-1852,"Satco Prod Inc, 62-1852, Industrial Hardware",Satco Prod Inc Industrial Hardware Model 62-1852. ,Industrial Hardware,,,,,,,,,,,,,,,,,,,,,,,,,,,Industrial Hardware,Size,,,Material,,,,,,,,,,,,,,,,,,,,,,,,,,,,,,,,,,,,,,,,,,,,,,,,,,,,,,,,,,,,,,,,,,,,,,,,,,,,,,,,,,,,,,,,,,,,,,,,,,,,,,,,,,,,,,,,,,,,,,,,,,,,,,,,,,,,,,,,,,,,,,,,,,,,,,,,,,,,,,,,,,,,,,,,,,,,,,,,,,,,,,,,,,,,,,,,,
,,,,,,,Hardware,General Hardware,Hardware Accessories,,62-1875,"62-1875 10"" Led Ceiling Lt Bn",,,,Satco Prod Inc (5573),Satco Prod Inc,Satco Prod Inc,,62-1875,,Industrial & Commercial Supplies>Hardware>General Hardware,"Satco Prod Inc, Industrial Hardware, 62-1875",INDUSTRIAL HARDWARE 62-1875,"Satco Prod Inc, 62-1875, Industrial Hardware",Satco Prod Inc Industrial Hardware Model 62-1875. ,Industrial Hardware,,,,,,,,,,,,,,,,,,,,,,,,,,,Industrial Hardware,Size,,,Material,,,,,,,,,,,,,,,,,,,,,,,,,,,,,,,,,,,,,,,,,,,,,,,,,,,,,,,,,,,,,,,,,,,,,,,,,,,,,,,,,,,,,,,,,,,,,,,,,,,,,,,,,,,,,,,,,,,,,,,,,,,,,,,,,,,,,,,,,,,,,,,,,,,,,,,,,,,,,,,,,,,,,,,,,,,,,,,,,,,,,,,,,,,,,,,,,
,,,,,,,Hardware,General Hardware,Hardware Accessories,,62-1876,"62-1876 13"" Satco Ceiling Light BN",,,,Satco Prod Inc (5573),Satco Prod Inc,Satco Prod Inc,,62-1876,,Industrial & Commercial Supplies>Hardware>General Hardware,"Satco Prod Inc, Industrial Hardware, 62-1876",INDUSTRIAL HARDWARE 62-1876,"Satco Prod Inc, 62-1876, Industrial Hardware",Satco Prod Inc Industrial Hardware Model 62-1876. ,Industrial Hardware,,,,,,,,,,,,,,,,,,,,,,,,,,,Industrial Hardware,Size,,,Material,,,,,,,,,,,,,,,,,,,,,,,,,,,,,,,,,,,,,,,,,,,,,,,,,,,,,,,,,,,,,,,,,,,,,,,,,,,,,,,,,,,,,,,,,,,,,,,,,,,,,,,,,,,,,,,,,,,,,,,,,,,,,,,,,,,,,,,,,,,,,,,,,,,,,,,,,,,,,,,,,,,,,,,,,,,,,,,,,,,,,,,,,,,,,,,,,
,,,,,,,Hardware,General Hardware,Hardware Accessories,,42296BK,42296BK Kichler Ceiling Lt,,,,Kichler Lighting (KICLI),Kichler Lighting,Kichler Lighting,,42296BK,,Industrial & Commercial Supplies>Hardware>General Hardware,"Kichler Lighting, Industrial Hardware, 42296BK",INDUSTRIAL HARDWARE 42296BK,"Kichler Lighting, 42296BK, Industrial Hardware",Kichler Lighting Industrial Hardware Model 42296BK. ,Industrial Hardware,,,,,,,,,,,,,,,,,,,,,,,,,,,Industrial Hardware,Size,,,Material,,,,,,,,,,,,,,,,,,,,,,,,,,,,,,,,,,,,,,,,,,,,,,,,,,,,,,,,,,,,,,,,,,,,,,,,,,,,,,,,,,,,,,,,,,,,,,,,,,,,,,,,,,,,,,,,,,,,,,,,,,,,,,,,,,,,,,,,,,,,,,,,,,,,,,,,,,,,,,,,,,,,,,,,,,,,,,,,,,,,,,,,,,,,,,,,,
,,,,,,,Hardware,General Hardware,Hardware Accessories,,43913BK,43913BK Kichler Pendant Lt,,,,Kichler Lighting (KICLI),Kichler Lighting,Kichler Lighting,,43913BK,,Industrial & Commercial Supplies>Hardware>General Hardware,"Kichler Lighting, Industrial Hardware, 43913BK",INDUSTRIAL HARDWARE 43913BK,"Kichler Lighting, 43913BK, Industrial Hardware",Kichler Lighting Industrial Hardware Model 43913BK. ,Industrial Hardware,,,,,,,,,,,,,,,,,,,,,,,,,,,Industrial Hardware,Size,,,Material,,,,,,,,,,,,,,,,,,,,,,,,,,,,,,,,,,,,,,,,,,,,,,,,,,,,,,,,,,,,,,,,,,,,,,,,,,,,,,,,,,,,,,,,,,,,,,,,,,,,,,,,,,,,,,,,,,,,,,,,,,,,,,,,,,,,,,,,,,,,,,,,,,,,,,,,,,,,,,,,,,,,,,,,,,,,,,,,,,,,,,,,,,,,,,,,,
,,,,,,,Hardware,General Hardware,Hardware Accessories,,HLSMS9129FS1E,"HLSMS9129FS1E 9"" Motion Lt",,,,Cooper Lighting (7638),Cooper Lighting,Cooper Lighting,,HLSMS9129FS1E,,Industrial & Commercial Supplies>Hardware>General Hardware,"Cooper Lighting, Industrial Hardware, HLSMS9129FS1E",INDUSTRIAL HARDWARE HLSMS9129FS1E,"Cooper Lighting, HLSMS9129FS1E, Industrial Hardware",Cooper Lighting Industrial Hardware Model HLSMS9129FS1E. ,Industrial Hardware,,,,,,,,,,,,,,,,,,,,,,,,,,,Industrial Hardware,Size,,,Material,,,,,,,,,,,,,,,,,,,,,,,,,,,,,,,,,,,,,,,,,,,,,,,,,,,,,,,,,,,,,,,,,,,,,,,,,,,,,,,,,,,,,,,,,,,,,,,,,,,,,,,,,,,,,,,,,,,,,,,,,,,,,,,,,,,,,,,,,,,,,,,,,,,,,,,,,,,,,,,,,,,,,,,,,,,,,,,,,,,,,,,,,,,,,,,,,
,,,,,,,Adhesives & Tapes,Tape,Specialty Tape,,64-110,64-110 Satco Tape Light 16',,,,Satco Prod Inc (5573),Satco Prod Inc,Satco Prod Inc,,64-110,,"Adhesives, Sealants & Tape>Tape>Specialty Tape","Satco Prod Inc, Tape, 64-110",TAPE 64-110,"Satco Prod Inc, 64-110, Tape",Satco Prod Inc Tape Model 64-110. ,Tape,,,,,,,,,,,,,,,,,,,,,,,,,,,Tape,Size,,,Material,,,,,,,,,,,,,,,,,,,,,,,,,,,,,,,,,,,,,,,,,,,,,,,,,,,,,,,,,,,,,,,,,,,,,,,,,,,,,,,,,,,,,,,,,,,,,,,,,,,,,,,,,,,,,,,,,,,,,,,,,,,,,,,,,,,,,,,,,,,,,,,,,,,,,,,,,,,,,,,,,,,,,,,,,,,,,,,,,,,,,,,,,,,,,,,,,
,,,,,,,Hardware,General Hardware,Hardware Accessories,,603571,603571 3' Strip Light Ext,,,Wiz,Phillips Lighting (5831),Phillips Lighting,Phillips Lighting,,603571,,Industrial & Commercial Supplies>Hardware>General Hardware,"Phillips Lighting, Industrial Hardware, 603571",INDUSTRIAL HARDWARE 603571,"Phillips Lighting, 603571, Industrial Hardware",Phillips Lighting Industrial Hardware Model 603571. ,Industrial Hardware,,,,,,,,,,,,,,,,,,,,,,,,,,,Industrial Hardware,Size,,,Material,,,,,,,,,,,,,,,,,,,,,,,,,,,,,,,,,,,,,,,,,,,,,,,,,,,,,,,,,,,,,,,,,,,,,,,,,,,,,,,,,,,,,,,,,,,,,,,,,,,,,,,,,,,,,,,,,,,,,,,,,,,,,,,,,,,,,,,,,,,,,,,,,,,,,,,,,,,,,,,,,,,,,,,,,,,,,,,,,,,,,,,,,,,,,,,,,
,,,,,,,Hardware,General Hardware,Hardware Accessories,,65-572R1,65572 Satco 2x4 Led Flat Panel,,,,Satco Prod Inc (5573),Satco Prod Inc,Satco Prod Inc,,65-572R1,,Industrial & Commercial Supplies>Hardware>General Hardware,"Satco Prod Inc, Industrial Hardware, 65-572R1",INDUSTRIAL HARDWARE 65-572R1,"Satco Prod Inc, 65-572R1, Industrial Hardware",Satco Prod Inc Industrial Hardware Model 65-572R1. ,Industrial Hardware,,,,,,,,,,,,,,,,,,,,,,,,,,,Industrial Hardware,Size,,,Material,,,,,,,,,,,,,,,,,,,,,,,,,,,,,,,,,,,,,,,,,,,,,,,,,,,,,,,,,,,,,,,,,,,,,,,,,,,,,,,,,,,,,,,,,,,,,,,,,,,,,,,,,,,,,,,,,,,,,,,,,,,,,,,,,,,,,,,,,,,,,,,,,,,,,,,,,,,,,,,,,,,,,,,,,,,,,,,,,,,,,,,,,,,,,,,,,
,,,,,,,Hardware,General Hardware,Hardware Accessories,,52476AVI,52476AVI Kichler Pendant Lt,,,,Kichler Lighting (KICLI),Kichler Lighting,Kichler Lighting,,52476AVI,,Industrial & Commercial Supplies>Hardware>General Hardware,"Kichler Lighting, Industrial Hardware, 52476AVI",INDUSTRIAL HARDWARE 52476AVI,"Kichler Lighting, 52476AVI, Industrial Hardware",Kichler Lighting Industrial Hardware Model 52476AVI. ,Industrial Hardware,,,,,,,,,,,,,,,,,,,,,,,,,,,Industrial Hardware,Size,,,Material,,,,,,,,,,,,,,,,,,,,,,,,,,,,,,,,,,,,,,,,,,,,,,,,,,,,,,,,,,,,,,,,,,,,,,,,,,,,,,,,,,,,,,,,,,,,,,,,,,,,,,,,,,,,,,,,,,,,,,,,,,,,,,,,,,,,,,,,,,,,,,,,,,,,,,,,,,,,,,,,,,,,,,,,,,,,,,,,,,,,,,,,,,,,,,,,,
,,,,,,,Hardware,General Hardware,Hardware Accessories,,42199BK,42199BK Kichler Pendant Lt,,,,Kichler Lighting (KICLI),Kichler Lighting,Kichler Lighting,,42199BK,,Industrial & Commercial Supplies>Hardware>General Hardware,"Kichler Lighting, Industrial Hardware, 42199BK",INDUSTRIAL HARDWARE 42199BK,"Kichler Lighting, 42199BK, Industrial Hardware",Kichler Lighting Industrial Hardware Model 42199BK. ,Industrial Hardware,,,,,,,,,,,,,,,,,,,,,,,,,,,Industrial Hardware,Size,,,Material,,,,,,,,,,,,,,,,,,,,,,,,,,,,,,,,,,,,,,,,,,,,,,,,,,,,,,,,,,,,,,,,,,,,,,,,,,,,,,,,,,,,,,,,,,,,,,,,,,,,,,,,,,,,,,,,,,,,,,,,,,,,,,,,,,,,,,,,,,,,,,,,,,,,,,,,,,,,,,,,,,,,,,,,,,,,,,,,,,,,,,,,,,,,,,,,,
,,,,,,,Hardware,General Hardware,Hardware Accessories,,42199BKCS,42199BKCS Kichler Pendant Lt,,,,Kichler Lighting (KICLI),Kichler Lighting,Kichler Lighting,,42199BKCS,,Industrial & Commercial Supplies>Hardware>General Hardware,"Kichler Lighting, Industrial Hardware, 42199BKCS",INDUSTRIAL HARDWARE 42199BKCS,"Kichler Lighting, 42199BKCS, Industrial Hardware",Kichler Lighting Industrial Hardware Model 42199BKCS. ,Industrial Hardware,,,,,,,,,,,,,,,,,,,,,,,,,,,Industrial Hardware,Size,,,Material,,,,,,,,,,,,,,,,,,,,,,,,,,,,,,,,,,,,,,,,,,,,,,,,,,,,,,,,,,,,,,,,,,,,,,,,,,,,,,,,,,,,,,,,,,,,,,,,,,,,,,,,,,,,,,,,,,,,,,,,,,,,,,,,,,,,,,,,,,,,,,,,,,,,,,,,,,,,,,,,,,,,,,,,,,,,,,,,,,,,,,,,,,,,,,,,,
,,,,,,,Hardware,General Hardware,Hardware Accessories,,42200BK,42200BK Kichler Pendant Lt,,,,Kichler Lighting (KICLI),Kichler Lighting,Kichler Lighting,,42200BK,,Industrial & Commercial Supplies>Hardware>General Hardware,"Kichler Lighting, Industrial Hardware, 42200BK",INDUSTRIAL HARDWARE 42200BK,"Kichler Lighting, 42200BK, Industrial Hardware",Kichler Lighting Industrial Hardware Model 42200BK. ,Industrial Hardware,,,,,,,,,,,,,,,,,,,,,,,,,,,Industrial Hardware,Size,,,Material,,,,,,,,,,,,,,,,,,,,,,,,,,,,,,,,,,,,,,,,,,,,,,,,,,,,,,,,,,,,,,,,,,,,,,,,,,,,,,,,,,,,,,,,,,,,,,,,,,,,,,,,,,,,,,,,,,,,,,,,,,,,,,,,,,,,,,,,,,,,,,,,,,,,,,,,,,,,,,,,,,,,,,,,,,,,,,,,,,,,,,,,,,,,,,,,,
,,,,,,,Hardware,General Hardware,Hardware Accessories,,42200BKCS,42200BKCS Kichler Pendant Lt,,,,Kichler Lighting (KICLI),Kichler Lighting,Kichler Lighting,,42200BKCS,,Industrial & Commercial Supplies>Hardware>General Hardware,"Kichler Lighting, Industrial Hardware, 42200BKCS",INDUSTRIAL HARDWARE 42200BKCS,"Kichler Lighting, 42200BKCS, Industrial Hardware",Kichler Lighting Industrial Hardware Model 42200BKCS. ,Industrial Hardware,,,,,,,,,,,,,,,,,,,,,,,,,,,Industrial Hardware,Size,,,Material,,,,,,,,,,,,,,,,,,,,,,,,,,,,,,,,,,,,,,,,,,,,,,,,,,,,,,,,,,,,,,,,,,,,,,,,,,,,,,,,,,,,,,,,,,,,,,,,,,,,,,,,,,,,,,,,,,,,,,,,,,,,,,,,,,,,,,,,,,,,,,,,,,,,,,,,,,,,,,,,,,,,,,,,,,,,,,,,,,,,,,,,,,,,,,,,,
,,,,,,,Hardware,General Hardware,Hardware Accessories,,43851BK,43851BK Kichler Pendant Lt,,,,Kichler Lighting (KICLI),Kichler Lighting,Kichler Lighting,,43851BK,,Industrial & Commercial Supplies>Hardware>General Hardware,"Kichler Lighting, Industrial Hardware, 43851BK",INDUSTRIAL HARDWARE 43851BK,"Kichler Lighting, 43851BK, Industrial Hardware",Kichler Lighting Industrial Hardware Model 43851BK. ,Industrial Hardware,,,,,,,,,,,,,,,,,,,,,,,,,,,Industrial Hardware,Size,,,Material,,,,,,,,,,,,,,,,,,,,,,,,,,,,,,,,,,,,,,,,,,,,,,,,,,,,,,,,,,,,,,,,,,,,,,,,,,,,,,,,,,,,,,,,,,,,,,,,,,,,,,,,,,,,,,,,,,,,,,,,,,,,,,,,,,,,,,,,,,,,,,,,,,,,,,,,,,,,,,,,,,,,,,,,,,,,,,,,,,,,,,,,,,,,,,,,,
,,,,,,,Hardware,General Hardware,Hardware Accessories,,43852BK,43852BK Kichler Pendant Lt,,,,Kichler Lighting (KICLI),Kichler Lighting,Kichler Lighting,,43852BK,,Industrial & Commercial Supplies>Hardware>General Hardware,"Kichler Lighting, Industrial Hardware, 43852BK",INDUSTRIAL HARDWARE 43852BK,"Kichler Lighting, 43852BK, Industrial Hardware",Kichler Lighting Industrial Hardware Model 43852BK. ,Industrial Hardware,,,,,,,,,,,,,,,,,,,,,,,,,,,Industrial Hardware,Size,,,Material,,,,,,,,,,,,,,,,,,,,,,,,,,,,,,,,,,,,,,,,,,,,,,,,,,,,,,,,,,,,,,,,,,,,,,,,,,,,,,,,,,,,,,,,,,,,,,,,,,,,,,,,,,,,,,,,,,,,,,,,,,,,,,,,,,,,,,,,,,,,,,,,,,,,,,,,,,,,,,,,,,,,,,,,,,,,,,,,,,,,,,,,,,,,,,,,,
,,,,,,,Hardware,General Hardware,Hardware Accessories,,43853BK,43853BK Kichler Pendant Lt,,,,Kichler Lighting (KICLI),Kichler Lighting,Kichler Lighting,,43853BK,,Industrial & Commercial Supplies>Hardware>General Hardware,"Kichler Lighting, Industrial Hardware, 43853BK",INDUSTRIAL HARDWARE 43853BK,"Kichler Lighting, 43853BK, Industrial Hardware",Kichler Lighting Industrial Hardware Model 43853BK. ,Industrial Hardware,,,,,,,,,,,,,,,,,,,,,,,,,,,Industrial Hardware,Size,,,Material,,,,,,,,,,,,,,,,,,,,,,,,,,,,,,,,,,,,,,,,,,,,,,,,,,,,,,,,,,,,,,,,,,,,,,,,,,,,,,,,,,,,,,,,,,,,,,,,,,,,,,,,,,,,,,,,,,,,,,,,,,,,,,,,,,,,,,,,,,,,,,,,,,,,,,,,,,,,,,,,,,,,,,,,,,,,,,,,,,,,,,,,,,,,,,,,,
,,,,,,,Hardware,General Hardware,Hardware Accessories,,43905BK,43905BK Kichler Pendant Lt,,,,Kichler Lighting (KICLI),Kichler Lighting,Kichler Lighting,,43905BK,,Industrial & Commercial Supplies>Hardware>General Hardware,"Kichler Lighting, Industrial Hardware, 43905BK",INDUSTRIAL HARDWARE 43905BK,"Kichler Lighting, 43905BK, Industrial Hardware",Kichler Lighting Industrial Hardware Model 43905BK. ,Industrial Hardware,,,,,,,,,,,,,,,,,,,,,,,,,,,Industrial Hardware,Size,,,Material,,,,,,,,,,,,,,,,,,,,,,,,,,,,,,,,,,,,,,,,,,,,,,,,,,,,,,,,,,,,,,,,,,,,,,,,,,,,,,,,,,,,,,,,,,,,,,,,,,,,,,,,,,,,,,,,,,,,,,,,,,,,,,,,,,,,,,,,,,,,,,,,,,,,,,,,,,,,,,,,,,,,,,,,,,,,,,,,,,,,,,,,,,,,,,,,,
,,,,,,,Hardware,General Hardware,Hardware Accessories,,43911BK,43911BK Kichler Pendant Lt,,,,Kichler Lighting (KICLI),Kichler Lighting,Kichler Lighting,,43911BK,,Industrial & Commercial Supplies>Hardware>General Hardware,"Kichler Lighting, Industrial Hardware, 43911BK",INDUSTRIAL HARDWARE 43911BK,"Kichler Lighting, 43911BK, Industrial Hardware",Kichler Lighting Industrial Hardware Model 43911BK. ,Industrial Hardware,,,,,,,,,,,,,,,,,,,,,,,,,,,Industrial Hardware,Size,,,Material,,,,,,,,,,,,,,,,,,,,,,,,,,,,,,,,,,,,,,,,,,,,,,,,,,,,,,,,,,,,,,,,,,,,,,,,,,,,,,,,,,,,,,,,,,,,,,,,,,,,,,,,,,,,,,,,,,,,,,,,,,,,,,,,,,,,,,,,,,,,,,,,,,,,,,,,,,,,,,,,,,,,,,,,,,,,,,,,,,,,,,,,,,,,,,,,,
,,,,,,,Hardware,General Hardware,Hardware Accessories,,52529BK,52529BK Kichler Pendant Light,,,,Kichler Lighting (KICLI),Kichler Lighting,Kichler Lighting,,52529BK,,Industrial & Commercial Supplies>Hardware>General Hardware,"Kichler Lighting, Industrial Hardware, 52529BK",INDUSTRIAL HARDWARE 52529BK,"Kichler Lighting, 52529BK, Industrial Hardware",Kichler Lighting Industrial Hardware Model 52529BK. ,Industrial Hardware,,,,,,,,,,,,,,,,,,,,,,,,,,,Industrial Hardware,Size,,,Material,,,,,,,,,,,,,,,,,,,,,,,,,,,,,,,,,,,,,,,,,,,,,,,,,,,,,,,,,,,,,,,,,,,,,,,,,,,,,,,,,,,,,,,,,,,,,,,,,,,,,,,,,,,,,,,,,,,,,,,,,,,,,,,,,,,,,,,,,,,,,,,,,,,,,,,,,,,,,,,,,,,,,,,,,,,,,,,,,,,,,,,,,,,,,,,,,
,,,,,,,Hardware,General Hardware,Hardware Accessories,,52662BKCLR,52662BKCLR Kichler Pendant Lt,,,,Kichler Lighting (KICLI),Kichler Lighting,Kichler Lighting,,52662BKCLR,,Industrial & Commercial Supplies>Hardware>General Hardware,"Kichler Lighting, Industrial Hardware, 52662BKCLR",INDUSTRIAL HARDWARE 52662BKCLR,"Kichler Lighting, 52662BKCLR, Industrial Hardware",Kichler Lighting Industrial Hardware Model 52662BKCLR. ,Industrial Hardware,,,,,,,,,,,,,,,,,,,,,,,,,,,Industrial Hardware,Size,,,Material,,,,,,,,,,,,,,,,,,,,,,,,,,,,,,,,,,,,,,,,,,,,,,,,,,,,,,,,,,,,,,,,,,,,,,,,,,,,,,,,,,,,,,,,,,,,,,,,,,,,,,,,,,,,,,,,,,,,,,,,,,,,,,,,,,,,,,,,,,,,,,,,,,,,,,,,,,,,,,,,,,,,,,,,,,,,,,,,,,,,,,,,,,,,,,,,,
,,,,,,,Hardware,General Hardware,Hardware Accessories,,52734CPZ,52734CPZ Kichler Pendant Light,,,,Kichler Lighting (KICLI),Kichler Lighting,Kichler Lighting,,52734CPZ,,Industrial & Commercial Supplies>Hardware>General Hardware,"Kichler Lighting, Industrial Hardware, 52734CPZ",INDUSTRIAL HARDWARE 52734CPZ,"Kichler Lighting, 52734CPZ, Industrial Hardware",Kichler Lighting Industrial Hardware Model 52734CPZ. ,Industrial Hardware,,,,,,,,,,,,,,,,,,,,,,,,,,,Industrial Hardware,Size,,,Material,,,,,,,,,,,,,,,,,,,,,,,,,,,,,,,,,,,,,,,,,,,,,,,,,,,,,,,,,,,,,,,,,,,,,,,,,,,,,,,,,,,,,,,,,,,,,,,,,,,,,,,,,,,,,,,,,,,,,,,,,,,,,,,,,,,,,,,,,,,,,,,,,,,,,,,,,,,,,,,,,,,,,,,,,,,,,,,,,,,,,,,,,,,,,,,,,
,,,,,,,Hardware,General Hardware,Hardware Accessories,,82400,82400 Kichler Pendant Lt,,,,Kichler Lighting (KICLI),Kichler Lighting,Kichler Lighting,,82400,,Industrial & Commercial Supplies>Hardware>General Hardware,"Kichler Lighting, Industrial Hardware, 82400",INDUSTRIAL HARDWARE 82400,"Kichler Lighting, 82400, Industrial Hardware",Kichler Lighting Industrial Hardware Model 82400. ,Industrial Hardware,,,,,,,,,,,,,,,,,,,,,,,,,,,Industrial Hardware,Size,,,Material,,,,,,,,,,,,,,,,,,,,,,,,,,,,,,,,,,,,,,,,,,,,,,,,,,,,,,,,,,,,,,,,,,,,,,,,,,,,,,,,,,,,,,,,,,,,,,,,,,,,,,,,,,,,,,,,,,,,,,,,,,,,,,,,,,,,,,,,,,,,,,,,,,,,,,,,,,,,,,,,,,,,,,,,,,,,,,,,,,,,,,,,,,,,,,,,,
,,,,,,,Hardware,General Hardware,Hardware Accessories,,S11606,"S11606 8"" Round Down Lt 30K",,,,Satco Prod Inc (5573),Satco Prod Inc,Satco Prod Inc,,S11606,,Industrial & Commercial Supplies>Hardware>General Hardware,"Satco Prod Inc, Industrial Hardware, S11606",INDUSTRIAL HARDWARE S11606,"Satco Prod Inc, S11606, Industrial Hardware",Satco Prod Inc Industrial Hardware Model S11606. ,Industrial Hardware,,,,,,,,,,,,,,,,,,,,,,,,,,,Industrial Hardware,Size,,,Material,,,,,,,,,,,,,,,,,,,,,,,,,,,,,,,,,,,,,,,,,,,,,,,,,,,,,,,,,,,,,,,,,,,,,,,,,,,,,,,,,,,,,,,,,,,,,,,,,,,,,,,,,,,,,,,,,,,,,,,,,,,,,,,,,,,,,,,,,,,,,,,,,,,,,,,,,,,,,,,,,,,,,,,,,,,,,,,,,,,,,,,,,,,,,,,,,
,,,,,,,Hardware,General Hardware,Hardware Accessories,,S11828,"S11828 8"" Led Down Light",,,,Satco Prod Inc (5573),Satco Prod Inc,Satco Prod Inc,,S11828,,Industrial & Commercial Supplies>Hardware>General Hardware,"Satco Prod Inc, Industrial Hardware, S11828",INDUSTRIAL HARDWARE S11828,"Satco Prod Inc, S11828, Industrial Hardware",Satco Prod Inc Industrial Hardware Model S11828. ,Industrial Hardware,,,,,,,,,,,,,,,,,,,,,,,,,,,Industrial Hardware,Size,,,Material,,,,,,,,,,,,,,,,,,,,,,,,,,,,,,,,,,,,,,,,,,,,,,,,,,,,,,,,,,,,,,,,,,,,,,,,,,,,,,,,,,,,,,,,,,,,,,,,,,,,,,,,,,,,,,,,,,,,,,,,,,,,,,,,,,,,,,,,,,,,,,,,,,,,,,,,,,,,,,,,,,,,,,,,,,,,,,,,,,,,,,,,,,,,,,,,,
,,,,,,,Hardware,General Hardware,Hardware Accessories,,801274,"801274 10w LED 6"" Retro 50k",,,Philips,Phillips Lighting (5831),Phillips Lighting,Phillips Lighting,,801274,,Industrial & Commercial Supplies>Hardware>General Hardware,"Phillips Lighting, Industrial Hardware, 801274",INDUSTRIAL HARDWARE 801274,"Phillips Lighting, 801274, Industrial Hardware",Phillips Lighting Industrial Hardware Model 801274. ,Industrial Hardware,,,,,,,,,,,,,,,,,,,,,,,,,,,Industrial Hardware,Size,,,Material,,,,,,,,,,,,,,,,,,,,,,,,,,,,,,,,,,,,,,,,,,,,,,,,,,,,,,,,,,,,,,,,,,,,,,,,,,,,,,,,,,,,,,,,,,,,,,,,,,,,,,,,,,,,,,,,,,,,,,,,,,,,,,,,,,,,,,,,,,,,,,,,,,,,,,,,,,,,,,,,,,,,,,,,,,,,,,,,,,,,,,,,,,,,,,,,,
,,,,,,,Hardware,General Hardware,Hardware Accessories,,S11860,"S11860 6"" Downlight White 5 CCT",,,,Satco Prod Inc (5573),Satco Prod Inc,Satco Prod Inc,,S11860,,Industrial & Commercial Supplies>Hardware>General Hardware,"Satco Prod Inc, Industrial Hardware, S11860",INDUSTRIAL HARDWARE S11860,"Satco Prod Inc, S11860, Industrial Hardware",Satco Prod Inc Industrial Hardware Model S11860. ,Industrial Hardware,,,,,,,,,,,,,,,,,,,,,,,,,,,Industrial Hardware,Size,,,Material,,,,,,,,,,,,,,,,,,,,,,,,,,,,,,,,,,,,,,,,,,,,,,,,,,,,,,,,,,,,,,,,,,,,,,,,,,,,,,,,,,,,,,,,,,,,,,,,,,,,,,,,,,,,,,,,,,,,,,,,,,,,,,,,,,,,,,,,,,,,,,,,,,,,,,,,,,,,,,,,,,,,,,,,,,,,,,,,,,,,,,,,,,,,,,,,,
,,,,,,,Hardware,General Hardware,Hardware Accessories,,S11562,"S11562 Starfish 6"" D/W Downlight",,,,Satco Prod Inc (5573),Satco Prod Inc,Satco Prod Inc,,S11562,,Industrial & Commercial Supplies>Hardware>General Hardware,"Satco Prod Inc, Industrial Hardware, S11562",INDUSTRIAL HARDWARE S11562,"Satco Prod Inc, S11562, Industrial Hardware",Satco Prod Inc Industrial Hardware Model S11562. ,Industrial Hardware,,,,,,,,,,,,,,,,,,,,,,,,,,,Industrial Hardware,Size,,,Material,,,,,,,,,,,,,,,,,,,,,,,,,,,,,,,,,,,,,,,,,,,,,,,,,,,,,,,,,,,,,,,,,,,,,,,,,,,,,,,,,,,,,,,,,,,,,,,,,,,,,,,,,,,,,,,,,,,,,,,,,,,,,,,,,,,,,,,,,,,,,,,,,,,,,,,,,,,,,,,,,,,,,,,,,,,,,,,,,,,,,,,,,,,,,,,,,
,,,,,,,Hardware,General Hardware,Hardware Accessories,,S11646,"S11646 6"" Downlight Wh",,,,Satco Prod Inc (5573),Satco Prod Inc,Satco Prod Inc,,S11646,,Industrial & Commercial Supplies>Hardware>General Hardware,"Satco Prod Inc, Industrial Hardware, S11646",INDUSTRIAL HARDWARE S11646,"Satco Prod Inc, S11646, Industrial Hardware",Satco Prod Inc Industrial Hardware Model S11646. ,Industrial Hardware,,,,,,,,,,,,,,,,,,,,,,,,,,,Industrial Hardware,Size,,,Material,,,,,,,,,,,,,,,,,,,,,,,,,,,,,,,,,,,,,,,,,,,,,,,,,,,,,,,,,,,,,,,,,,,,,,,,,,,,,,,,,,,,,,,,,,,,,,,,,,,,,,,,,,,,,,,,,,,,,,,,,,,,,,,,,,,,,,,,,,,,,,,,,,,,,,,,,,,,,,,,,,,,,,,,,,,,,,,,,,,,,,,,,,,,,,,,,
,,,,,,,Hardware,General Hardware,Hardware Accessories,,S11801R1,"S11801R1 6"" Led Downlight Wh",,,,Satco Prod Inc (5573),Satco Prod Inc,Satco Prod Inc,,S11801R1,,Industrial & Commercial Supplies>Hardware>General Hardware,"Satco Prod Inc, Industrial Hardware, S11801R1",INDUSTRIAL HARDWARE S11801R1,"Satco Prod Inc, S11801R1, Industrial Hardware",Satco Prod Inc Industrial Hardware Model S11801R1. ,Industrial Hardware,,,,,,,,,,,,,,,,,,,,,,,,,,,Industrial Hardware,Size,,,Material,,,,,,,,,,,,,,,,,,,,,,,,,,,,,,,,,,,,,,,,,,,,,,,,,,,,,,,,,,,,,,,,,,,,,,,,,,,,,,,,,,,,,,,,,,,,,,,,,,,,,,,,,,,,,,,,,,,,,,,,,,,,,,,,,,,,,,,,,,,,,,,,,,,,,,,,,,,,,,,,,,,,,,,,,,,,,,,,,,,,,,,,,,,,,,,,,
,,,,,,,Hardware,General Hardware,Hardware Accessories,,S11848,"S11848 10"" Down Light Wh",,,,Satco Prod Inc (5573),Satco Prod Inc,Satco Prod Inc,,S11848,,Industrial & Commercial Supplies>Hardware>General Hardware,"Satco Prod Inc, Industrial Hardware, S11848",INDUSTRIAL HARDWARE S11848,"Satco Prod Inc, S11848, Industrial Hardware",Satco Prod Inc Industrial Hardware Model S11848. ,Industrial Hardware,,,,,,,,,,,,,,,,,,,,,,,,,,,Industrial Hardware,Size,,,Material,,,,,,,,,,,,,,,,,,,,,,,,,,,,,,,,,,,,,,,,,,,,,,,,,,,,,,,,,,,,,,,,,,,,,,,,,,,,,,,,,,,,,,,,,,,,,,,,,,,,,,,,,,,,,,,,,,,,,,,,,,,,,,,,,,,,,,,,,,,,,,,,,,,,,,,,,,,,,,,,,,,,,,,,,,,,,,,,,,,,,,,,,,,,,,,,,
,,,,,,,Hardware,General Hardware,Hardware Accessories,,S11849,"S11849 12"" Down Light Wh",,,,Satco Prod Inc (5573),Satco Prod Inc,Satco Prod Inc,,S11849,,Industrial & Commercial Supplies>Hardware>General Hardware,"Satco Prod Inc, Industrial Hardware, S11849",INDUSTRIAL HARDWARE S11849,"Satco Prod Inc, S11849, Industrial Hardware",Satco Prod Inc Industrial Hardware Model S11849. ,Industrial Hardware,,,,,,,,,,,,,,,,,,,,,,,,,,,Industrial Hardware,Size,,,Material,,,,,,,,,,,,,,,,,,,,,,,,,,,,,,,,,,,,,,,,,,,,,,,,,,,,,,,,,,,,,,,,,,,,,,,,,,,,,,,,,,,,,,,,,,,,,,,,,,,,,,,,,,,,,,,,,,,,,,,,,,,,,,,,,,,,,,,,,,,,,,,,,,,,,,,,,,,,,,,,,,,,,,,,,,,,,,,,,,,,,,,,,,,,,,,,,
,,,,,,,Hardware,General Hardware,Hardware Accessories,,HLBSL609FS5,"HLBSL609FS5 6"" Down Light",,,,Cooper Lighting (7638),Cooper Lighting,Cooper Lighting,,HLBSL609FS5,,Industrial & Commercial Supplies>Hardware>General Hardware,"Cooper Lighting, Industrial Hardware, HLBSL609FS5",INDUSTRIAL HARDWARE HLBSL609FS5,"Cooper Lighting, HLBSL609FS5, Industrial Hardware",Cooper Lighting Industrial Hardware Model HLBSL609FS5. ,Industrial Hardware,,,,,,,,,,,,,,,,,,,,,,,,,,,Industrial Hardware,Size,,,Material,,,,,,,,,,,,,,,,,,,,,,,,,,,,,,,,,,,,,,,,,,,,,,,,,,,,,,,,,,,,,,,,,,,,,,,,,,,,,,,,,,,,,,,,,,,,,,,,,,,,,,,,,,,,,,,,,,,,,,,,,,,,,,,,,,,,,,,,,,,,,,,,,,,,,,,,,,,,,,,,,,,,,,,,,,,,,,,,,,,,,,,,,,,,,,,,,
,,,,,,,Hardware,General Hardware,Hardware Accessories,,WF4REGSWW590CRIMW,"WF4REGSWW590CRIMW 4"" Down Light",,,,Lithonia Lighting (2776),Lithonia Lighting,Lithonia Lighting,,WF4REGSWW590CRIMW,,Industrial & Commercial Supplies>Hardware>General Hardware,"Lithonia Lighting, Industrial Hardware, WF4REGSWW590CRIMW",INDUSTRIAL HARDWARE WF4REGSWW590CRIMW,"Lithonia Lighting, WF4REGSWW590CRIMW, Industrial Hardware",Lithonia Lighting Industrial Hardware Model WF4REGSWW590CRIMW. ,Industrial Hardware,,,,,,,,,,,,,,,,,,,,,,,,,,,Industrial Hardware,Size,,,Material,,,,,,,,,,,,,,,,,,,,,,,,,,,,,,,,,,,,,,,,,,,,,,,,,,,,,,,,,,,,,,,,,,,,,,,,,,,,,,,,,,,,,,,,,,,,,,,,,,,,,,,,,,,,,,,,,,,,,,,,,,,,,,,,,,,,,,,,,,,,,,,,,,,,,,,,,,,,,,,,,,,,,,,,,,,,,,,,,,,,,,,,,,,,,,,,,
,,,,,,,Hardware,General Hardware,Hardware Accessories,,43849WH5CCT,43849WH5CCT Kichler Ceiling Lt,,,,Kichler Lighting (KICLI),Kichler Lighting,Kichler Lighting,,43849WH5CCT,,Industrial & Commercial Supplies>Hardware>General Hardware,"Kichler Lighting, Industrial Hardware, 43849WH5CCT",INDUSTRIAL HARDWARE 43849WH5CCT,"Kichler Lighting, 43849WH5CCT, Industrial Hardware",Kichler Lighting Industrial Hardware Model 43849WH5CCT. ,Industrial Hardware,,,,,,,,,,,,,,,,,,,,,,,,,,,Industrial Hardware,Size,,,Material,,,,,,,,,,,,,,,,,,,,,,,,,,,,,,,,,,,,,,,,,,,,,,,,,,,,,,,,,,,,,,,,,,,,,,,,,,,,,,,,,,,,,,,,,,,,,,,,,,,,,,,,,,,,,,,,,,,,,,,,,,,,,,,,,,,,,,,,,,,,,,,,,,,,,,,,,,,,,,,,,,,,,,,,,,,,,,,,,,,,,,,,,,,,,,,,,
,,,,,,,Hardware,General Hardware,Hardware Accessories,,62-1777,"62-1777 15"" Ceiling Lt Wh",,,,Satco Prod Inc (5573),Satco Prod Inc,Satco Prod Inc,,62-1777,,Industrial & Commercial Supplies>Hardware>General Hardware,"Satco Prod Inc, Industrial Hardware, 62-1777",INDUSTRIAL HARDWARE 62-1777,"Satco Prod Inc, 62-1777, Industrial Hardware",Satco Prod Inc Industrial Hardware Model 62-1777. ,Industrial Hardware,,,,,,,,,,,,,,,,,,,,,,,,,,,Industrial Hardware,Size,,,Material,,,,,,,,,,,,,,,,,,,,,,,,,,,,,,,,,,,,,,,,,,,,,,,,,,,,,,,,,,,,,,,,,,,,,,,,,,,,,,,,,,,,,,,,,,,,,,,,,,,,,,,,,,,,,,,,,,,,,,,,,,,,,,,,,,,,,,,,,,,,,,,,,,,,,,,,,,,,,,,,,,,,,,,,,,,,,,,,,,,,,,,,,,,,,,,,,
,,,,,,,Hardware,General Hardware,Hardware Accessories,,62-1778,"62-1778 19"" Ceiling Lt Wh",,,,Satco Prod Inc (5573),Satco Prod Inc,Satco Prod Inc,,62-1778,,Industrial & Commercial Supplies>Hardware>General Hardware,"Satco Prod Inc, Industrial Hardware, 62-1778",INDUSTRIAL HARDWARE 62-1778,"Satco Prod Inc, 62-1778, Industrial Hardware",Satco Prod Inc Industrial Hardware Model 62-1778. ,Industrial Hardware,,,,,,,,,,,,,,,,,,,,,,,,,,,Industrial Hardware,Size,,,Material,,,,,,,,,,,,,,,,,,,,,,,,,,,,,,,,,,,,,,,,,,,,,,,,,,,,,,,,,,,,,,,,,,,,,,,,,,,,,,,,,,,,,,,,,,,,,,,,,,,,,,,,,,,,,,,,,,,,,,,,,,,,,,,,,,,,,,,,,,,,,,,,,,,,,,,,,,,,,,,,,,,,,,,,,,,,,,,,,,,,,,,,,,,,,,,,,
,,,,,,,Hardware,General Hardware,Hardware Accessories,,62-1784,62-1784 24x24 Led Ceiling Lt,,,,Satco Prod Inc (5573),Satco Prod Inc,Satco Prod Inc,,62-1784,,Industrial & Commercial Supplies>Hardware>General Hardware,"Satco Prod Inc, Industrial Hardware, 62-1784",INDUSTRIAL HARDWARE 62-1784,"Satco Prod Inc, 62-1784, Industrial Hardware",Satco Prod Inc Industrial Hardware Model 62-1784. ,Industrial Hardware,,,,,,,,,,,,,,,,,,,,,,,,,,,Industrial Hardware,Size,,,Material,,,,,,,,,,,,,,,,,,,,,,,,,,,,,,,,,,,,,,,,,,,,,,,,,,,,,,,,,,,,,,,,,,,,,,,,,,,,,,,,,,,,,,,,,,,,,,,,,,,,,,,,,,,,,,,,,,,,,,,,,,,,,,,,,,,,,,,,,,,,,,,,,,,,,,,,,,,,,,,,,,,,,,,,,,,,,,,,,,,,,,,,,,,,,,,,,
,,,,,,,Hardware,General Hardware,Hardware Accessories,,62-1787,"62-1787 15"" Ceiling Lt Bk",,,,Satco Prod Inc (5573),Satco Prod Inc,Satco Prod Inc,,62-1787,,Industrial & Commercial Supplies>Hardware>General Hardware,"Satco Prod Inc, Industrial Hardware, 62-1787",INDUSTRIAL HARDWARE 62-1787,"Satco Prod Inc, 62-1787, Industrial Hardware",Satco Prod Inc Industrial Hardware Model 62-1787. ,Industrial Hardware,,,,,,,,,,,,,,,,,,,,,,,,,,,Industrial Hardware,Size,,,Material,,,,,,,,,,,,,,,,,,,,,,,,,,,,,,,,,,,,,,,,,,,,,,,,,,,,,,,,,,,,,,,,,,,,,,,,,,,,,,,,,,,,,,,,,,,,,,,,,,,,,,,,,,,,,,,,,,,,,,,,,,,,,,,,,,,,,,,,,,,,,,,,,,,,,,,,,,,,,,,,,,,,,,,,,,,,,,,,,,,,,,,,,,,,,,,,,
,,,,,,,Hardware,General Hardware,Hardware Accessories,,62-1788,"62-1788 19"" Ceiling Lt Bk",,,,Satco Prod Inc (5573),Satco Prod Inc,Satco Prod Inc,,62-1788,,Industrial & Commercial Supplies>Hardware>General Hardware,"Satco Prod Inc, Industrial Hardware, 62-1788",INDUSTRIAL HARDWARE 62-1788,"Satco Prod Inc, 62-1788, Industrial Hardware",Satco Prod Inc Industrial Hardware Model 62-1788. ,Industrial Hardware,,,,,,,,,,,,,,,,,,,,,,,,,,,Industrial Hardware,Size,,,Material,,,,,,,,,,,,,,,,,,,,,,,,,,,,,,,,,,,,,,,,,,,,,,,,,,,,,,,,,,,,,,,,,,,,,,,,,,,,,,,,,,,,,,,,,,,,,,,,,,,,,,,,,,,,,,,,,,,,,,,,,,,,,,,,,,,,,,,,,,,,,,,,,,,,,,,,,,,,,,,,,,,,,,,,,,,,,,,,,,,,,,,,,,,,,,,,,
,,,,,,,Hardware,General Hardware,Hardware Accessories,,SHOP/4X2/840/V1,4' Feit Shop Light 4500L 40k,,,Feit Electric,Feit Electric (3468),Feit Electric,Feit Electric,,SHOP/4X2/840/V1,,Industrial & Commercial Supplies>Hardware>General Hardware,"Feit Electric, Industrial Hardware, SHOP/4X2/840/V1",INDUSTRIAL HARDWARE SHOP/4X2/840/V1,"Feit Electric, SHOP/4X2/840/V1, Industrial Hardware",Feit Electric Industrial Hardware Model SHOP/4X2/840/V1. ,Industrial Hardware,,,,,,,,,,,,,,,,,,,,,,,,,,,Industrial Hardware,Size,,,Material,,,,,,,,,,,,,,,,,,,,,,,,,,,,,,,,,,,,,,,,,,,,,,,,,,,,,,,,,,,,,,,,,,,,,,,,,,,,,,,,,,,,,,,,,,,,,,,,,,,,,,,,,,,,,,,,,,,,,,,,,,,,,,,,,,,,,,,,,,,,,,,,,,,,,,,,,,,,,,,,,,,,,,,,,,,,,,,,,,,,,,,,,,,,,,,,,
,,,,,,,Hardware,General Hardware,Hardware Accessories,,45495BKCLR,45495BKCLR Kichler Wall Lt,,,,Kichler Lighting (KICLI),Kichler Lighting,Kichler Lighting,,45495BKCLR,,Industrial & Commercial Supplies>Hardware>General Hardware,"Kichler Lighting, Industrial Hardware, 45495BKCLR",INDUSTRIAL HARDWARE 45495BKCLR,"Kichler Lighting, 45495BKCLR, Industrial Hardware",Kichler Lighting Industrial Hardware Model 45495BKCLR. ,Industrial Hardware,,,,,,,,,,,,,,,,,,,,,,,,,,,Industrial Hardware,Size,,,Material,,,,,,,,,,,,,,,,,,,,,,,,,,,,,,,,,,,,,,,,,,,,,,,,,,,,,,,,,,,,,,,,,,,,,,,,,,,,,,,,,,,,,,,,,,,,,,,,,,,,,,,,,,,,,,,,,,,,,,,,,,,,,,,,,,,,,,,,,,,,,,,,,,,,,,,,,,,,,,,,,,,,,,,,,,,,,,,,,,,,,,,,,,,,,,,,,
,,,,,,,Hardware,General Hardware,Hardware Accessories,,55209NI,55209NI Kichler Wall Sconce,,,,Kichler Lighting (KICLI),Kichler Lighting,Kichler Lighting,,55209NI,,Industrial & Commercial Supplies>Hardware>General Hardware,"Kichler Lighting, Industrial Hardware, 55209NI",INDUSTRIAL HARDWARE 55209NI,"Kichler Lighting, 55209NI, Industrial Hardware",Kichler Lighting Industrial Hardware Model 55209NI. ,Industrial Hardware,,,,,,,,,,,,,,,,,,,,,,,,,,,Industrial Hardware,Size,,,Material,,,,,,,,,,,,,,,,,,,,,,,,,,,,,,,,,,,,,,,,,,,,,,,,,,,,,,,,,,,,,,,,,,,,,,,,,,,,,,,,,,,,,,,,,,,,,,,,,,,,,,,,,,,,,,,,,,,,,,,,,,,,,,,,,,,,,,,,,,,,,,,,,,,,,,,,,,,,,,,,,,,,,,,,,,,,,,,,,,,,,,,,,,,,,,,,,
,,,,,,,Hardware,General Hardware,Hardware Accessories,,65-1210,65-1210 2' LED Wrap Lt,,,,Satco Prod Inc (5573),Satco Prod Inc,Satco Prod Inc,,65-1210,,Industrial & Commercial Supplies>Hardware>General Hardware,"Satco Prod Inc, Industrial Hardware, 65-1210",INDUSTRIAL HARDWARE 65-1210,"Satco Prod Inc, 65-1210, Industrial Hardware",Satco Prod Inc Industrial Hardware Model 65-1210. ,Industrial Hardware,,,,,,,,,,,,,,,,,,,,,,,,,,,Industrial Hardware,Size,,,Material,,,,,,,,,,,,,,,,,,,,,,,,,,,,,,,,,,,,,,,,,,,,,,,,,,,,,,,,,,,,,,,,,,,,,,,,,,,,,,,,,,,,,,,,,,,,,,,,,,,,,,,,,,,,,,,,,,,,,,,,,,,,,,,,,,,,,,,,,,,,,,,,,,,,,,,,,,,,,,,,,,,,,,,,,,,,,,,,,,,,,,,,,,,,,,,,,
,,,,,,,Hardware,General Hardware,Hardware Accessories,,65-1211,65-1211 4' Led Wrap Light,,,,Satco Prod Inc (5573),Satco Prod Inc,Satco Prod Inc,,65-1211,,Industrial & Commercial Supplies>Hardware>General Hardware,"Satco Prod Inc, Industrial Hardware, 65-1211",INDUSTRIAL HARDWARE 65-1211,"Satco Prod Inc, 65-1211, Industrial Hardware",Satco Prod Inc Industrial Hardware Model 65-1211. ,Industrial Hardware,,,,,,,,,,,,,,,,,,,,,,,,,,,Industrial Hardware,Size,,,Material,,,,,,,,,,,,,,,,,,,,,,,,,,,,,,,,,,,,,,,,,,,,,,,,,,,,,,,,,,,,,,,,,,,,,,,,,,,,,,,,,,,,,,,,,,,,,,,,,,,,,,,,,,,,,,,,,,,,,,,,,,,,,,,,,,,,,,,,,,,,,,,,,,,,,,,,,,,,,,,,,,,,,,,,,,,,,,,,,,,,,,,,,,,,,,,,,
,,,,,,,Hardware,General Hardware,Hardware Accessories,,141465,"141465 15W Flor 18"" T12 27k",,,Philips,Phillips Lighting (5831),Phillips Lighting,Phillips Lighting,,141465,,Industrial & Commercial Supplies>Hardware>General Hardware,"Phillips Lighting, Industrial Hardware, 141465",INDUSTRIAL HARDWARE 141465,"Phillips Lighting, 141465, Industrial Hardware",Phillips Lighting Industrial Hardware Model 141465. ,Industrial Hardware,,,,,,,,,,,,,,,,,,,,,,,,,,,Industrial Hardware,Size,,,Material,,,,,,,,,,,,,,,,,,,,,,,,,,,,,,,,,,,,,,,,,,,,,,,,,,,,,,,,,,,,,,,,,,,,,,,,,,,,,,,,,,,,,,,,,,,,,,,,,,,,,,,,,,,,,,,,,,,,,,,,,,,,,,,,,,,,,,,,,,,,,,,,,,,,,,,,,,,,,,,,,,,,,,,,,,,,,,,,,,,,,,,,,,,,,,,,,
,,,,,,,Hardware,General Hardware,Hardware Accessories,,391227,"391227 32W Led 12"" T9 30K",,,Philips,Phillips Lighting (5831),Phillips Lighting,Phillips Lighting,,391227,,Industrial & Commercial Supplies>Hardware>General Hardware,"Phillips Lighting, Industrial Hardware, 391227",INDUSTRIAL HARDWARE 391227,"Phillips Lighting, 391227, Industrial Hardware",Phillips Lighting Industrial Hardware Model 391227. ,Industrial Hardware,,,,,,,,,,,,,,,,,,,,,,,,,,,Industrial Hardware,Size,,,Material,,,,,,,,,,,,,,,,,,,,,,,,,,,,,,,,,,,,,,,,,,,,,,,,,,,,,,,,,,,,,,,,,,,,,,,,,,,,,,,,,,,,,,,,,,,,,,,,,,,,,,,,,,,,,,,,,,,,,,,,,,,,,,,,,,,,,,,,,,,,,,,,,,,,,,,,,,,,,,,,,,,,,,,,,,,,,,,,,,,,,,,,,,,,,,,,,
,,,,,,,Hardware,General Hardware,Hardware Accessories,,392225,"392225 22W Flor 8"" T9 30k",,,Philips,Phillips Lighting (5831),Phillips Lighting,Phillips Lighting,,392225,,Industrial & Commercial Supplies>Hardware>General Hardware,"Phillips Lighting, Industrial Hardware, 392225",INDUSTRIAL HARDWARE 392225,"Phillips Lighting, 392225, Industrial Hardware",Phillips Lighting Industrial Hardware Model 392225. ,Industrial Hardware,,,,,,,,,,,,,,,,,,,,,,,,,,,Industrial Hardware,Size,,,Material,,,,,,,,,,,,,,,,,,,,,,,,,,,,,,,,,,,,,,,,,,,,,,,,,,,,,,,,,,,,,,,,,,,,,,,,,,,,,,,,,,,,,,,,,,,,,,,,,,,,,,,,,,,,,,,,,,,,,,,,,,,,,,,,,,,,,,,,,,,,,,,,,,,,,,,,,,,,,,,,,,,,,,,,,,,,,,,,,,,,,,,,,,,,,,,,,
,,,,,,,Hardware,General Hardware,Hardware Accessories,,S3539,S3539 20W Halogen Pin T4,,,Satco,Satco Prod Inc (5573),Satco Prod Inc,Satco Prod Inc,,S3539,,Industrial & Commercial Supplies>Hardware>General Hardware,"Satco Prod Inc, Industrial Hardware, S3539",INDUSTRIAL HARDWARE S3539,"Satco Prod Inc, S3539, Industrial Hardware",Satco Prod Inc Industrial Hardware Model S3539. ,Industrial Hardware,,,,,,,,,,,,,,,,,,,,,,,,,,,Industrial Hardware,Size,,,Material,,,,,,,,,,,,,,,,,,,,,,,,,,,,,,,,,,,,,,,,,,,,,,,,,,,,,,,,,,,,,,,,,,,,,,,,,,,,,,,,,,,,,,,,,,,,,,,,,,,,,,,,,,,,,,,,,,,,,,,,,,,,,,,,,,,,,,,,,,,,,,,,,,,,,,,,,,,,,,,,,,,,,,,,,,,,,,,,,,,,,,,,,,,,,,,,,
,,,,,,,Hardware,General Hardware,Hardware Accessories,,S3496,S3496 300W Halogen T3 Bulb,,,Satco,Satco Prod Inc (5573),Satco Prod Inc,Satco Prod Inc,,S3496,,Industrial & Commercial Supplies>Hardware>General Hardware,"Satco Prod Inc, Industrial Hardware, S3496",INDUSTRIAL HARDWARE S3496,"Satco Prod Inc, S3496, Industrial Hardware",Satco Prod Inc Industrial Hardware Model S3496. ,Industrial Hardware,,,,,,,,,,,,,,,,,,,,,,,,,,,Industrial Hardware,Size,,,Material,,,,,,,,,,,,,,,,,,,,,,,,,,,,,,,,,,,,,,,,,,,,,,,,,,,,,,,,,,,,,,,,,,,,,,,,,,,,,,,,,,,,,,,,,,,,,,,,,,,,,,,,,,,,,,,,,,,,,,,,,,,,,,,,,,,,,,,,,,,,,,,,,,,,,,,,,,,,,,,,,,,,,,,,,,,,,,,,,,,,,,,,,,,,,,,,,
,,,,,,,Hardware,General Hardware,Hardware Accessories,,467316,467316 150W Sodium Med 21k,,,Philips,Phillips Lighting (5831),Phillips Lighting,Phillips Lighting,,467316,,Industrial & Commercial Supplies>Hardware>General Hardware,"Phillips Lighting, Industrial Hardware, 467316",INDUSTRIAL HARDWARE 467316,"Phillips Lighting, 467316, Industrial Hardware",Phillips Lighting Industrial Hardware Model 467316. ,Industrial Hardware,,,,,,,,,,,,,,,,,,,,,,,,,,,Industrial Hardware,Size,,,Material,,,,,,,,,,,,,,,,,,,,,,,,,,,,,,,,,,,,,,,,,,,,,,,,,,,,,,,,,,,,,,,,,,,,,,,,,,,,,,,,,,,,,,,,,,,,,,,,,,,,,,,,,,,,,,,,,,,,,,,,,,,,,,,,,,,,,,,,,,,,,,,,,,,,,,,,,,,,,,,,,,,,,,,,,,,,,,,,,,,,,,,,,,,,,,,,,
,,,,,,,Hardware,General Hardware,Hardware Accessories,,S3709,S3709 25W Incan 27K,,,Satco,Satco Prod Inc (5573),Satco Prod Inc,Satco Prod Inc,,S3709,,Industrial & Commercial Supplies>Hardware>General Hardware,"Satco Prod Inc, Industrial Hardware, S3709",INDUSTRIAL HARDWARE S3709,"Satco Prod Inc, S3709, Industrial Hardware",Satco Prod Inc Industrial Hardware Model S3709. ,Industrial Hardware,,,,,,,,,,,,,,,,,,,,,,,,,,,Industrial Hardware,Size,,,Material,,,,,,,,,,,,,,,,,,,,,,,,,,,,,,,,,,,,,,,,,,,,,,,,,,,,,,,,,,,,,,,,,,,,,,,,,,,,,,,,,,,,,,,,,,,,,,,,,,,,,,,,,,,,,,,,,,,,,,,,,,,,,,,,,,,,,,,,,,,,,,,,,,,,,,,,,,,,,,,,,,,,,,,,,,,,,,,,,,,,,,,,,,,,,,,,,
,,,,,,,Hardware,General Hardware,Hardware Accessories,,S4720,S4720 25W Incan 27K,,,Satco,Satco Prod Inc (5573),Satco Prod Inc,Satco Prod Inc,,S4720,,Industrial & Commercial Supplies>Hardware>General Hardware,"Satco Prod Inc, Industrial Hardware, S4720",INDUSTRIAL HARDWARE S4720,"Satco Prod Inc, S4720, Industrial Hardware",Satco Prod Inc Industrial Hardware Model S4720. ,Industrial Hardware,,,,,,,,,,,,,,,,,,,,,,,,,,,Industrial Hardware,Size,,,Material,,,,,,,,,,,,,,,,,,,,,,,,,,,,,,,,,,,,,,,,,,,,,,,,,,,,,,,,,,,,,,,,,,,,,,,,,,,,,,,,,,,,,,,,,,,,,,,,,,,,,,,,,,,,,,,,,,,,,,,,,,,,,,,,,,,,,,,,,,,,,,,,,,,,,,,,,,,,,,,,,,,,,,,,,,,,,,,,,,,,,,,,,,,,,,,,,
,,,,,,,Hardware,General Hardware,Hardware Accessories,,S3720,S3720 40w Inc A15 Med 26k,,,Satco,Satco Prod Inc (5573),Satco Prod Inc,Satco Prod Inc,,S3720,,Industrial & Commercial Supplies>Hardware>General Hardware,"Satco Prod Inc, Industrial Hardware, S3720",INDUSTRIAL HARDWARE S3720,"Satco Prod Inc, S3720, Industrial Hardware",Satco Prod Inc Industrial Hardware Model S3720. ,Industrial Hardware,,,,,,,,,,,,,,,,,,,,,,,,,,,Industrial Hardware,Size,,,Material,,,,,,,,,,,,,,,,,,,,,,,,,,,,,,,,,,,,,,,,,,,,,,,,,,,,,,,,,,,,,,,,,,,,,,,,,,,,,,,,,,,,,,,,,,,,,,,,,,,,,,,,,,,,,,,,,,,,,,,,,,,,,,,,,,,,,,,,,,,,,,,,,,,,,,,,,,,,,,,,,,,,,,,,,,,,,,,,,,,,,,,,,,,,,,,,,
,,,,,,,Hardware,General Hardware,Hardware Accessories,,S3702,S3702 40W Incan Med 27K,,,Satco,Satco Prod Inc (5573),Satco Prod Inc,Satco Prod Inc,,S3702,,Industrial & Commercial Supplies>Hardware>General Hardware,"Satco Prod Inc, Industrial Hardware, S3702",INDUSTRIAL HARDWARE S3702,"Satco Prod Inc, S3702, Industrial Hardware",Satco Prod Inc Industrial Hardware Model S3702. ,Industrial Hardware,,,,,,,,,,,,,,,,,,,,,,,,,,,Industrial Hardware,Size,,,Material,,,,,,,,,,,,,,,,,,,,,,,,,,,,,,,,,,,,,,,,,,,,,,,,,,,,,,,,,,,,,,,,,,,,,,,,,,,,,,,,,,,,,,,,,,,,,,,,,,,,,,,,,,,,,,,,,,,,,,,,,,,,,,,,,,,,,,,,,,,,,,,,,,,,,,,,,,,,,,,,,,,,,,,,,,,,,,,,,,,,,,,,,,,,,,,,,
,,,,,,,Hardware,General Hardware,Hardware Accessories,,S3703,S3703 40W Incan Med 27K,,,Satco,Satco Prod Inc (5573),Satco Prod Inc,Satco Prod Inc,,S3703,,Industrial & Commercial Supplies>Hardware>General Hardware,"Satco Prod Inc, Industrial Hardware, S3703",INDUSTRIAL HARDWARE S3703,"Satco Prod Inc, S3703, Industrial Hardware",Satco Prod Inc Industrial Hardware Model S3703. ,Industrial Hardware,,,,,,,,,,,,,,,,,,,,,,,,,,,Industrial Hardware,Size,,,Material,,,,,,,,,,,,,,,,,,,,,,,,,,,,,,,,,,,,,,,,,,,,,,,,,,,,,,,,,,,,,,,,,,,,,,,,,,,,,,,,,,,,,,,,,,,,,,,,,,,,,,,,,,,,,,,,,,,,,,,,,,,,,,,,,,,,,,,,,,,,,,,,,,,,,,,,,,,,,,,,,,,,,,,,,,,,,,,,,,,,,,,,,,,,,,,,,
,,,,,,,Hardware,General Hardware,Hardware Accessories,,S3797,S3797 4W Incan Cand 27K 2pk,,,Satco,Satco Prod Inc (5573),Satco Prod Inc,Satco Prod Inc,,S3797,,Industrial & Commercial Supplies>Hardware>General Hardware,"Satco Prod Inc, Industrial Hardware, S3797",INDUSTRIAL HARDWARE S3797,"Satco Prod Inc, S3797, Industrial Hardware",Satco Prod Inc Industrial Hardware Model S3797. ,Industrial Hardware,,,,,,,,,,,,,,,,,,,,,,,,,,,Industrial Hardware,Size,,,Material,,,,,,,,,,,,,,,,,,,,,,,,,,,,,,,,,,,,,,,,,,,,,,,,,,,,,,,,,,,,,,,,,,,,,,,,,,,,,,,,,,,,,,,,,,,,,,,,,,,,,,,,,,,,,,,,,,,,,,,,,,,,,,,,,,,,,,,,,,,,,,,,,,,,,,,,,,,,,,,,,,,,,,,,,,,,,,,,,,,,,,,,,,,,,,,,,
,,,,,,,Hardware,General Hardware,Hardware Accessories,,S4724,S4724 4W Incan Cand 27K 4pk,,,Satco,Satco Prod Inc (5573),Satco Prod Inc,Satco Prod Inc,,S4724,,Industrial & Commercial Supplies>Hardware>General Hardware,"Satco Prod Inc, Industrial Hardware, S4724",INDUSTRIAL HARDWARE S4724,"Satco Prod Inc, S4724, Industrial Hardware",Satco Prod Inc Industrial Hardware Model S4724. ,Industrial Hardware,,,,,,,,,,,,,,,,,,,,,,,,,,,Industrial Hardware,Size,,,Material,,,,,,,,,,,,,,,,,,,,,,,,,,,,,,,,,,,,,,,,,,,,,,,,,,,,,,,,,,,,,,,,,,,,,,,,,,,,,,,,,,,,,,,,,,,,,,,,,,,,,,,,,,,,,,,,,,,,,,,,,,,,,,,,,,,,,,,,,,,,,,,,,,,,,,,,,,,,,,,,,,,,,,,,,,,,,,,,,,,,,,,,,,,,,,,,,
,,,,,,,Hardware,General Hardware,Hardware Accessories,,S4717,S4717 6W Incan Cand 27k 2pk,,,Satco,Satco Prod Inc (5573),Satco Prod Inc,Satco Prod Inc,,S4717,,Industrial & Commercial Supplies>Hardware>General Hardware,"Satco Prod Inc, Industrial Hardware, S4717",INDUSTRIAL HARDWARE S4717,"Satco Prod Inc, S4717, Industrial Hardware",Satco Prod Inc Industrial Hardware Model S4717. ,Industrial Hardware,,,,,,,,,,,,,,,,,,,,,,,,,,,Industrial Hardware,Size,,,Material,,,,,,,,,,,,,,,,,,,,,,,,,,,,,,,,,,,,,,,,,,,,,,,,,,,,,,,,,,,,,,,,,,,,,,,,,,,,,,,,,,,,,,,,,,,,,,,,,,,,,,,,,,,,,,,,,,,,,,,,,,,,,,,,,,,,,,,,,,,,,,,,,,,,,,,,,,,,,,,,,,,,,,,,,,,,,,,,,,,,,,,,,,,,,,,,,
,,,,,,,Hardware,General Hardware,Hardware Accessories,,S3794,S3794 7W Incan Med 27K,,,Satco,Satco Prod Inc (5573),Satco Prod Inc,Satco Prod Inc,,S3794,,Industrial & Commercial Supplies>Hardware>General Hardware,"Satco Prod Inc, Industrial Hardware, S3794",INDUSTRIAL HARDWARE S3794,"Satco Prod Inc, S3794, Industrial Hardware",Satco Prod Inc Industrial Hardware Model S3794. ,Industrial Hardware,,,,,,,,,,,,,,,,,,,,,,,,,,,Industrial Hardware,Size,,,Material,,,,,,,,,,,,,,,,,,,,,,,,,,,,,,,,,,,,,,,,,,,,,,,,,,,,,,,,,,,,,,,,,,,,,,,,,,,,,,,,,,,,,,,,,,,,,,,,,,,,,,,,,,,,,,,,,,,,,,,,,,,,,,,,,,,,,,,,,,,,,,,,,,,,,,,,,,,,,,,,,,,,,,,,,,,,,,,,,,,,,,,,,,,,,,,,,
,,,,,,,Hardware,General Hardware,Hardware Accessories,,S3795,S3795 7W Incan Med 27K,,,Satco,Satco Prod Inc (5573),Satco Prod Inc,Satco Prod Inc,,S3795,,Industrial & Commercial Supplies>Hardware>General Hardware,"Satco Prod Inc, Industrial Hardware, S3795",INDUSTRIAL HARDWARE S3795,"Satco Prod Inc, S3795, Industrial Hardware",Satco Prod Inc Industrial Hardware Model S3795. ,Industrial Hardware,,,,,,,,,,,,,,,,,,,,,,,,,,,Industrial Hardware,Size,,,Material,,,,,,,,,,,,,,,,,,,,,,,,,,,,,,,,,,,,,,,,,,,,,,,,,,,,,,,,,,,,,,,,,,,,,,,,,,,,,,,,,,,,,,,,,,,,,,,,,,,,,,,,,,,,,,,,,,,,,,,,,,,,,,,,,,,,,,,,,,,,,,,,,,,,,,,,,,,,,,,,,,,,,,,,,,,,,,,,,,,,,,,,,,,,,,,,,
,,,,,,,Hardware,General Hardware,Hardware Accessories,,S4726,S4726 7W Incan Cand 27K 4pk,,,Satco,Satco Prod Inc (5573),Satco Prod Inc,Satco Prod Inc,,S4726,,Industrial & Commercial Supplies>Hardware>General Hardware,"Satco Prod Inc, Industrial Hardware, S4726",INDUSTRIAL HARDWARE S4726,"Satco Prod Inc, S4726, Industrial Hardware",Satco Prod Inc Industrial Hardware Model S4726. ,Industrial Hardware,,,,,,,,,,,,,,,,,,,,,,,,,,,Industrial Hardware,Size,,,Material,,,,,,,,,,,,,,,,,,,,,,,,,,,,,,,,,,,,,,,,,,,,,,,,,,,,,,,,,,,,,,,,,,,,,,,,,,,,,,,,,,,,,,,,,,,,,,,,,,,,,,,,,,,,,,,,,,,,,,,,,,,,,,,,,,,,,,,,,,,,,,,,,,,,,,,,,,,,,,,,,,,,,,,,,,,,,,,,,,,,,,,,,,,,,,,,,
,,,,,,,Hardware,General Hardware,Hardware Accessories,,S11429,S11429 60W Led Bulb 27K,,,Satco,Satco Prod Inc (5573),Satco Prod Inc,Satco Prod Inc,,S11429,,Industrial & Commercial Supplies>Hardware>General Hardware,"Satco Prod Inc, Industrial Hardware, S11429",INDUSTRIAL HARDWARE S11429,"Satco Prod Inc, S11429, Industrial Hardware",Satco Prod Inc Industrial Hardware Model S11429. ,Industrial Hardware,,,,,,,,,,,,,,,,,,,,,,,,,,,Industrial Hardware,Size,,,Material,,,,,,,,,,,,,,,,,,,,,,,,,,,,,,,,,,,,,,,,,,,,,,,,,,,,,,,,,,,,,,,,,,,,,,,,,,,,,,,,,,,,,,,,,,,,,,,,,,,,,,,,,,,,,,,,,,,,,,,,,,,,,,,,,,,,,,,,,,,,,,,,,,,,,,,,,,,,,,,,,,,,,,,,,,,,,,,,,,,,,,,,,,,,,,,,,
,,,,,,,Hardware,General Hardware,Hardware Accessories,,S21354,S21354 8W Led T9 Med 27k,,,,Satco Prod Inc (5573),Satco Prod Inc,Satco Prod Inc,,S21354,,Industrial & Commercial Supplies>Hardware>General Hardware,"Satco Prod Inc, Industrial Hardware, S21354",INDUSTRIAL HARDWARE S21354,"Satco Prod Inc, S21354, Industrial Hardware",Satco Prod Inc Industrial Hardware Model S21354. ,Industrial Hardware,,,,,,,,,,,,,,,,,,,,,,,,,,,Industrial Hardware,Size,,,Material,,,,,,,,,,,,,,,,,,,,,,,,,,,,,,,,,,,,,,,,,,,,,,,,,,,,,,,,,,,,,,,,,,,,,,,,,,,,,,,,,,,,,,,,,,,,,,,,,,,,,,,,,,,,,,,,,,,,,,,,,,,,,,,,,,,,,,,,,,,,,,,,,,,,,,,,,,,,,,,,,,,,,,,,,,,,,,,,,,,,,,,,,,,,,,,,,
,,,,,,,Hardware,General Hardware,Hardware Accessories,,S21363,S21363 8W Led Edison ST19 27K,,,,Satco Prod Inc (5573),Satco Prod Inc,Satco Prod Inc,,S21363,,Industrial & Commercial Supplies>Hardware>General Hardware,"Satco Prod Inc, Industrial Hardware, S21363",INDUSTRIAL HARDWARE S21363,"Satco Prod Inc, S21363, Industrial Hardware",Satco Prod Inc Industrial Hardware Model S21363. ,Industrial Hardware,,,,,,,,,,,,,,,,,,,,,,,,,,,Industrial Hardware,Size,,,Material,,,,,,,,,,,,,,,,,,,,,,,,,,,,,,,,,,,,,,,,,,,,,,,,,,,,,,,,,,,,,,,,,,,,,,,,,,,,,,,,,,,,,,,,,,,,,,,,,,,,,,,,,,,,,,,,,,,,,,,,,,,,,,,,,,,,,,,,,,,,,,,,,,,,,,,,,,,,,,,,,,,,,,,,,,,,,,,,,,,,,,,,,,,,,,,,,
,,,,,,,Hardware,General Hardware,Hardware Accessories,,S11445,S11445 12W Led Med 30k Motion,,,,Satco Prod Inc (5573),Satco Prod Inc,Satco Prod Inc,,S11445,,Industrial & Commercial Supplies>Hardware>General Hardware,"Satco Prod Inc, Industrial Hardware, S11445",INDUSTRIAL HARDWARE S11445,"Satco Prod Inc, S11445, Industrial Hardware",Satco Prod Inc Industrial Hardware Model S11445. ,Industrial Hardware,,,,,,,,,,,,,,,,,,,,,,,,,,,Industrial Hardware,Size,,,Material,,,,,,,,,,,,,,,,,,,,,,,,,,,,,,,,,,,,,,,,,,,,,,,,,,,,,,,,,,,,,,,,,,,,,,,,,,,,,,,,,,,,,,,,,,,,,,,,,,,,,,,,,,,,,,,,,,,,,,,,,,,,,,,,,,,,,,,,,,,,,,,,,,,,,,,,,,,,,,,,,,,,,,,,,,,,,,,,,,,,,,,,,,,,,,,,,
,,,,,,,Hardware,General Hardware,Hardware Accessories,,567313,567313 50W Led MR16 30K 3pk,,,Philips,Phillips Lighting (5831),Phillips Lighting,Phillips Lighting,,567313,,Industrial & Commercial Supplies>Hardware>General Hardware,"Phillips Lighting, Industrial Hardware, 567313",INDUSTRIAL HARDWARE 567313,"Phillips Lighting, 567313, Industrial Hardware",Phillips Lighting Industrial Hardware Model 567313. ,Industrial Hardware,,,,,,,,,,,,,,,,,,,,,,,,,,,Industrial Hardware,Size,,,Material,,,,,,,,,,,,,,,,,,,,,,,,,,,,,,,,,,,,,,,,,,,,,,,,,,,,,,,,,,,,,,,,,,,,,,,,,,,,,,,,,,,,,,,,,,,,,,,,,,,,,,,,,,,,,,,,,,,,,,,,,,,,,,,,,,,,,,,,,,,,,,,,,,,,,,,,,,,,,,,,,,,,,,,,,,,,,,,,,,,,,,,,,,,,,,,,,
,,,,,,,Hardware,General Hardware,Hardware Accessories,,586875,586875 60W Led Multi CCT 4pk,,,Philips,Phillips Lighting (5831),Phillips Lighting,Phillips Lighting,,586875,,Industrial & Commercial Supplies>Hardware>General Hardware,"Phillips Lighting, Industrial Hardware, 586875",INDUSTRIAL HARDWARE 586875,"Phillips Lighting, 586875, Industrial Hardware",Phillips Lighting Industrial Hardware Model 586875. ,Industrial Hardware,,,,,,,,,,,,,,,,,,,,,,,,,,,Industrial Hardware,Size,,,Material,,,,,,,,,,,,,,,,,,,,,,,,,,,,,,,,,,,,,,,,,,,,,,,,,,,,,,,,,,,,,,,,,,,,,,,,,,,,,,,,,,,,,,,,,,,,,,,,,,,,,,,,,,,,,,,,,,,,,,,,,,,,,,,,,,,,,,,,,,,,,,,,,,,,,,,,,,,,,,,,,,,,,,,,,,,,,,,,,,,,,,,,,,,,,,,,,
,,,,,,,Hardware,General Hardware,Hardware Accessories,,576355,576355 60/100/150 Led Med 50k,,,Philips,Phillips Lighting (5831),Phillips Lighting,Phillips Lighting,,576355,,Industrial & Commercial Supplies>Hardware>General Hardware,"Phillips Lighting, Industrial Hardware, 576355",INDUSTRIAL HARDWARE 576355,"Phillips Lighting, 576355, Industrial Hardware",Phillips Lighting Industrial Hardware Model 576355. ,Industrial Hardware,,,,,,,,,,,,,,,,,,,,,,,,,,,Industrial Hardware,Size,,,Material,,,,,,,,,,,,,,,,,,,,,,,,,,,,,,,,,,,,,,,,,,,,,,,,,,,,,,,,,,,,,,,,,,,,,,,,,,,,,,,,,,,,,,,,,,,,,,,,,,,,,,,,,,,,,,,,,,,,,,,,,,,,,,,,,,,,,,,,,,,,,,,,,,,,,,,,,,,,,,,,,,,,,,,,,,,,,,,,,,,,,,,,,,,,,,,,,
,,,,,,,Hardware,General Hardware,Hardware Accessories,,576363,576363 100/150/200 Led Med 27k,,,Philips,Phillips Lighting (5831),Phillips Lighting,Phillips Lighting,,576363,,Industrial & Commercial Supplies>Hardware>General Hardware,"Phillips Lighting, Industrial Hardware, 576363",INDUSTRIAL HARDWARE 576363,"Phillips Lighting, 576363, Industrial Hardware",Phillips Lighting Industrial Hardware Model 576363. ,Industrial Hardware,,,,,,,,,,,,,,,,,,,,,,,,,,,Industrial Hardware,Size,,,Material,,,,,,,,,,,,,,,,,,,,,,,,,,,,,,,,,,,,,,,,,,,,,,,,,,,,,,,,,,,,,,,,,,,,,,,,,,,,,,,,,,,,,,,,,,,,,,,,,,,,,,,,,,,,,,,,,,,,,,,,,,,,,,,,,,,,,,,,,,,,,,,,,,,,,,,,,,,,,,,,,,,,,,,,,,,,,,,,,,,,,,,,,,,,,,,,,
,,,,,,,Hardware,General Hardware,Hardware Accessories,,565374,565374 75W Led A19 Med 27k 4pk,,,Philips,Phillips Lighting (5831),Phillips Lighting,Phillips Lighting,,565374,,Industrial & Commercial Supplies>Hardware>General Hardware,"Phillips Lighting, Industrial Hardware, 565374",INDUSTRIAL HARDWARE 565374,"Phillips Lighting, 565374, Industrial Hardware",Phillips Lighting Industrial Hardware Model 565374. ,Industrial Hardware,,,,,,,,,,,,,,,,,,,,,,,,,,,Industrial Hardware,Size,,,Material,,,,,,,,,,,,,,,,,,,,,,,,,,,,,,,,,,,,,,,,,,,,,,,,,,,,,,,,,,,,,,,,,,,,,,,,,,,,,,,,,,,,,,,,,,,,,,,,,,,,,,,,,,,,,,,,,,,,,,,,,,,,,,,,,,,,,,,,,,,,,,,,,,,,,,,,,,,,,,,,,,,,,,,,,,,,,,,,,,,,,,,,,,,,,,,,,
,,,,,,,Hardware,General Hardware,Hardware Accessories,,565390,565390 75W Led A19 Med 50k 4pk,,,Philips,Phillips Lighting (5831),Phillips Lighting,Phillips Lighting,,565390,,Industrial & Commercial Supplies>Hardware>General Hardware,"Phillips Lighting, Industrial Hardware, 565390",INDUSTRIAL HARDWARE 565390,"Phillips Lighting, 565390, Industrial Hardware",Phillips Lighting Industrial Hardware Model 565390. ,Industrial Hardware,,,,,,,,,,,,,,,,,,,,,,,,,,,Industrial Hardware,Size,,,Material,,,,,,,,,,,,,,,,,,,,,,,,,,,,,,,,,,,,,,,,,,,,,,,,,,,,,,,,,,,,,,,,,,,,,,,,,,,,,,,,,,,,,,,,,,,,,,,,,,,,,,,,,,,,,,,,,,,,,,,,,,,,,,,,,,,,,,,,,,,,,,,,,,,,,,,,,,,,,,,,,,,,,,,,,,,,,,,,,,,,,,,,,,,,,,,,,
,,,,,,,Hardware,General Hardware,Hardware Accessories,,576371,576371 100/150/200 Led Med 50k,,,Philips,Phillips Lighting (5831),Phillips Lighting,Phillips Lighting,,576371,,Industrial & Commercial Supplies>Hardware>General Hardware,"Phillips Lighting, Industrial Hardware, 576371",INDUSTRIAL HARDWARE 576371,"Phillips Lighting, 576371, Industrial Hardware",Phillips Lighting Industrial Hardware Model 576371. ,Industrial Hardware,,,,,,,,,,,,,,,,,,,,,,,,,,,Industrial Hardware,Size,,,Material,,,,,,,,,,,,,,,,,,,,,,,,,,,,,,,,,,,,,,,,,,,,,,,,,,,,,,,,,,,,,,,,,,,,,,,,,,,,,,,,,,,,,,,,,,,,,,,,,,,,,,,,,,,,,,,,,,,,,,,,,,,,,,,,,,,,,,,,,,,,,,,,,,,,,,,,,,,,,,,,,,,,,,,,,,,,,,,,,,,,,,,,,,,,,,,,,
,,,,,,,Hardware,General Hardware,Hardware Accessories,,576496,576496 45W Led R20 Med 27k,,,Philips,Phillips Lighting (5831),Phillips Lighting,Phillips Lighting,,576496,,Industrial & Commercial Supplies>Hardware>General Hardware,"Phillips Lighting, Industrial Hardware, 576496",INDUSTRIAL HARDWARE 576496,"Phillips Lighting, 576496, Industrial Hardware",Phillips Lighting Industrial Hardware Model 576496. ,Industrial Hardware,,,,,,,,,,,,,,,,,,,,,,,,,,,Industrial Hardware,Size,,,Material,,,,,,,,,,,,,,,,,,,,,,,,,,,,,,,,,,,,,,,,,,,,,,,,,,,,,,,,,,,,,,,,,,,,,,,,,,,,,,,,,,,,,,,,,,,,,,,,,,,,,,,,,,,,,,,,,,,,,,,,,,,,,,,,,,,,,,,,,,,,,,,,,,,,,,,,,,,,,,,,,,,,,,,,,,,,,,,,,,,,,,,,,,,,,,,,,
,,,,,,,Hardware,General Hardware,Hardware Accessories,,564856,564856 40W Led ST19 27k 2pk,,,Philips,Phillips Lighting (5831),Phillips Lighting,Phillips Lighting,,564856,,Industrial & Commercial Supplies>Hardware>General Hardware,"Phillips Lighting, Industrial Hardware, 564856",INDUSTRIAL HARDWARE 564856,"Phillips Lighting, 564856, Industrial Hardware",Phillips Lighting Industrial Hardware Model 564856. ,Industrial Hardware,,,,,,,,,,,,,,,,,,,,,,,,,,,Industrial Hardware,Size,,,Material,,,,,,,,,,,,,,,,,,,,,,,,,,,,,,,,,,,,,,,,,,,,,,,,,,,,,,,,,,,,,,,,,,,,,,,,,,,,,,,,,,,,,,,,,,,,,,,,,,,,,,,,,,,,,,,,,,,,,,,,,,,,,,,,,,,,,,,,,,,,,,,,,,,,,,,,,,,,,,,,,,,,,,,,,,,,,,,,,,,,,,,,,,,,,,,,,
,,,,,,,Hardware,General Hardware,Hardware Accessories,,565796,565796 60W Led A19 Med 20k,,,Philips,Phillips Lighting (5831),Phillips Lighting,Phillips Lighting,,565796,,Industrial & Commercial Supplies>Hardware>General Hardware,"Phillips Lighting, Industrial Hardware, 565796",INDUSTRIAL HARDWARE 565796,"Phillips Lighting, 565796, Industrial Hardware",Phillips Lighting Industrial Hardware Model 565796. ,Industrial Hardware,,,,,,,,,,,,,,,,,,,,,,,,,,,Industrial Hardware,Size,,,Material,,,,,,,,,,,,,,,,,,,,,,,,,,,,,,,,,,,,,,,,,,,,,,,,,,,,,,,,,,,,,,,,,,,,,,,,,,,,,,,,,,,,,,,,,,,,,,,,,,,,,,,,,,,,,,,,,,,,,,,,,,,,,,,,,,,,,,,,,,,,,,,,,,,,,,,,,,,,,,,,,,,,,,,,,,,,,,,,,,,,,,,,,,,,,,,,,
,,,,,,,Hardware,General Hardware,Hardware Accessories,,576389,576389 100/200/300 Led Med 27k,,,Philips,Phillips Lighting (5831),Phillips Lighting,Phillips Lighting,,576389,,Industrial & Commercial Supplies>Hardware>General Hardware,"Phillips Lighting, Industrial Hardware, 576389",INDUSTRIAL HARDWARE 576389,"Phillips Lighting, 576389, Industrial Hardware",Phillips Lighting Industrial Hardware Model 576389. ,Industrial Hardware,,,,,,,,,,,,,,,,,,,,,,,,,,,Industrial Hardware,Size,,,Material,,,,,,,,,,,,,,,,,,,,,,,,,,,,,,,,,,,,,,,,,,,,,,,,,,,,,,,,,,,,,,,,,,,,,,,,,,,,,,,,,,,,,,,,,,,,,,,,,,,,,,,,,,,,,,,,,,,,,,,,,,,,,,,,,,,,,,,,,,,,,,,,,,,,,,,,,,,,,,,,,,,,,,,,,,,,,,,,,,,,,,,,,,,,,,,,,
,,,,,,,Hardware,General Hardware,Hardware Accessories,,564492,564492 75W Adj Base 27k 3pk,,,Philips,Phillips Lighting (5831),Phillips Lighting,Phillips Lighting,,564492,,Industrial & Commercial Supplies>Hardware>General Hardware,"Phillips Lighting, Industrial Hardware, 564492",INDUSTRIAL HARDWARE 564492,"Phillips Lighting, 564492, Industrial Hardware",Phillips Lighting Industrial Hardware Model 564492. ,Industrial Hardware,,,,,,,,,,,,,,,,,,,,,,,,,,,Industrial Hardware,Size,,,Material,,,,,,,,,,,,,,,,,,,,,,,,,,,,,,,,,,,,,,,,,,,,,,,,,,,,,,,,,,,,,,,,,,,,,,,,,,,,,,,,,,,,,,,,,,,,,,,,,,,,,,,,,,,,,,,,,,,,,,,,,,,,,,,,,,,,,,,,,,,,,,,,,,,,,,,,,,,,,,,,,,,,,,,,,,,,,,,,,,,,,,,,,,,,,,,,,
,,,,,,,Hardware,General Hardware,Hardware Accessories,,603449,603449 Wiz 60W Led Med Clr Ch,,,Wiz,Phillips Lighting (5831),Phillips Lighting,Phillips Lighting,,603449,,Industrial & Commercial Supplies>Hardware>General Hardware,"Phillips Lighting, Industrial Hardware, 603449",INDUSTRIAL HARDWARE 603449,"Phillips Lighting, 603449, Industrial Hardware",Phillips Lighting Industrial Hardware Model 603449. ,Industrial Hardware,,,,,,,,,,,,,,,,,,,,,,,,,,,Industrial Hardware,Size,,,Material,,,,,,,,,,,,,,,,,,,,,,,,,,,,,,,,,,,,,,,,,,,,,,,,,,,,,,,,,,,,,,,,,,,,,,,,,,,,,,,,,,,,,,,,,,,,,,,,,,,,,,,,,,,,,,,,,,,,,,,,,,,,,,,,,,,,,,,,,,,,,,,,,,,,,,,,,,,,,,,,,,,,,,,,,,,,,,,,,,,,,,,,,,,,,,,,,
,,,,,,,Hardware,General Hardware,Hardware Accessories,,586909,586909 Led 60W Med A19 27K,,,Philips,Phillips Lighting (5831),Phillips Lighting,Phillips Lighting,,586909,,Industrial & Commercial Supplies>Hardware>General Hardware,"Phillips Lighting, Industrial Hardware, 586909",INDUSTRIAL HARDWARE 586909,"Phillips Lighting, 586909, Industrial Hardware",Phillips Lighting Industrial Hardware Model 586909. ,Industrial Hardware,,,,,,,,,,,,,,,,,,,,,,,,,,,Industrial Hardware,Size,,,Material,,,,,,,,,,,,,,,,,,,,,,,,,,,,,,,,,,,,,,,,,,,,,,,,,,,,,,,,,,,,,,,,,,,,,,,,,,,,,,,,,,,,,,,,,,,,,,,,,,,,,,,,,,,,,,,,,,,,,,,,,,,,,,,,,,,,,,,,,,,,,,,,,,,,,,,,,,,,,,,,,,,,,,,,,,,,,,,,,,,,,,,,,,,,,,,,,
,,,,,,,Hardware,General Hardware,Hardware Accessories,,566364,566364 75W Led ST19 27k 4pk,,,Philips,Phillips Lighting (5831),Phillips Lighting,Phillips Lighting,,566364,,Industrial & Commercial Supplies>Hardware>General Hardware,"Phillips Lighting, Industrial Hardware, 566364",INDUSTRIAL HARDWARE 566364,"Phillips Lighting, 566364, Industrial Hardware",Phillips Lighting Industrial Hardware Model 566364. ,Industrial Hardware,,,,,,,,,,,,,,,,,,,,,,,,,,,Industrial Hardware,Size,,,Material,,,,,,,,,,,,,,,,,,,,,,,,,,,,,,,,,,,,,,,,,,,,,,,,,,,,,,,,,,,,,,,,,,,,,,,,,,,,,,,,,,,,,,,,,,,,,,,,,,,,,,,,,,,,,,,,,,,,,,,,,,,,,,,,,,,,,,,,,,,,,,,,,,,,,,,,,,,,,,,,,,,,,,,,,,,,,,,,,,,,,,,,,,,,,,,,,
,,,,,,,Hardware,General Hardware,Hardware Accessories,,576397,576394 100/200/300 Led A23 50k,,,Philips,Phillips Lighting (5831),Phillips Lighting,Phillips Lighting,,576397,,Industrial & Commercial Supplies>Hardware>General Hardware,"Phillips Lighting, Industrial Hardware, 576397",INDUSTRIAL HARDWARE 576397,"Phillips Lighting, 576397, Industrial Hardware",Phillips Lighting Industrial Hardware Model 576397. ,Industrial Hardware,,,,,,,,,,,,,,,,,,,,,,,,,,,Industrial Hardware,Size,,,Material,,,,,,,,,,,,,,,,,,,,,,,,,,,,,,,,,,,,,,,,,,,,,,,,,,,,,,,,,,,,,,,,,,,,,,,,,,,,,,,,,,,,,,,,,,,,,,,,,,,,,,,,,,,,,,,,,,,,,,,,,,,,,,,,,,,,,,,,,,,,,,,,,,,,,,,,,,,,,,,,,,,,,,,,,,,,,,,,,,,,,,,,,,,,,,,,,
,,,,,,,Hardware,General Hardware,Hardware Accessories,,571497,571497 150W Led Med 27k,,,Philips,Phillips Lighting (5831),Phillips Lighting,Phillips Lighting,,571497,,Industrial & Commercial Supplies>Hardware>General Hardware,"Phillips Lighting, Industrial Hardware, 571497",INDUSTRIAL HARDWARE 571497,"Phillips Lighting, 571497, Industrial Hardware",Phillips Lighting Industrial Hardware Model 571497. ,Industrial Hardware,,,,,,,,,,,,,,,,,,,,,,,,,,,Industrial Hardware,Size,,,Material,,,,,,,,,,,,,,,,,,,,,,,,,,,,,,,,,,,,,,,,,,,,,,,,,,,,,,,,,,,,,,,,,,,,,,,,,,,,,,,,,,,,,,,,,,,,,,,,,,,,,,,,,,,,,,,,,,,,,,,,,,,,,,,,,,,,,,,,,,,,,,,,,,,,,,,,,,,,,,,,,,,,,,,,,,,,,,,,,,,,,,,,,,,,,,,,,
,,,,,,,Hardware,General Hardware,Hardware Accessories,,576306,576306 40W Led A19 5CCT 4pk,,,Philips,Phillips Lighting (5831),Phillips Lighting,Phillips Lighting,,576306,,Industrial & Commercial Supplies>Hardware>General Hardware,"Phillips Lighting, Industrial Hardware, 576306",INDUSTRIAL HARDWARE 576306,"Phillips Lighting, 576306, Industrial Hardware",Phillips Lighting Industrial Hardware Model 576306. ,Industrial Hardware,,,,,,,,,,,,,,,,,,,,,,,,,,,Industrial Hardware,Size,,,Material,,,,,,,,,,,,,,,,,,,,,,,,,,,,,,,,,,,,,,,,,,,,,,,,,,,,,,,,,,,,,,,,,,,,,,,,,,,,,,,,,,,,,,,,,,,,,,,,,,,,,,,,,,,,,,,,,,,,,,,,,,,,,,,,,,,,,,,,,,,,,,,,,,,,,,,,,,,,,,,,,,,,,,,,,,,,,,,,,,,,,,,,,,,,,,,,,
,,,,,,,Hardware,General Hardware,Hardware Accessories,,588533,588533 40W Led Cand 3pk,,,Philips,Phillips Lighting (5831),Phillips Lighting,Phillips Lighting,,588533,,Industrial & Commercial Supplies>Hardware>General Hardware,"Phillips Lighting, Industrial Hardware, 588533",INDUSTRIAL HARDWARE 588533,"Phillips Lighting, 588533, Industrial Hardware",Phillips Lighting Industrial Hardware Model 588533. ,Industrial Hardware,,,,,,,,,,,,,,,,,,,,,,,,,,,Industrial Hardware,Size,,,Material,,,,,,,,,,,,,,,,,,,,,,,,,,,,,,,,,,,,,,,,,,,,,,,,,,,,,,,,,,,,,,,,,,,,,,,,,,,,,,,,,,,,,,,,,,,,,,,,,,,,,,,,,,,,,,,,,,,,,,,,,,,,,,,,,,,,,,,,,,,,,,,,,,,,,,,,,,,,,,,,,,,,,,,,,,,,,,,,,,,,,,,,,,,,,,,,,
,,,,,,,Hardware,General Hardware,Hardware Accessories,,576520,576520 65W Led Med 27k,,,Philips,Phillips Lighting (5831),Phillips Lighting,Phillips Lighting,,576520,,Industrial & Commercial Supplies>Hardware>General Hardware,"Phillips Lighting, Industrial Hardware, 576520",INDUSTRIAL HARDWARE 576520,"Phillips Lighting, 576520, Industrial Hardware",Phillips Lighting Industrial Hardware Model 576520. ,Industrial Hardware,,,,,,,,,,,,,,,,,,,,,,,,,,,Industrial Hardware,Size,,,Material,,,,,,,,,,,,,,,,,,,,,,,,,,,,,,,,,,,,,,,,,,,,,,,,,,,,,,,,,,,,,,,,,,,,,,,,,,,,,,,,,,,,,,,,,,,,,,,,,,,,,,,,,,,,,,,,,,,,,,,,,,,,,,,,,,,,,,,,,,,,,,,,,,,,,,,,,,,,,,,,,,,,,,,,,,,,,,,,,,,,,,,,,,,,,,,,,
,,,,,,,Hardware,General Hardware,Hardware Accessories,,574004,574004 75W Led ST19 27k 2pk,,,Philips,Phillips Lighting (5831),Phillips Lighting,Phillips Lighting,,574004,,Industrial & Commercial Supplies>Hardware>General Hardware,"Phillips Lighting, Industrial Hardware, 574004",INDUSTRIAL HARDWARE 574004,"Phillips Lighting, 574004, Industrial Hardware",Phillips Lighting Industrial Hardware Model 574004. ,Industrial Hardware,,,,,,,,,,,,,,,,,,,,,,,,,,,Industrial Hardware,Size,,,Material,,,,,,,,,,,,,,,,,,,,,,,,,,,,,,,,,,,,,,,,,,,,,,,,,,,,,,,,,,,,,,,,,,,,,,,,,,,,,,,,,,,,,,,,,,,,,,,,,,,,,,,,,,,,,,,,,,,,,,,,,,,,,,,,,,,,,,,,,,,,,,,,,,,,,,,,,,,,,,,,,,,,,,,,,,,,,,,,,,,,,,,,,,,,,,,,,
,,,,,,,Hardware,General Hardware,Hardware Accessories,,574012,574012 75W Led ST19 50k 2pk,,,Philips,Phillips Lighting (5831),Phillips Lighting,Phillips Lighting,,574012,,Industrial & Commercial Supplies>Hardware>General Hardware,"Phillips Lighting, Industrial Hardware, 574012",INDUSTRIAL HARDWARE 574012,"Phillips Lighting, 574012, Industrial Hardware",Phillips Lighting Industrial Hardware Model 574012. ,Industrial Hardware,,,,,,,,,,,,,,,,,,,,,,,,,,,Industrial Hardware,Size,,,Material,,,,,,,,,,,,,,,,,,,,,,,,,,,,,,,,,,,,,,,,,,,,,,,,,,,,,,,,,,,,,,,,,,,,,,,,,,,,,,,,,,,,,,,,,,,,,,,,,,,,,,,,,,,,,,,,,,,,,,,,,,,,,,,,,,,,,,,,,,,,,,,,,,,,,,,,,,,,,,,,,,,,,,,,,,,,,,,,,,,,,,,,,,,,,,,,,
,,,,,,,Hardware,General Hardware,Hardware Accessories,,573971,573971 75W Led ST19 20k 4pk,,,Philips,Phillips Lighting (5831),Phillips Lighting,Phillips Lighting,,573971,,Industrial & Commercial Supplies>Hardware>General Hardware,"Phillips Lighting, Industrial Hardware, 573971",INDUSTRIAL HARDWARE 573971,"Phillips Lighting, 573971, Industrial Hardware",Phillips Lighting Industrial Hardware Model 573971. ,Industrial Hardware,,,,,,,,,,,,,,,,,,,,,,,,,,,Industrial Hardware,Size,,,Material,,,,,,,,,,,,,,,,,,,,,,,,,,,,,,,,,,,,,,,,,,,,,,,,,,,,,,,,,,,,,,,,,,,,,,,,,,,,,,,,,,,,,,,,,,,,,,,,,,,,,,,,,,,,,,,,,,,,,,,,,,,,,,,,,,,,,,,,,,,,,,,,,,,,,,,,,,,,,,,,,,,,,,,,,,,,,,,,,,,,,,,,,,,,,,,,,
,,,,,,,Hardware,General Hardware,Hardware Accessories,,573989,573989 40W Led Med 27K 4pk,,,Philips,Phillips Lighting (5831),Phillips Lighting,Phillips Lighting,,573989,,Industrial & Commercial Supplies>Hardware>General Hardware,"Phillips Lighting, Industrial Hardware, 573989",INDUSTRIAL HARDWARE 573989,"Phillips Lighting, 573989, Industrial Hardware",Phillips Lighting Industrial Hardware Model 573989. ,Industrial Hardware,,,,,,,,,,,,,,,,,,,,,,,,,,,Industrial Hardware,Size,,,Material,,,,,,,,,,,,,,,,,,,,,,,,,,,,,,,,,,,,,,,,,,,,,,,,,,,,,,,,,,,,,,,,,,,,,,,,,,,,,,,,,,,,,,,,,,,,,,,,,,,,,,,,,,,,,,,,,,,,,,,,,,,,,,,,,,,,,,,,,,,,,,,,,,,,,,,,,,,,,,,,,,,,,,,,,,,,,,,,,,,,,,,,,,,,,,,,,
,,,,,,,Hardware,General Hardware,Hardware Accessories,,576769,576769 65W Led BR30 Med 27k,,,Philips,Phillips Lighting (5831),Phillips Lighting,Phillips Lighting,,576769,,Industrial & Commercial Supplies>Hardware>General Hardware,"Phillips Lighting, Industrial Hardware, 576769",INDUSTRIAL HARDWARE 576769,"Phillips Lighting, 576769, Industrial Hardware",Phillips Lighting Industrial Hardware Model 576769. ,Industrial Hardware,,,,,,,,,,,,,,,,,,,,,,,,,,,Industrial Hardware,Size,,,Material,,,,,,,,,,,,,,,,,,,,,,,,,,,,,,,,,,,,,,,,,,,,,,,,,,,,,,,,,,,,,,,,,,,,,,,,,,,,,,,,,,,,,,,,,,,,,,,,,,,,,,,,,,,,,,,,,,,,,,,,,,,,,,,,,,,,,,,,,,,,,,,,,,,,,,,,,,,,,,,,,,,,,,,,,,,,,,,,,,,,,,,,,,,,,,,,,
,,,,,,,Hardware,General Hardware,Hardware Accessories,,567446,567446 60W Led Med 50K 3pk,,,Philips,Phillips Lighting (5831),Phillips Lighting,Phillips Lighting,,567446,,Industrial & Commercial Supplies>Hardware>General Hardware,"Phillips Lighting, Industrial Hardware, 567446",INDUSTRIAL HARDWARE 567446,"Phillips Lighting, 567446, Industrial Hardware",Phillips Lighting Industrial Hardware Model 567446. ,Industrial Hardware,,,,,,,,,,,,,,,,,,,,,,,,,,,Industrial Hardware,Size,,,Material,,,,,,,,,,,,,,,,,,,,,,,,,,,,,,,,,,,,,,,,,,,,,,,,,,,,,,,,,,,,,,,,,,,,,,,,,,,,,,,,,,,,,,,,,,,,,,,,,,,,,,,,,,,,,,,,,,,,,,,,,,,,,,,,,,,,,,,,,,,,,,,,,,,,,,,,,,,,,,,,,,,,,,,,,,,,,,,,,,,,,,,,,,,,,,,,,
,,,,,,,Hardware,General Hardware,Hardware Accessories,,573997,573997 40W Led Med 50k 4pk,,,Philips,Phillips Lighting (5831),Phillips Lighting,Phillips Lighting,,573997,,Industrial & Commercial Supplies>Hardware>General Hardware,"Phillips Lighting, Industrial Hardware, 573997",INDUSTRIAL HARDWARE 573997,"Phillips Lighting, 573997, Industrial Hardware",Phillips Lighting Industrial Hardware Model 573997. ,Industrial Hardware,,,,,,,,,,,,,,,,,,,,,,,,,,,Industrial Hardware,Size,,,Material,,,,,,,,,,,,,,,,,,,,,,,,,,,,,,,,,,,,,,,,,,,,,,,,,,,,,,,,,,,,,,,,,,,,,,,,,,,,,,,,,,,,,,,,,,,,,,,,,,,,,,,,,,,,,,,,,,,,,,,,,,,,,,,,,,,,,,,,,,,,,,,,,,,,,,,,,,,,,,,,,,,,,,,,,,,,,,,,,,,,,,,,,,,,,,,,,
,,,,,,,Hardware,General Hardware,Hardware Accessories,,571463,571463 100W Led BR30 Med 50k,,,Philips,Phillips Lighting (5831),Phillips Lighting,Phillips Lighting,,571463,,Industrial & Commercial Supplies>Hardware>General Hardware,"Phillips Lighting, Industrial Hardware, 571463",INDUSTRIAL HARDWARE 571463,"Phillips Lighting, 571463, Industrial Hardware",Phillips Lighting Industrial Hardware Model 571463. ,Industrial Hardware,,,,,,,,,,,,,,,,,,,,,,,,,,,Industrial Hardware,Size,,,Material,,,,,,,,,,,,,,,,,,,,,,,,,,,,,,,,,,,,,,,,,,,,,,,,,,,,,,,,,,,,,,,,,,,,,,,,,,,,,,,,,,,,,,,,,,,,,,,,,,,,,,,,,,,,,,,,,,,,,,,,,,,,,,,,,,,,,,,,,,,,,,,,,,,,,,,,,,,,,,,,,,,,,,,,,,,,,,,,,,,,,,,,,,,,,,,,,
,,,,,,,Hardware,General Hardware,Hardware Accessories,,576512,576512 65W Led BR40 Med 27k,,,Philips,Phillips Lighting (5831),Phillips Lighting,Phillips Lighting,,576512,,Industrial & Commercial Supplies>Hardware>General Hardware,"Phillips Lighting, Industrial Hardware, 576512",INDUSTRIAL HARDWARE 576512,"Phillips Lighting, 576512, Industrial Hardware",Phillips Lighting Industrial Hardware Model 576512. ,Industrial Hardware,,,,,,,,,,,,,,,,,,,,,,,,,,,Industrial Hardware,Size,,,Material,,,,,,,,,,,,,,,,,,,,,,,,,,,,,,,,,,,,,,,,,,,,,,,,,,,,,,,,,,,,,,,,,,,,,,,,,,,,,,,,,,,,,,,,,,,,,,,,,,,,,,,,,,,,,,,,,,,,,,,,,,,,,,,,,,,,,,,,,,,,,,,,,,,,,,,,,,,,,,,,,,,,,,,,,,,,,,,,,,,,,,,,,,,,,,,,,
,,,,,,,Hardware,General Hardware,Hardware Accessories,,581181,581181 40W Led Med 2pk,,,Philips,Phillips Lighting (5831),Phillips Lighting,Phillips Lighting,,581181,,Industrial & Commercial Supplies>Hardware>General Hardware,"Phillips Lighting, Industrial Hardware, 581181",INDUSTRIAL HARDWARE 581181,"Phillips Lighting, 581181, Industrial Hardware",Phillips Lighting Industrial Hardware Model 581181. ,Industrial Hardware,,,,,,,,,,,,,,,,,,,,,,,,,,,Industrial Hardware,Size,,,Material,,,,,,,,,,,,,,,,,,,,,,,,,,,,,,,,,,,,,,,,,,,,,,,,,,,,,,,,,,,,,,,,,,,,,,,,,,,,,,,,,,,,,,,,,,,,,,,,,,,,,,,,,,,,,,,,,,,,,,,,,,,,,,,,,,,,,,,,,,,,,,,,,,,,,,,,,,,,,,,,,,,,,,,,,,,,,,,,,,,,,,,,,,,,,,,,,
,,,,,,,Hardware,General Hardware,Hardware Accessories,,GT-CB-100C,GTCB100C Led 100W Cob Bulb,,,GT-Lite,Keystone (5702),Keystone,Keystone,,GT-CB-100C,,Industrial & Commercial Supplies>Hardware>General Hardware,"Keystone, Industrial Hardware, GT-CB-100C",INDUSTRIAL HARDWARE GT-CB-100C,"Keystone, GT-CB-100C, Industrial Hardware",Keystone Industrial Hardware Model GT-CB-100C. ,Industrial Hardware,,,,,,,,,,,,,,,,,,,,,,,,,,,Industrial Hardware,Size,,,Material,,,,,,,,,,,,,,,,,,,,,,,,,,,,,,,,,,,,,,,,,,,,,,,,,,,,,,,,,,,,,,,,,,,,,,,,,,,,,,,,,,,,,,,,,,,,,,,,,,,,,,,,,,,,,,,,,,,,,,,,,,,,,,,,,,,,,,,,,,,,,,,,,,,,,,,,,,,,,,,,,,,,,,,,,,,,,,,,,,,,,,,,,,,,,,,,,
,,,,,,,Hardware,General Hardware,Hardware Accessories,,566430,566430 75W Led Med 50k 4pk,,,Philips,Phillips Lighting (5831),Phillips Lighting,Phillips Lighting,,566430,,Industrial & Commercial Supplies>Hardware>General Hardware,"Phillips Lighting, Industrial Hardware, 566430",INDUSTRIAL HARDWARE 566430,"Phillips Lighting, 566430, Industrial Hardware",Phillips Lighting Industrial Hardware Model 566430. ,Industrial Hardware,,,,,,,,,,,,,,,,,,,,,,,,,,,Industrial Hardware,Size,,,Material,,,,,,,,,,,,,,,,,,,,,,,,,,,,,,,,,,,,,,,,,,,,,,,,,,,,,,,,,,,,,,,,,,,,,,,,,,,,,,,,,,,,,,,,,,,,,,,,,,,,,,,,,,,,,,,,,,,,,,,,,,,,,,,,,,,,,,,,,,,,,,,,,,,,,,,,,,,,,,,,,,,,,,,,,,,,,,,,,,,,,,,,,,,,,,,,,
,,,,,,,Hardware,General Hardware,Hardware Accessories,,568337,568337 120W Led Par38 Med 50k,,,Philips,Phillips Lighting (5831),Phillips Lighting,Phillips Lighting,,568337,,Industrial & Commercial Supplies>Hardware>General Hardware,"Phillips Lighting, Industrial Hardware, 568337",INDUSTRIAL HARDWARE 568337,"Phillips Lighting, 568337, Industrial Hardware",Phillips Lighting Industrial Hardware Model 568337. ,Industrial Hardware,,,,,,,,,,,,,,,,,,,,,,,,,,,Industrial Hardware,Size,,,Material,,,,,,,,,,,,,,,,,,,,,,,,,,,,,,,,,,,,,,,,,,,,,,,,,,,,,,,,,,,,,,,,,,,,,,,,,,,,,,,,,,,,,,,,,,,,,,,,,,,,,,,,,,,,,,,,,,,,,,,,,,,,,,,,,,,,,,,,,,,,,,,,,,,,,,,,,,,,,,,,,,,,,,,,,,,,,,,,,,,,,,,,,,,,,,,,,
,,,,,,,Hardware,General Hardware,Hardware Accessories,,565788,565788 40W Led A19 Med 27k,,,Philips,Phillips Lighting (5831),Phillips Lighting,Phillips Lighting,,565788,,Industrial & Commercial Supplies>Hardware>General Hardware,"Phillips Lighting, Industrial Hardware, 565788",INDUSTRIAL HARDWARE 565788,"Phillips Lighting, 565788, Industrial Hardware",Phillips Lighting Industrial Hardware Model 565788. ,Industrial Hardware,,,,,,,,,,,,,,,,,,,,,,,,,,,Industrial Hardware,Size,,,Material,,,,,,,,,,,,,,,,,,,,,,,,,,,,,,,,,,,,,,,,,,,,,,,,,,,,,,,,,,,,,,,,,,,,,,,,,,,,,,,,,,,,,,,,,,,,,,,,,,,,,,,,,,,,,,,,,,,,,,,,,,,,,,,,,,,,,,,,,,,,,,,,,,,,,,,,,,,,,,,,,,,,,,,,,,,,,,,,,,,,,,,,,,,,,,,,,
,,,,,,,Hardware,General Hardware,Hardware Accessories,,565770,565770 40W Led A19 Med 50k,,,Philips,Phillips Lighting (5831),Phillips Lighting,Phillips Lighting,,565770,,Industrial & Commercial Supplies>Hardware>General Hardware,"Phillips Lighting, Industrial Hardware, 565770",INDUSTRIAL HARDWARE 565770,"Phillips Lighting, 565770, Industrial Hardware",Phillips Lighting Industrial Hardware Model 565770. ,Industrial Hardware,,,,,,,,,,,,,,,,,,,,,,,,,,,Industrial Hardware,Size,,,Material,,,,,,,,,,,,,,,,,,,,,,,,,,,,,,,,,,,,,,,,,,,,,,,,,,,,,,,,,,,,,,,,,,,,,,,,,,,,,,,,,,,,,,,,,,,,,,,,,,,,,,,,,,,,,,,,,,,,,,,,,,,,,,,,,,,,,,,,,,,,,,,,,,,,,,,,,,,,,,,,,,,,,,,,,,,,,,,,,,,,,,,,,,,,,,,,,
,,,,,,,Hardware,General Hardware,Hardware Accessories,,573436,573436 60W Led A19 Med 27k 2pk,,,Philips,Phillips Lighting (5831),Phillips Lighting,Phillips Lighting,,573436,,Industrial & Commercial Supplies>Hardware>General Hardware,"Phillips Lighting, Industrial Hardware, 573436",INDUSTRIAL HARDWARE 573436,"Phillips Lighting, 573436, Industrial Hardware",Phillips Lighting Industrial Hardware Model 573436. ,Industrial Hardware,,,,,,,,,,,,,,,,,,,,,,,,,,,Industrial Hardware,Size,,,Material,,,,,,,,,,,,,,,,,,,,,,,,,,,,,,,,,,,,,,,,,,,,,,,,,,,,,,,,,,,,,,,,,,,,,,,,,,,,,,,,,,,,,,,,,,,,,,,,,,,,,,,,,,,,,,,,,,,,,,,,,,,,,,,,,,,,,,,,,,,,,,,,,,,,,,,,,,,,,,,,,,,,,,,,,,,,,,,,,,,,,,,,,,,,,,,,,
,,,,,,,Hardware,General Hardware,Hardware Accessories,,576538,576538 65W Led BR30 Med 50k,,,Philips,Phillips Lighting (5831),Phillips Lighting,Phillips Lighting,,576538,,Industrial & Commercial Supplies>Hardware>General Hardware,"Phillips Lighting, Industrial Hardware, 576538",INDUSTRIAL HARDWARE 576538,"Phillips Lighting, 576538, Industrial Hardware",Phillips Lighting Industrial Hardware Model 576538. ,Industrial Hardware,,,,,,,,,,,,,,,,,,,,,,,,,,,Industrial Hardware,Size,,,Material,,,,,,,,,,,,,,,,,,,,,,,,,,,,,,,,,,,,,,,,,,,,,,,,,,,,,,,,,,,,,,,,,,,,,,,,,,,,,,,,,,,,,,,,,,,,,,,,,,,,,,,,,,,,,,,,,,,,,,,,,,,,,,,,,,,,,,,,,,,,,,,,,,,,,,,,,,,,,,,,,,,,,,,,,,,,,,,,,,,,,,,,,,,,,,,,,
,,,,,,,Hardware,General Hardware,Hardware Accessories,,573451,573451 40W Led Med 27k 2pk,,,Philips,Phillips Lighting (5831),Phillips Lighting,Phillips Lighting,,573451,,Industrial & Commercial Supplies>Hardware>General Hardware,"Phillips Lighting, Industrial Hardware, 573451",INDUSTRIAL HARDWARE 573451,"Phillips Lighting, 573451, Industrial Hardware",Phillips Lighting Industrial Hardware Model 573451. ,Industrial Hardware,,,,,,,,,,,,,,,,,,,,,,,,,,,Industrial Hardware,Size,,,Material,,,,,,,,,,,,,,,,,,,,,,,,,,,,,,,,,,,,,,,,,,,,,,,,,,,,,,,,,,,,,,,,,,,,,,,,,,,,,,,,,,,,,,,,,,,,,,,,,,,,,,,,,,,,,,,,,,,,,,,,,,,,,,,,,,,,,,,,,,,,,,,,,,,,,,,,,,,,,,,,,,,,,,,,,,,,,,,,,,,,,,,,,,,,,,,,,
,,,,,,,Hardware,General Hardware,Hardware Accessories,,586883,586883 100W Led Multi CCT 2pk,,,Philips,Phillips Lighting (5831),Phillips Lighting,Phillips Lighting,,586883,,Industrial & Commercial Supplies>Hardware>General Hardware,"Phillips Lighting, Industrial Hardware, 586883",INDUSTRIAL HARDWARE 586883,"Phillips Lighting, 586883, Industrial Hardware",Phillips Lighting Industrial Hardware Model 586883. ,Industrial Hardware,,,,,,,,,,,,,,,,,,,,,,,,,,,Industrial Hardware,Size,,,Material,,,,,,,,,,,,,,,,,,,,,,,,,,,,,,,,,,,,,,,,,,,,,,,,,,,,,,,,,,,,,,,,,,,,,,,,,,,,,,,,,,,,,,,,,,,,,,,,,,,,,,,,,,,,,,,,,,,,,,,,,,,,,,,,,,,,,,,,,,,,,,,,,,,,,,,,,,,,,,,,,,,,,,,,,,,,,,,,,,,,,,,,,,,,,,,,,
,,,,,,,Hardware,General Hardware,Hardware Accessories,,586859,586859 40W Led Med 27K Back Up,,,Philips,Phillips Lighting (5831),Phillips Lighting,Phillips Lighting,,586859,,Industrial & Commercial Supplies>Hardware>General Hardware,"Phillips Lighting, Industrial Hardware, 586859",INDUSTRIAL HARDWARE 586859,"Phillips Lighting, 586859, Industrial Hardware",Phillips Lighting Industrial Hardware Model 586859. ,Industrial Hardware,,,,,,,,,,,,,,,,,,,,,,,,,,,Industrial Hardware,Size,,,Material,,,,,,,,,,,,,,,,,,,,,,,,,,,,,,,,,,,,,,,,,,,,,,,,,,,,,,,,,,,,,,,,,,,,,,,,,,,,,,,,,,,,,,,,,,,,,,,,,,,,,,,,,,,,,,,,,,,,,,,,,,,,,,,,,,,,,,,,,,,,,,,,,,,,,,,,,,,,,,,,,,,,,,,,,,,,,,,,,,,,,,,,,,,,,,,,,
,,,,,,,Hardware,General Hardware,Hardware Accessories,,576488,576488 45W Led R20 Med 50k,,,Philips,Phillips Lighting (5831),Phillips Lighting,Phillips Lighting,,576488,,Industrial & Commercial Supplies>Hardware>General Hardware,"Phillips Lighting, Industrial Hardware, 576488",INDUSTRIAL HARDWARE 576488,"Phillips Lighting, 576488, Industrial Hardware",Phillips Lighting Industrial Hardware Model 576488. ,Industrial Hardware,,,,,,,,,,,,,,,,,,,,,,,,,,,Industrial Hardware,Size,,,Material,,,,,,,,,,,,,,,,,,,,,,,,,,,,,,,,,,,,,,,,,,,,,,,,,,,,,,,,,,,,,,,,,,,,,,,,,,,,,,,,,,,,,,,,,,,,,,,,,,,,,,,,,,,,,,,,,,,,,,,,,,,,,,,,,,,,,,,,,,,,,,,,,,,,,,,,,,,,,,,,,,,,,,,,,,,,,,,,,,,,,,,,,,,,,,,,,
,,,,,,,Hardware,General Hardware,Hardware Accessories,,575217,575217 60W Led Med 50k 2pk,,,Philips,Phillips Lighting (5831),Phillips Lighting,Phillips Lighting,,575217,,Industrial & Commercial Supplies>Hardware>General Hardware,"Phillips Lighting, Industrial Hardware, 575217",INDUSTRIAL HARDWARE 575217,"Phillips Lighting, 575217, Industrial Hardware",Phillips Lighting Industrial Hardware Model 575217. ,Industrial Hardware,,,,,,,,,,,,,,,,,,,,,,,,,,,Industrial Hardware,Size,,,Material,,,,,,,,,,,,,,,,,,,,,,,,,,,,,,,,,,,,,,,,,,,,,,,,,,,,,,,,,,,,,,,,,,,,,,,,,,,,,,,,,,,,,,,,,,,,,,,,,,,,,,,,,,,,,,,,,,,,,,,,,,,,,,,,,,,,,,,,,,,,,,,,,,,,,,,,,,,,,,,,,,,,,,,,,,,,,,,,,,,,,,,,,,,,,,,,,
,,,,,,,Hardware,General Hardware,Hardware Accessories,,586479,586479 90W Led Med Multi CCT,,,Philips,Phillips Lighting (5831),Phillips Lighting,Phillips Lighting,,586479,,Industrial & Commercial Supplies>Hardware>General Hardware,"Phillips Lighting, Industrial Hardware, 586479",INDUSTRIAL HARDWARE 586479,"Phillips Lighting, 586479, Industrial Hardware",Phillips Lighting Industrial Hardware Model 586479. ,Industrial Hardware,,,,,,,,,,,,,,,,,,,,,,,,,,,Industrial Hardware,Size,,,Material,,,,,,,,,,,,,,,,,,,,,,,,,,,,,,,,,,,,,,,,,,,,,,,,,,,,,,,,,,,,,,,,,,,,,,,,,,,,,,,,,,,,,,,,,,,,,,,,,,,,,,,,,,,,,,,,,,,,,,,,,,,,,,,,,,,,,,,,,,,,,,,,,,,,,,,,,,,,,,,,,,,,,,,,,,,,,,,,,,,,,,,,,,,,,,,,,
,,,,,,,Hardware,General Hardware,Hardware Accessories,,571471,571471 100W Led BR30 Med 27k,,,Philips,Phillips Lighting (5831),Phillips Lighting,Phillips Lighting,,571471,,Industrial & Commercial Supplies>Hardware>General Hardware,"Phillips Lighting, Industrial Hardware, 571471",INDUSTRIAL HARDWARE 571471,"Phillips Lighting, 571471, Industrial Hardware",Phillips Lighting Industrial Hardware Model 571471. ,Industrial Hardware,,,,,,,,,,,,,,,,,,,,,,,,,,,Industrial Hardware,Size,,,Material,,,,,,,,,,,,,,,,,,,,,,,,,,,,,,,,,,,,,,,,,,,,,,,,,,,,,,,,,,,,,,,,,,,,,,,,,,,,,,,,,,,,,,,,,,,,,,,,,,,,,,,,,,,,,,,,,,,,,,,,,,,,,,,,,,,,,,,,,,,,,,,,,,,,,,,,,,,,,,,,,,,,,,,,,,,,,,,,,,,,,,,,,,,,,,,,,
,,,,,,,Hardware,General Hardware,Hardware Accessories,,570762,570762 50W Led Par16 30k 3pk,,,Philips,Phillips Lighting (5831),Phillips Lighting,Phillips Lighting,,570762,,Industrial & Commercial Supplies>Hardware>General Hardware,"Phillips Lighting, Industrial Hardware, 570762",INDUSTRIAL HARDWARE 570762,"Phillips Lighting, 570762, Industrial Hardware",Phillips Lighting Industrial Hardware Model 570762. ,Industrial Hardware,,,,,,,,,,,,,,,,,,,,,,,,,,,Industrial Hardware,Size,,,Material,,,,,,,,,,,,,,,,,,,,,,,,,,,,,,,,,,,,,,,,,,,,,,,,,,,,,,,,,,,,,,,,,,,,,,,,,,,,,,,,,,,,,,,,,,,,,,,,,,,,,,,,,,,,,,,,,,,,,,,,,,,,,,,,,,,,,,,,,,,,,,,,,,,,,,,,,,,,,,,,,,,,,,,,,,,,,,,,,,,,,,,,,,,,,,,,,
,,,,,,,Hardware,General Hardware,Hardware Accessories,,533352,571505 150W Led Med 50k,,,Philips,Phillips Lighting (5831),Phillips Lighting,Phillips Lighting,,533352,,Industrial & Commercial Supplies>Hardware>General Hardware,"Phillips Lighting, Industrial Hardware, 533352",INDUSTRIAL HARDWARE 533352,"Phillips Lighting, 533352, Industrial Hardware",Phillips Lighting Industrial Hardware Model 533352. ,Industrial Hardware,,,,,,,,,,,,,,,,,,,,,,,,,,,Industrial Hardware,Size,,,Material,,,,,,,,,,,,,,,,,,,,,,,,,,,,,,,,,,,,,,,,,,,,,,,,,,,,,,,,,,,,,,,,,,,,,,,,,,,,,,,,,,,,,,,,,,,,,,,,,,,,,,,,,,,,,,,,,,,,,,,,,,,,,,,,,,,,,,,,,,,,,,,,,,,,,,,,,,,,,,,,,,,,,,,,,,,,,,,,,,,,,,,,,,,,,,,,,
,,,,,,,Hardware,General Hardware,Hardware Accessories,,573519,573519 100W Led A21 27k 2pk,,,Philips,Phillips Lighting (5831),Phillips Lighting,Phillips Lighting,,573519,,Industrial & Commercial Supplies>Hardware>General Hardware,"Phillips Lighting, Industrial Hardware, 573519",INDUSTRIAL HARDWARE 573519,"Phillips Lighting, 573519, Industrial Hardware",Phillips Lighting Industrial Hardware Model 573519. ,Industrial Hardware,,,,,,,,,,,,,,,,,,,,,,,,,,,Industrial Hardware,Size,,,Material,,,,,,,,,,,,,,,,,,,,,,,,,,,,,,,,,,,,,,,,,,,,,,,,,,,,,,,,,,,,,,,,,,,,,,,,,,,,,,,,,,,,,,,,,,,,,,,,,,,,,,,,,,,,,,,,,,,,,,,,,,,,,,,,,,,,,,,,,,,,,,,,,,,,,,,,,,,,,,,,,,,,,,,,,,,,,,,,,,,,,,,,,,,,,,,,,
,,,,,,,Hardware,General Hardware,Hardware Accessories,,573378,573378 60W Led Med 27k 3pk,,,Philips,Phillips Lighting (5831),Phillips Lighting,Phillips Lighting,,573378,,Industrial & Commercial Supplies>Hardware>General Hardware,"Phillips Lighting, Industrial Hardware, 573378",INDUSTRIAL HARDWARE 573378,"Phillips Lighting, 573378, Industrial Hardware",Phillips Lighting Industrial Hardware Model 573378. ,Industrial Hardware,,,,,,,,,,,,,,,,,,,,,,,,,,,Industrial Hardware,Size,,,Material,,,,,,,,,,,,,,,,,,,,,,,,,,,,,,,,,,,,,,,,,,,,,,,,,,,,,,,,,,,,,,,,,,,,,,,,,,,,,,,,,,,,,,,,,,,,,,,,,,,,,,,,,,,,,,,,,,,,,,,,,,,,,,,,,,,,,,,,,,,,,,,,,,,,,,,,,,,,,,,,,,,,,,,,,,,,,,,,,,,,,,,,,,,,,,,,,
,,,,,,,Hardware,General Hardware,Hardware Accessories,,565622,565622 60W Led Med 20k,,,Philips,Phillips Lighting (5831),Phillips Lighting,Phillips Lighting,,565622,,Industrial & Commercial Supplies>Hardware>General Hardware,"Phillips Lighting, Industrial Hardware, 565622",INDUSTRIAL HARDWARE 565622,"Phillips Lighting, 565622, Industrial Hardware",Phillips Lighting Industrial Hardware Model 565622. ,Industrial Hardware,,,,,,,,,,,,,,,,,,,,,,,,,,,Industrial Hardware,Size,,,Material,,,,,,,,,,,,,,,,,,,,,,,,,,,,,,,,,,,,,,,,,,,,,,,,,,,,,,,,,,,,,,,,,,,,,,,,,,,,,,,,,,,,,,,,,,,,,,,,,,,,,,,,,,,,,,,,,,,,,,,,,,,,,,,,,,,,,,,,,,,,,,,,,,,,,,,,,,,,,,,,,,,,,,,,,,,,,,,,,,,,,,,,,,,,,,,,,
,,,,,,,Hardware,General Hardware,Hardware Accessories,,586891,586891 Led 60W Med A19 27k,,,Philips,Phillips Lighting (5831),Phillips Lighting,Phillips Lighting,,586891,,Industrial & Commercial Supplies>Hardware>General Hardware,"Phillips Lighting, Industrial Hardware, 586891",INDUSTRIAL HARDWARE 586891,"Phillips Lighting, 586891, Industrial Hardware",Phillips Lighting Industrial Hardware Model 586891. ,Industrial Hardware,,,,,,,,,,,,,,,,,,,,,,,,,,,Industrial Hardware,Size,,,Material,,,,,,,,,,,,,,,,,,,,,,,,,,,,,,,,,,,,,,,,,,,,,,,,,,,,,,,,,,,,,,,,,,,,,,,,,,,,,,,,,,,,,,,,,,,,,,,,,,,,,,,,,,,,,,,,,,,,,,,,,,,,,,,,,,,,,,,,,,,,,,,,,,,,,,,,,,,,,,,,,,,,,,,,,,,,,,,,,,,,,,,,,,,,,,,,,
,,,,,,,Hardware,General Hardware,Hardware Accessories,,585448,585448 120W Led Motion Bulb,,,Philips,Phillips Lighting (5831),Phillips Lighting,Phillips Lighting,,585448,,Industrial & Commercial Supplies>Hardware>General Hardware,"Phillips Lighting, Industrial Hardware, 585448",INDUSTRIAL HARDWARE 585448,"Phillips Lighting, 585448, Industrial Hardware",Phillips Lighting Industrial Hardware Model 585448. ,Industrial Hardware,,,,,,,,,,,,,,,,,,,,,,,,,,,Industrial Hardware,Size,,,Material,,,,,,,,,,,,,,,,,,,,,,,,,,,,,,,,,,,,,,,,,,,,,,,,,,,,,,,,,,,,,,,,,,,,,,,,,,,,,,,,,,,,,,,,,,,,,,,,,,,,,,,,,,,,,,,,,,,,,,,,,,,,,,,,,,,,,,,,,,,,,,,,,,,,,,,,,,,,,,,,,,,,,,,,,,,,,,,,,,,,,,,,,,,,,,,,,
,,,,,,,Hardware,General Hardware,Hardware Accessories,,573444,573444 60W Led A19 Med 50k 2pk,,,Philips,Phillips Lighting (5831),Phillips Lighting,Phillips Lighting,,573444,,Industrial & Commercial Supplies>Hardware>General Hardware,"Phillips Lighting, Industrial Hardware, 573444",INDUSTRIAL HARDWARE 573444,"Phillips Lighting, 573444, Industrial Hardware",Phillips Lighting Industrial Hardware Model 573444. ,Industrial Hardware,,,,,,,,,,,,,,,,,,,,,,,,,,,Industrial Hardware,Size,,,Material,,,,,,,,,,,,,,,,,,,,,,,,,,,,,,,,,,,,,,,,,,,,,,,,,,,,,,,,,,,,,,,,,,,,,,,,,,,,,,,,,,,,,,,,,,,,,,,,,,,,,,,,,,,,,,,,,,,,,,,,,,,,,,,,,,,,,,,,,,,,,,,,,,,,,,,,,,,,,,,,,,,,,,,,,,,,,,,,,,,,,,,,,,,,,,,,,
,,,,,,,Hardware,General Hardware,Hardware Accessories,,566687,566687 60W Cand Led 27k 3pk,,,Philips,Phillips Lighting (5831),Phillips Lighting,Phillips Lighting,,566687,,Industrial & Commercial Supplies>Hardware>General Hardware,"Phillips Lighting, Industrial Hardware, 566687",INDUSTRIAL HARDWARE 566687,"Phillips Lighting, 566687, Industrial Hardware",Phillips Lighting Industrial Hardware Model 566687. ,Industrial Hardware,,,,,,,,,,,,,,,,,,,,,,,,,,,Industrial Hardware,Size,,,Material,,,,,,,,,,,,,,,,,,,,,,,,,,,,,,,,,,,,,,,,,,,,,,,,,,,,,,,,,,,,,,,,,,,,,,,,,,,,,,,,,,,,,,,,,,,,,,,,,,,,,,,,,,,,,,,,,,,,,,,,,,,,,,,,,,,,,,,,,,,,,,,,,,,,,,,,,,,,,,,,,,,,,,,,,,,,,,,,,,,,,,,,,,,,,,,,,
,,,,,,,Hardware,General Hardware,Hardware Accessories,,564385,564385 40w Led Med 27k 2pk,,,Philips,Phillips Lighting (5831),Phillips Lighting,Phillips Lighting,,564385,,Industrial & Commercial Supplies>Hardware>General Hardware,"Phillips Lighting, Industrial Hardware, 564385",INDUSTRIAL HARDWARE 564385,"Phillips Lighting, 564385, Industrial Hardware",Phillips Lighting Industrial Hardware Model 564385. ,Industrial Hardware,,,,,,,,,,,,,,,,,,,,,,,,,,,Industrial Hardware,Size,,,Material,,,,,,,,,,,,,,,,,,,,,,,,,,,,,,,,,,,,,,,,,,,,,,,,,,,,,,,,,,,,,,,,,,,,,,,,,,,,,,,,,,,,,,,,,,,,,,,,,,,,,,,,,,,,,,,,,,,,,,,,,,,,,,,,,,,,,,,,,,,,,,,,,,,,,,,,,,,,,,,,,,,,,,,,,,,,,,,,,,,,,,,,,,,,,,,,,
,,,,,,,Hardware,General Hardware,Hardware Accessories,,566661,566661 40W LED Cand 27k 3pk,,,Philips,Phillips Lighting (5831),Phillips Lighting,Phillips Lighting,,566661,,Industrial & Commercial Supplies>Hardware>General Hardware,"Phillips Lighting, Industrial Hardware, 566661",INDUSTRIAL HARDWARE 566661,"Phillips Lighting, 566661, Industrial Hardware",Phillips Lighting Industrial Hardware Model 566661. ,Industrial Hardware,,,,,,,,,,,,,,,,,,,,,,,,,,,Industrial Hardware,Size,,,Material,,,,,,,,,,,,,,,,,,,,,,,,,,,,,,,,,,,,,,,,,,,,,,,,,,,,,,,,,,,,,,,,,,,,,,,,,,,,,,,,,,,,,,,,,,,,,,,,,,,,,,,,,,,,,,,,,,,,,,,,,,,,,,,,,,,,,,,,,,,,,,,,,,,,,,,,,,,,,,,,,,,,,,,,,,,,,,,,,,,,,,,,,,,,,,,,,
,,,,,,,Hardware,General Hardware,Hardware Accessories,,564898,564898 60W Cand Led 50k 3pk,,,Philips,Phillips Lighting (5831),Phillips Lighting,Phillips Lighting,,564898,,Industrial & Commercial Supplies>Hardware>General Hardware,"Phillips Lighting, Industrial Hardware, 564898",INDUSTRIAL HARDWARE 564898,"Phillips Lighting, 564898, Industrial Hardware",Phillips Lighting Industrial Hardware Model 564898. ,Industrial Hardware,,,,,,,,,,,,,,,,,,,,,,,,,,,Industrial Hardware,Size,,,Material,,,,,,,,,,,,,,,,,,,,,,,,,,,,,,,,,,,,,,,,,,,,,,,,,,,,,,,,,,,,,,,,,,,,,,,,,,,,,,,,,,,,,,,,,,,,,,,,,,,,,,,,,,,,,,,,,,,,,,,,,,,,,,,,,,,,,,,,,,,,,,,,,,,,,,,,,,,,,,,,,,,,,,,,,,,,,,,,,,,,,,,,,,,,,,,,,
,,,,,,,Hardware,General Hardware,Hardware Accessories,,538319,588525 40W Led Cand 3pk,,,Philips,Phillips Lighting (5831),Phillips Lighting,Phillips Lighting,,538319,,Industrial & Commercial Supplies>Hardware>General Hardware,"Phillips Lighting, Industrial Hardware, 538319",INDUSTRIAL HARDWARE 538319,"Phillips Lighting, 538319, Industrial Hardware",Phillips Lighting Industrial Hardware Model 538319. ,Industrial Hardware,,,,,,,,,,,,,,,,,,,,,,,,,,,Industrial Hardware,Size,,,Material,,,,,,,,,,,,,,,,,,,,,,,,,,,,,,,,,,,,,,,,,,,,,,,,,,,,,,,,,,,,,,,,,,,,,,,,,,,,,,,,,,,,,,,,,,,,,,,,,,,,,,,,,,,,,,,,,,,,,,,,,,,,,,,,,,,,,,,,,,,,,,,,,,,,,,,,,,,,,,,,,,,,,,,,,,,,,,,,,,,,,,,,,,,,,,,,,
,,,,,,,Hardware,General Hardware,Hardware Accessories,,576009,576009 100W Led Par30L Med 50k,,,Philips,Phillips Lighting (5831),Phillips Lighting,Phillips Lighting,,576009,,Industrial & Commercial Supplies>Hardware>General Hardware,"Phillips Lighting, Industrial Hardware, 576009",INDUSTRIAL HARDWARE 576009,"Phillips Lighting, 576009, Industrial Hardware",Phillips Lighting Industrial Hardware Model 576009. ,Industrial Hardware,,,,,,,,,,,,,,,,,,,,,,,,,,,Industrial Hardware,Size,,,Material,,,,,,,,,,,,,,,,,,,,,,,,,,,,,,,,,,,,,,,,,,,,,,,,,,,,,,,,,,,,,,,,,,,,,,,,,,,,,,,,,,,,,,,,,,,,,,,,,,,,,,,,,,,,,,,,,,,,,,,,,,,,,,,,,,,,,,,,,,,,,,,,,,,,,,,,,,,,,,,,,,,,,,,,,,,,,,,,,,,,,,,,,,,,,,,,,
,,,,,,,Hardware,General Hardware,Hardware Accessories,,564450,564450 40W Led Cand 27k 2pk,,,Philips,Phillips Lighting (5831),Phillips Lighting,Phillips Lighting,,564450,,Industrial & Commercial Supplies>Hardware>General Hardware,"Phillips Lighting, Industrial Hardware, 564450",INDUSTRIAL HARDWARE 564450,"Phillips Lighting, 564450, Industrial Hardware",Phillips Lighting Industrial Hardware Model 564450. ,Industrial Hardware,,,,,,,,,,,,,,,,,,,,,,,,,,,Industrial Hardware,Size,,,Material,,,,,,,,,,,,,,,,,,,,,,,,,,,,,,,,,,,,,,,,,,,,,,,,,,,,,,,,,,,,,,,,,,,,,,,,,,,,,,,,,,,,,,,,,,,,,,,,,,,,,,,,,,,,,,,,,,,,,,,,,,,,,,,,,,,,,,,,,,,,,,,,,,,,,,,,,,,,,,,,,,,,,,,,,,,,,,,,,,,,,,,,,,,,,,,,,
,,,,,,,Hardware,General Hardware,Hardware Accessories,,572669,572669 60W Led F15 Med 27k,,,Philips,Phillips Lighting (5831),Phillips Lighting,Phillips Lighting,,572669,,Industrial & Commercial Supplies>Hardware>General Hardware,"Phillips Lighting, Industrial Hardware, 572669",INDUSTRIAL HARDWARE 572669,"Phillips Lighting, 572669, Industrial Hardware",Phillips Lighting Industrial Hardware Model 572669. ,Industrial Hardware,,,,,,,,,,,,,,,,,,,,,,,,,,,Industrial Hardware,Size,,,Material,,,,,,,,,,,,,,,,,,,,,,,,,,,,,,,,,,,,,,,,,,,,,,,,,,,,,,,,,,,,,,,,,,,,,,,,,,,,,,,,,,,,,,,,,,,,,,,,,,,,,,,,,,,,,,,,,,,,,,,,,,,,,,,,,,,,,,,,,,,,,,,,,,,,,,,,,,,,,,,,,,,,,,,,,,,,,,,,,,,,,,,,,,,,,,,,,
,,,,,,,Hardware,General Hardware,Hardware Accessories,,564906,564906 60W Led Med 27k 2pk,,,Philips,Phillips Lighting (5831),Phillips Lighting,Phillips Lighting,,564906,,Industrial & Commercial Supplies>Hardware>General Hardware,"Phillips Lighting, Industrial Hardware, 564906",INDUSTRIAL HARDWARE 564906,"Phillips Lighting, 564906, Industrial Hardware",Phillips Lighting Industrial Hardware Model 564906. ,Industrial Hardware,,,,,,,,,,,,,,,,,,,,,,,,,,,Industrial Hardware,Size,,,Material,,,,,,,,,,,,,,,,,,,,,,,,,,,,,,,,,,,,,,,,,,,,,,,,,,,,,,,,,,,,,,,,,,,,,,,,,,,,,,,,,,,,,,,,,,,,,,,,,,,,,,,,,,,,,,,,,,,,,,,,,,,,,,,,,,,,,,,,,,,,,,,,,,,,,,,,,,,,,,,,,,,,,,,,,,,,,,,,,,,,,,,,,,,,,,,,,
,,,,,,,Hardware,General Hardware,Hardware Accessories,,573410,573410 40W Led A19 Med 27k 2pk,,,Philips,Phillips Lighting (5831),Phillips Lighting,Phillips Lighting,,573410,,Industrial & Commercial Supplies>Hardware>General Hardware,"Phillips Lighting, Industrial Hardware, 573410",INDUSTRIAL HARDWARE 573410,"Phillips Lighting, 573410, Industrial Hardware",Phillips Lighting Industrial Hardware Model 573410. ,Industrial Hardware,,,,,,,,,,,,,,,,,,,,,,,,,,,Industrial Hardware,Size,,,Material,,,,,,,,,,,,,,,,,,,,,,,,,,,,,,,,,,,,,,,,,,,,,,,,,,,,,,,,,,,,,,,,,,,,,,,,,,,,,,,,,,,,,,,,,,,,,,,,,,,,,,,,,,,,,,,,,,,,,,,,,,,,,,,,,,,,,,,,,,,,,,,,,,,,,,,,,,,,,,,,,,,,,,,,,,,,,,,,,,,,,,,,,,,,,,,,,
,,,,,,,Hardware,General Hardware,Hardware Accessories,,576504,576504 65W Led BR40 Med 50k,,,Philips,Phillips Lighting (5831),Phillips Lighting,Phillips Lighting,,576504,,Industrial & Commercial Supplies>Hardware>General Hardware,"Phillips Lighting, Industrial Hardware, 576504",INDUSTRIAL HARDWARE 576504,"Phillips Lighting, 576504, Industrial Hardware",Phillips Lighting Industrial Hardware Model 576504. ,Industrial Hardware,,,,,,,,,,,,,,,,,,,,,,,,,,,Industrial Hardware,Size,,,Material,,,,,,,,,,,,,,,,,,,,,,,,,,,,,,,,,,,,,,,,,,,,,,,,,,,,,,,,,,,,,,,,,,,,,,,,,,,,,,,,,,,,,,,,,,,,,,,,,,,,,,,,,,,,,,,,,,,,,,,,,,,,,,,,,,,,,,,,,,,,,,,,,,,,,,,,,,,,,,,,,,,,,,,,,,,,,,,,,,,,,,,,,,,,,,,,,
,,,,,,,Hardware,General Hardware,Hardware Accessories,,576017,576017 100W Led Par30L Med 30k,,,Philips,Phillips Lighting (5831),Phillips Lighting,Phillips Lighting,,576017,,Industrial & Commercial Supplies>Hardware>General Hardware,"Phillips Lighting, Industrial Hardware, 576017",INDUSTRIAL HARDWARE 576017,"Phillips Lighting, 576017, Industrial Hardware",Phillips Lighting Industrial Hardware Model 576017. ,Industrial Hardware,,,,,,,,,,,,,,,,,,,,,,,,,,,Industrial Hardware,Size,,,Material,,,,,,,,,,,,,,,,,,,,,,,,,,,,,,,,,,,,,,,,,,,,,,,,,,,,,,,,,,,,,,,,,,,,,,,,,,,,,,,,,,,,,,,,,,,,,,,,,,,,,,,,,,,,,,,,,,,,,,,,,,,,,,,,,,,,,,,,,,,,,,,,,,,,,,,,,,,,,,,,,,,,,,,,,,,,,,,,,,,,,,,,,,,,,,,,,
,,,,,,,Hardware,General Hardware,Hardware Accessories,,574392,574392 40W Led B11 Med 27k 3pk,,,Philips,Phillips Lighting (5831),Phillips Lighting,Phillips Lighting,,574392,,Industrial & Commercial Supplies>Hardware>General Hardware,"Phillips Lighting, Industrial Hardware, 574392",INDUSTRIAL HARDWARE 574392,"Phillips Lighting, 574392, Industrial Hardware",Phillips Lighting Industrial Hardware Model 574392. ,Industrial Hardware,,,,,,,,,,,,,,,,,,,,,,,,,,,Industrial Hardware,Size,,,Material,,,,,,,,,,,,,,,,,,,,,,,,,,,,,,,,,,,,,,,,,,,,,,,,,,,,,,,,,,,,,,,,,,,,,,,,,,,,,,,,,,,,,,,,,,,,,,,,,,,,,,,,,,,,,,,,,,,,,,,,,,,,,,,,,,,,,,,,,,,,,,,,,,,,,,,,,,,,,,,,,,,,,,,,,,,,,,,,,,,,,,,,,,,,,,,,,
,,,,,,,Hardware,General Hardware,Hardware Accessories,,576751,576751 65W Led BR30 Med 3pk,,,Philips,Phillips Lighting (5831),Phillips Lighting,Phillips Lighting,,576751,,Industrial & Commercial Supplies>Hardware>General Hardware,"Phillips Lighting, Industrial Hardware, 576751",INDUSTRIAL HARDWARE 576751,"Phillips Lighting, 576751, Industrial Hardware",Phillips Lighting Industrial Hardware Model 576751. ,Industrial Hardware,,,,,,,,,,,,,,,,,,,,,,,,,,,Industrial Hardware,Size,,,Material,,,,,,,,,,,,,,,,,,,,,,,,,,,,,,,,,,,,,,,,,,,,,,,,,,,,,,,,,,,,,,,,,,,,,,,,,,,,,,,,,,,,,,,,,,,,,,,,,,,,,,,,,,,,,,,,,,,,,,,,,,,,,,,,,,,,,,,,,,,,,,,,,,,,,,,,,,,,,,,,,,,,,,,,,,,,,,,,,,,,,,,,,,,,,,,,,
,,,,,,,Hardware,General Hardware,Hardware Accessories,,583161,583161 Led 65W Med BR30 3pk,,,Philips,Phillips Lighting (5831),Phillips Lighting,Phillips Lighting,,583161,,Industrial & Commercial Supplies>Hardware>General Hardware,"Phillips Lighting, Industrial Hardware, 583161",INDUSTRIAL HARDWARE 583161,"Phillips Lighting, 583161, Industrial Hardware",Phillips Lighting Industrial Hardware Model 583161. ,Industrial Hardware,,,,,,,,,,,,,,,,,,,,,,,,,,,Industrial Hardware,Size,,,Material,,,,,,,,,,,,,,,,,,,,,,,,,,,,,,,,,,,,,,,,,,,,,,,,,,,,,,,,,,,,,,,,,,,,,,,,,,,,,,,,,,,,,,,,,,,,,,,,,,,,,,,,,,,,,,,,,,,,,,,,,,,,,,,,,,,,,,,,,,,,,,,,,,,,,,,,,,,,,,,,,,,,,,,,,,,,,,,,,,,,,,,,,,,,,,,,,
,,,,,,,Hardware,General Hardware,Hardware Accessories,,566695,566695 60W Led Med 27k 3pk,,,Philips,Phillips Lighting (5831),Phillips Lighting,Phillips Lighting,,566695,,Industrial & Commercial Supplies>Hardware>General Hardware,"Phillips Lighting, Industrial Hardware, 566695",INDUSTRIAL HARDWARE 566695,"Phillips Lighting, 566695, Industrial Hardware",Phillips Lighting Industrial Hardware Model 566695. ,Industrial Hardware,,,,,,,,,,,,,,,,,,,,,,,,,,,Industrial Hardware,Size,,,Material,,,,,,,,,,,,,,,,,,,,,,,,,,,,,,,,,,,,,,,,,,,,,,,,,,,,,,,,,,,,,,,,,,,,,,,,,,,,,,,,,,,,,,,,,,,,,,,,,,,,,,,,,,,,,,,,,,,,,,,,,,,,,,,,,,,,,,,,,,,,,,,,,,,,,,,,,,,,,,,,,,,,,,,,,,,,,,,,,,,,,,,,,,,,,,,,,
,,,,,,,Hardware,General Hardware,Hardware Accessories,,577007,577007 125W Led Med 30k Flood,,,Philips,Phillips Lighting (5831),Phillips Lighting,Phillips Lighting,,577007,,Industrial & Commercial Supplies>Hardware>General Hardware,"Phillips Lighting, Industrial Hardware, 577007",INDUSTRIAL HARDWARE 577007,"Phillips Lighting, 577007, Industrial Hardware",Phillips Lighting Industrial Hardware Model 577007. ,Industrial Hardware,,,,,,,,,,,,,,,,,,,,,,,,,,,Industrial Hardware,Size,,,Material,,,,,,,,,,,,,,,,,,,,,,,,,,,,,,,,,,,,,,,,,,,,,,,,,,,,,,,,,,,,,,,,,,,,,,,,,,,,,,,,,,,,,,,,,,,,,,,,,,,,,,,,,,,,,,,,,,,,,,,,,,,,,,,,,,,,,,,,,,,,,,,,,,,,,,,,,,,,,,,,,,,,,,,,,,,,,,,,,,,,,,,,,,,,,,,,,
,,,,,,,Hardware,General Hardware,Hardware Accessories,,566653,566653 25W Led Cand 27k 3pk,,,Philips,Phillips Lighting (5831),Phillips Lighting,Phillips Lighting,,566653,,Industrial & Commercial Supplies>Hardware>General Hardware,"Phillips Lighting, Industrial Hardware, 566653",INDUSTRIAL HARDWARE 566653,"Phillips Lighting, 566653, Industrial Hardware",Phillips Lighting Industrial Hardware Model 566653. ,Industrial Hardware,,,,,,,,,,,,,,,,,,,,,,,,,,,Industrial Hardware,Size,,,Material,,,,,,,,,,,,,,,,,,,,,,,,,,,,,,,,,,,,,,,,,,,,,,,,,,,,,,,,,,,,,,,,,,,,,,,,,,,,,,,,,,,,,,,,,,,,,,,,,,,,,,,,,,,,,,,,,,,,,,,,,,,,,,,,,,,,,,,,,,,,,,,,,,,,,,,,,,,,,,,,,,,,,,,,,,,,,,,,,,,,,,,,,,,,,,,,,
,,,,,,,Hardware,General Hardware,Hardware Accessories,,566679,566679 40W Led Med 27k 3pk,,,Philips,Phillips Lighting (5831),Phillips Lighting,Phillips Lighting,,566679,,Industrial & Commercial Supplies>Hardware>General Hardware,"Phillips Lighting, Industrial Hardware, 566679",INDUSTRIAL HARDWARE 566679,"Phillips Lighting, 566679, Industrial Hardware",Phillips Lighting Industrial Hardware Model 566679. ,Industrial Hardware,,,,,,,,,,,,,,,,,,,,,,,,,,,Industrial Hardware,Size,,,Material,,,,,,,,,,,,,,,,,,,,,,,,,,,,,,,,,,,,,,,,,,,,,,,,,,,,,,,,,,,,,,,,,,,,,,,,,,,,,,,,,,,,,,,,,,,,,,,,,,,,,,,,,,,,,,,,,,,,,,,,,,,,,,,,,,,,,,,,,,,,,,,,,,,,,,,,,,,,,,,,,,,,,,,,,,,,,,,,,,,,,,,,,,,,,,,,,
,,,,,,,Hardware,General Hardware,Hardware Accessories,,573311,573311 60W Led Med 27k 2pk,,,Philips,Phillips Lighting (5831),Phillips Lighting,Phillips Lighting,,573311,,Industrial & Commercial Supplies>Hardware>General Hardware,"Phillips Lighting, Industrial Hardware, 573311",INDUSTRIAL HARDWARE 573311,"Phillips Lighting, 573311, Industrial Hardware",Phillips Lighting Industrial Hardware Model 573311. ,Industrial Hardware,,,,,,,,,,,,,,,,,,,,,,,,,,,Industrial Hardware,Size,,,Material,,,,,,,,,,,,,,,,,,,,,,,,,,,,,,,,,,,,,,,,,,,,,,,,,,,,,,,,,,,,,,,,,,,,,,,,,,,,,,,,,,,,,,,,,,,,,,,,,,,,,,,,,,,,,,,,,,,,,,,,,,,,,,,,,,,,,,,,,,,,,,,,,,,,,,,,,,,,,,,,,,,,,,,,,,,,,,,,,,,,,,,,,,,,,,,,,
,,,,,,,Hardware,General Hardware,Hardware Accessories,,573394,573394 60W Led Cand 27k 2pk,,,Philips,Phillips Lighting (5831),Phillips Lighting,Phillips Lighting,,573394,,Industrial & Commercial Supplies>Hardware>General Hardware,"Phillips Lighting, Industrial Hardware, 573394",INDUSTRIAL HARDWARE 573394,"Phillips Lighting, 573394, Industrial Hardware",Phillips Lighting Industrial Hardware Model 573394. ,Industrial Hardware,,,,,,,,,,,,,,,,,,,,,,,,,,,Industrial Hardware,Size,,,Material,,,,,,,,,,,,,,,,,,,,,,,,,,,,,,,,,,,,,,,,,,,,,,,,,,,,,,,,,,,,,,,,,,,,,,,,,,,,,,,,,,,,,,,,,,,,,,,,,,,,,,,,,,,,,,,,,,,,,,,,,,,,,,,,,,,,,,,,,,,,,,,,,,,,,,,,,,,,,,,,,,,,,,,,,,,,,,,,,,,,,,,,,,,,,,,,,
,,,,,,,Hardware,General Hardware,Hardware Accessories,,573329,573329 60W Cand Led 27k 2pk,,,Philips,Phillips Lighting (5831),Phillips Lighting,Phillips Lighting,,573329,,Industrial & Commercial Supplies>Hardware>General Hardware,"Phillips Lighting, Industrial Hardware, 573329",INDUSTRIAL HARDWARE 573329,"Phillips Lighting, 573329, Industrial Hardware",Phillips Lighting Industrial Hardware Model 573329. ,Industrial Hardware,,,,,,,,,,,,,,,,,,,,,,,,,,,Industrial Hardware,Size,,,Material,,,,,,,,,,,,,,,,,,,,,,,,,,,,,,,,,,,,,,,,,,,,,,,,,,,,,,,,,,,,,,,,,,,,,,,,,,,,,,,,,,,,,,,,,,,,,,,,,,,,,,,,,,,,,,,,,,,,,,,,,,,,,,,,,,,,,,,,,,,,,,,,,,,,,,,,,,,,,,,,,,,,,,,,,,,,,,,,,,,,,,,,,,,,,,,,,
,,,,,,,Hardware,General Hardware,Hardware Accessories,,564930,564930 40W Cand Led 50k 3pk,,,Philips,Phillips Lighting (5831),Phillips Lighting,Phillips Lighting,,564930,,Industrial & Commercial Supplies>Hardware>General Hardware,"Phillips Lighting, Industrial Hardware, 564930",INDUSTRIAL HARDWARE 564930,"Phillips Lighting, 564930, Industrial Hardware",Phillips Lighting Industrial Hardware Model 564930. ,Industrial Hardware,,,,,,,,,,,,,,,,,,,,,,,,,,,Industrial Hardware,Size,,,Material,,,,,,,,,,,,,,,,,,,,,,,,,,,,,,,,,,,,,,,,,,,,,,,,,,,,,,,,,,,,,,,,,,,,,,,,,,,,,,,,,,,,,,,,,,,,,,,,,,,,,,,,,,,,,,,,,,,,,,,,,,,,,,,,,,,,,,,,,,,,,,,,,,,,,,,,,,,,,,,,,,,,,,,,,,,,,,,,,,,,,,,,,,,,,,,,,
,,,,,,,Hardware,General Hardware,Hardware Accessories,,565000,565000 60W Led Med 27k 2pk,,,Philips,Phillips Lighting (5831),Phillips Lighting,Phillips Lighting,,565000,,Industrial & Commercial Supplies>Hardware>General Hardware,"Phillips Lighting, Industrial Hardware, 565000",INDUSTRIAL HARDWARE 565000,"Phillips Lighting, 565000, Industrial Hardware",Phillips Lighting Industrial Hardware Model 565000. ,Industrial Hardware,,,,,,,,,,,,,,,,,,,,,,,,,,,Industrial Hardware,Size,,,Material,,,,,,,,,,,,,,,,,,,,,,,,,,,,,,,,,,,,,,,,,,,,,,,,,,,,,,,,,,,,,,,,,,,,,,,,,,,,,,,,,,,,,,,,,,,,,,,,,,,,,,,,,,,,,,,,,,,,,,,,,,,,,,,,,,,,,,,,,,,,,,,,,,,,,,,,,,,,,,,,,,,,,,,,,,,,,,,,,,,,,,,,,,,,,,,,,
,,,,,,,Hardware,General Hardware,Hardware Accessories,,564922,564922 60W Led BA11 50k 3pk,,,Philips,Phillips Lighting (5831),Phillips Lighting,Phillips Lighting,,564922,,Industrial & Commercial Supplies>Hardware>General Hardware,"Phillips Lighting, Industrial Hardware, 564922",INDUSTRIAL HARDWARE 564922,"Phillips Lighting, 564922, Industrial Hardware",Phillips Lighting Industrial Hardware Model 564922. ,Industrial Hardware,,,,,,,,,,,,,,,,,,,,,,,,,,,Industrial Hardware,Size,,,Material,,,,,,,,,,,,,,,,,,,,,,,,,,,,,,,,,,,,,,,,,,,,,,,,,,,,,,,,,,,,,,,,,,,,,,,,,,,,,,,,,,,,,,,,,,,,,,,,,,,,,,,,,,,,,,,,,,,,,,,,,,,,,,,,,,,,,,,,,,,,,,,,,,,,,,,,,,,,,,,,,,,,,,,,,,,,,,,,,,,,,,,,,,,,,,,,,
,,,,,,,Hardware,General Hardware,Hardware Accessories,,573295,573295 40W Led Med 27k 2pk,,,Philips,Phillips Lighting (5831),Phillips Lighting,Phillips Lighting,,573295,,Industrial & Commercial Supplies>Hardware>General Hardware,"Phillips Lighting, Industrial Hardware, 573295",INDUSTRIAL HARDWARE 573295,"Phillips Lighting, 573295, Industrial Hardware",Phillips Lighting Industrial Hardware Model 573295. ,Industrial Hardware,,,,,,,,,,,,,,,,,,,,,,,,,,,Industrial Hardware,Size,,,Material,,,,,,,,,,,,,,,,,,,,,,,,,,,,,,,,,,,,,,,,,,,,,,,,,,,,,,,,,,,,,,,,,,,,,,,,,,,,,,,,,,,,,,,,,,,,,,,,,,,,,,,,,,,,,,,,,,,,,,,,,,,,,,,,,,,,,,,,,,,,,,,,,,,,,,,,,,,,,,,,,,,,,,,,,,,,,,,,,,,,,,,,,,,,,,,,,
,,,,,,,Hardware,General Hardware,Hardware Accessories,,564914,564914 60W Med Led 50k 2pk,,,Philips,Phillips Lighting (5831),Phillips Lighting,Phillips Lighting,,564914,,Industrial & Commercial Supplies>Hardware>General Hardware,"Phillips Lighting, Industrial Hardware, 564914",INDUSTRIAL HARDWARE 564914,"Phillips Lighting, 564914, Industrial Hardware",Phillips Lighting Industrial Hardware Model 564914. ,Industrial Hardware,,,,,,,,,,,,,,,,,,,,,,,,,,,Industrial Hardware,Size,,,Material,,,,,,,,,,,,,,,,,,,,,,,,,,,,,,,,,,,,,,,,,,,,,,,,,,,,,,,,,,,,,,,,,,,,,,,,,,,,,,,,,,,,,,,,,,,,,,,,,,,,,,,,,,,,,,,,,,,,,,,,,,,,,,,,,,,,,,,,,,,,,,,,,,,,,,,,,,,,,,,,,,,,,,,,,,,,,,,,,,,,,,,,,,,,,,,,,
,,,,,,,Hardware,General Hardware,Hardware Accessories,,573485,573485 60W Led A19 Med 50k 2pk,,,Philips,Phillips Lighting (5831),Phillips Lighting,Phillips Lighting,,573485,,Industrial & Commercial Supplies>Hardware>General Hardware,"Phillips Lighting, Industrial Hardware, 573485",INDUSTRIAL HARDWARE 573485,"Phillips Lighting, 573485, Industrial Hardware",Phillips Lighting Industrial Hardware Model 573485. ,Industrial Hardware,,,,,,,,,,,,,,,,,,,,,,,,,,,Industrial Hardware,Size,,,Material,,,,,,,,,,,,,,,,,,,,,,,,,,,,,,,,,,,,,,,,,,,,,,,,,,,,,,,,,,,,,,,,,,,,,,,,,,,,,,,,,,,,,,,,,,,,,,,,,,,,,,,,,,,,,,,,,,,,,,,,,,,,,,,,,,,,,,,,,,,,,,,,,,,,,,,,,,,,,,,,,,,,,,,,,,,,,,,,,,,,,,,,,,,,,,,,,
,,,,,,,Hardware,General Hardware,Hardware Accessories,,573337,573337 40W Led G25 Med 50k 2pk,,,Philips,Phillips Lighting (5831),Phillips Lighting,Phillips Lighting,,573337,,Industrial & Commercial Supplies>Hardware>General Hardware,"Phillips Lighting, Industrial Hardware, 573337",INDUSTRIAL HARDWARE 573337,"Phillips Lighting, 573337, Industrial Hardware",Phillips Lighting Industrial Hardware Model 573337. ,Industrial Hardware,,,,,,,,,,,,,,,,,,,,,,,,,,,Industrial Hardware,Size,,,Material,,,,,,,,,,,,,,,,,,,,,,,,,,,,,,,,,,,,,,,,,,,,,,,,,,,,,,,,,,,,,,,,,,,,,,,,,,,,,,,,,,,,,,,,,,,,,,,,,,,,,,,,,,,,,,,,,,,,,,,,,,,,,,,,,,,,,,,,,,,,,,,,,,,,,,,,,,,,,,,,,,,,,,,,,,,,,,,,,,,,,,,,,,,,,,,,,
,,,,,,,Hardware,General Hardware,Hardware Accessories,,544874,544874 32W Led T8 UBulb 40k,,,Philips,Phillips Lighting (5831),Phillips Lighting,Phillips Lighting,,544874,,Industrial & Commercial Supplies>Hardware>General Hardware,"Phillips Lighting, Industrial Hardware, 544874",INDUSTRIAL HARDWARE 544874,"Phillips Lighting, 544874, Industrial Hardware",Phillips Lighting Industrial Hardware Model 544874. ,Industrial Hardware,,,,,,,,,,,,,,,,,,,,,,,,,,,Industrial Hardware,Size,,,Material,,,,,,,,,,,,,,,,,,,,,,,,,,,,,,,,,,,,,,,,,,,,,,,,,,,,,,,,,,,,,,,,,,,,,,,,,,,,,,,,,,,,,,,,,,,,,,,,,,,,,,,,,,,,,,,,,,,,,,,,,,,,,,,,,,,,,,,,,,,,,,,,,,,,,,,,,,,,,,,,,,,,,,,,,,,,,,,,,,,,,,,,,,,,,,,,,
,,,,,,,Hardware,General Hardware,Hardware Accessories,,570846,570846 50W Led Med 22K 2pk,,,Philips,Phillips Lighting (5831),Phillips Lighting,Phillips Lighting,,570846,,Industrial & Commercial Supplies>Hardware>General Hardware,"Phillips Lighting, Industrial Hardware, 570846",INDUSTRIAL HARDWARE 570846,"Phillips Lighting, 570846, Industrial Hardware",Phillips Lighting Industrial Hardware Model 570846. ,Industrial Hardware,,,,,,,,,,,,,,,,,,,,,,,,,,,Industrial Hardware,Size,,,Material,,,,,,,,,,,,,,,,,,,,,,,,,,,,,,,,,,,,,,,,,,,,,,,,,,,,,,,,,,,,,,,,,,,,,,,,,,,,,,,,,,,,,,,,,,,,,,,,,,,,,,,,,,,,,,,,,,,,,,,,,,,,,,,,,,,,,,,,,,,,,,,,,,,,,,,,,,,,,,,,,,,,,,,,,,,,,,,,,,,,,,,,,,,,,,,,,
,,,,,,,Hardware,General Hardware,Hardware Accessories,,565473,565473 60W Led A19 Bulb 2pk,,,Philips,Phillips Lighting (5831),Phillips Lighting,Phillips Lighting,,565473,,Industrial & Commercial Supplies>Hardware>General Hardware,"Phillips Lighting, Industrial Hardware, 565473",INDUSTRIAL HARDWARE 565473,"Phillips Lighting, 565473, Industrial Hardware",Phillips Lighting Industrial Hardware Model 565473. ,Industrial Hardware,,,,,,,,,,,,,,,,,,,,,,,,,,,Industrial Hardware,Size,,,Material,,,,,,,,,,,,,,,,,,,,,,,,,,,,,,,,,,,,,,,,,,,,,,,,,,,,,,,,,,,,,,,,,,,,,,,,,,,,,,,,,,,,,,,,,,,,,,,,,,,,,,,,,,,,,,,,,,,,,,,,,,,,,,,,,,,,,,,,,,,,,,,,,,,,,,,,,,,,,,,,,,,,,,,,,,,,,,,,,,,,,,,,,,,,,,,,,
,,,,,,,Hardware,General Hardware,Hardware Accessories,,573402,573402 60W Led Med 50k 2pk,,,Philips,Phillips Lighting (5831),Phillips Lighting,Phillips Lighting,,573402,,Industrial & Commercial Supplies>Hardware>General Hardware,"Phillips Lighting, Industrial Hardware, 573402",INDUSTRIAL HARDWARE 573402,"Phillips Lighting, 573402, Industrial Hardware",Phillips Lighting Industrial Hardware Model 573402. ,Industrial Hardware,,,,,,,,,,,,,,,,,,,,,,,,,,,Industrial Hardware,Size,,,Material,,,,,,,,,,,,,,,,,,,,,,,,,,,,,,,,,,,,,,,,,,,,,,,,,,,,,,,,,,,,,,,,,,,,,,,,,,,,,,,,,,,,,,,,,,,,,,,,,,,,,,,,,,,,,,,,,,,,,,,,,,,,,,,,,,,,,,,,,,,,,,,,,,,,,,,,,,,,,,,,,,,,,,,,,,,,,,,,,,,,,,,,,,,,,,,,,
,,,,,,,Hardware,General Hardware,Hardware Accessories,,573352,573352 40W Led Med 27k 2pk,,,Philips,Phillips Lighting (5831),Phillips Lighting,Phillips Lighting,,573352,,Industrial & Commercial Supplies>Hardware>General Hardware,"Phillips Lighting, Industrial Hardware, 573352",INDUSTRIAL HARDWARE 573352,"Phillips Lighting, 573352, Industrial Hardware",Phillips Lighting Industrial Hardware Model 573352. ,Industrial Hardware,,,,,,,,,,,,,,,,,,,,,,,,,,,Industrial Hardware,Size,,,Material,,,,,,,,,,,,,,,,,,,,,,,,,,,,,,,,,,,,,,,,,,,,,,,,,,,,,,,,,,,,,,,,,,,,,,,,,,,,,,,,,,,,,,,,,,,,,,,,,,,,,,,,,,,,,,,,,,,,,,,,,,,,,,,,,,,,,,,,,,,,,,,,,,,,,,,,,,,,,,,,,,,,,,,,,,,,,,,,,,,,,,,,,,,,,,,,,
,,,,,,,Hardware,General Hardware,Hardware Accessories,,573428,573428 40W Med Led 50k 2pk,,,Philips,Phillips Lighting (5831),Phillips Lighting,Phillips Lighting,,573428,,Industrial & Commercial Supplies>Hardware>General Hardware,"Phillips Lighting, Industrial Hardware, 573428",INDUSTRIAL HARDWARE 573428,"Phillips Lighting, 573428, Industrial Hardware",Phillips Lighting Industrial Hardware Model 573428. ,Industrial Hardware,,,,,,,,,,,,,,,,,,,,,,,,,,,Industrial Hardware,Size,,,Material,,,,,,,,,,,,,,,,,,,,,,,,,,,,,,,,,,,,,,,,,,,,,,,,,,,,,,,,,,,,,,,,,,,,,,,,,,,,,,,,,,,,,,,,,,,,,,,,,,,,,,,,,,,,,,,,,,,,,,,,,,,,,,,,,,,,,,,,,,,,,,,,,,,,,,,,,,,,,,,,,,,,,,,,,,,,,,,,,,,,,,,,,,,,,,,,,
,,,,,,,Hardware,General Hardware,Hardware Accessories,,573386,573386 60W Led Med 27k 2pk,,,Philips,Phillips Lighting (5831),Phillips Lighting,Phillips Lighting,,573386,,Industrial & Commercial Supplies>Hardware>General Hardware,"Phillips Lighting, Industrial Hardware, 573386",INDUSTRIAL HARDWARE 573386,"Phillips Lighting, 573386, Industrial Hardware",Phillips Lighting Industrial Hardware Model 573386. ,Industrial Hardware,,,,,,,,,,,,,,,,,,,,,,,,,,,Industrial Hardware,Size,,,Material,,,,,,,,,,,,,,,,,,,,,,,,,,,,,,,,,,,,,,,,,,,,,,,,,,,,,,,,,,,,,,,,,,,,,,,,,,,,,,,,,,,,,,,,,,,,,,,,,,,,,,,,,,,,,,,,,,,,,,,,,,,,,,,,,,,,,,,,,,,,,,,,,,,,,,,,,,,,,,,,,,,,,,,,,,,,,,,,,,,,,,,,,,,,,,,,,
,,,,,,,Hardware,General Hardware,Hardware Accessories,,564948,564948 40W Led Med 50k 3pk,,,Philips,Phillips Lighting (5831),Phillips Lighting,Phillips Lighting,,564948,,Industrial & Commercial Supplies>Hardware>General Hardware,"Phillips Lighting, Industrial Hardware, 564948",INDUSTRIAL HARDWARE 564948,"Phillips Lighting, 564948, Industrial Hardware",Phillips Lighting Industrial Hardware Model 564948. ,Industrial Hardware,,,,,,,,,,,,,,,,,,,,,,,,,,,Industrial Hardware,Size,,,Material,,,,,,,,,,,,,,,,,,,,,,,,,,,,,,,,,,,,,,,,,,,,,,,,,,,,,,,,,,,,,,,,,,,,,,,,,,,,,,,,,,,,,,,,,,,,,,,,,,,,,,,,,,,,,,,,,,,,,,,,,,,,,,,,,,,,,,,,,,,,,,,,,,,,,,,,,,,,,,,,,,,,,,,,,,,,,,,,,,,,,,,,,,,,,,,,,
,,,,,,,Hardware,General Hardware,Hardware Accessories,,573303,573303 40W Led Cand 27k 2pk,,,Philips,Phillips Lighting (5831),Phillips Lighting,Phillips Lighting,,573303,,Industrial & Commercial Supplies>Hardware>General Hardware,"Phillips Lighting, Industrial Hardware, 573303",INDUSTRIAL HARDWARE 573303,"Phillips Lighting, 573303, Industrial Hardware",Phillips Lighting Industrial Hardware Model 573303. ,Industrial Hardware,,,,,,,,,,,,,,,,,,,,,,,,,,,Industrial Hardware,Size,,,Material,,,,,,,,,,,,,,,,,,,,,,,,,,,,,,,,,,,,,,,,,,,,,,,,,,,,,,,,,,,,,,,,,,,,,,,,,,,,,,,,,,,,,,,,,,,,,,,,,,,,,,,,,,,,,,,,,,,,,,,,,,,,,,,,,,,,,,,,,,,,,,,,,,,,,,,,,,,,,,,,,,,,,,,,,,,,,,,,,,,,,,,,,,,,,,,,,
,,,,,,,Hardware,General Hardware,Hardware Accessories,,573188,573188 250W Led Par38 Med 50k,,,Philips,Phillips Lighting (5831),Phillips Lighting,Phillips Lighting,,573188,,Industrial & Commercial Supplies>Hardware>General Hardware,"Phillips Lighting, Industrial Hardware, 573188",INDUSTRIAL HARDWARE 573188,"Phillips Lighting, 573188, Industrial Hardware",Phillips Lighting Industrial Hardware Model 573188. ,Industrial Hardware,,,,,,,,,,,,,,,,,,,,,,,,,,,Industrial Hardware,Size,,,Material,,,,,,,,,,,,,,,,,,,,,,,,,,,,,,,,,,,,,,,,,,,,,,,,,,,,,,,,,,,,,,,,,,,,,,,,,,,,,,,,,,,,,,,,,,,,,,,,,,,,,,,,,,,,,,,,,,,,,,,,,,,,,,,,,,,,,,,,,,,,,,,,,,,,,,,,,,,,,,,,,,,,,,,,,,,,,,,,,,,,,,,,,,,,,,,,,
,,,,,,,Hardware,General Hardware,Hardware Accessories,,573469,573469 40W Led A19 Med 50k 2pk,,,Philips,Phillips Lighting (5831),Phillips Lighting,Phillips Lighting,,573469,,Industrial & Commercial Supplies>Hardware>General Hardware,"Phillips Lighting, Industrial Hardware, 573469",INDUSTRIAL HARDWARE 573469,"Phillips Lighting, 573469, Industrial Hardware",Phillips Lighting Industrial Hardware Model 573469. ,Industrial Hardware,,,,,,,,,,,,,,,,,,,,,,,,,,,Industrial Hardware,Size,,,Material,,,,,,,,,,,,,,,,,,,,,,,,,,,,,,,,,,,,,,,,,,,,,,,,,,,,,,,,,,,,,,,,,,,,,,,,,,,,,,,,,,,,,,,,,,,,,,,,,,,,,,,,,,,,,,,,,,,,,,,,,,,,,,,,,,,,,,,,,,,,,,,,,,,,,,,,,,,,,,,,,,,,,,,,,,,,,,,,,,,,,,,,,,,,,,,,,
,,,,,,,Hardware,General Hardware,Hardware Accessories,,565671,565671 25W Led Med 20K,,,Philips,Phillips Lighting (5831),Phillips Lighting,Phillips Lighting,,565671,,Industrial & Commercial Supplies>Hardware>General Hardware,"Phillips Lighting, Industrial Hardware, 565671",INDUSTRIAL HARDWARE 565671,"Phillips Lighting, 565671, Industrial Hardware",Phillips Lighting Industrial Hardware Model 565671. ,Industrial Hardware,,,,,,,,,,,,,,,,,,,,,,,,,,,Industrial Hardware,Size,,,Material,,,,,,,,,,,,,,,,,,,,,,,,,,,,,,,,,,,,,,,,,,,,,,,,,,,,,,,,,,,,,,,,,,,,,,,,,,,,,,,,,,,,,,,,,,,,,,,,,,,,,,,,,,,,,,,,,,,,,,,,,,,,,,,,,,,,,,,,,,,,,,,,,,,,,,,,,,,,,,,,,,,,,,,,,,,,,,,,,,,,,,,,,,,,,,,,,
,,,,,,,Hardware,General Hardware,Hardware Accessories,,573204,573204 75W Led Par20 Med 50k,,,Philips,Phillips Lighting (5831),Phillips Lighting,Phillips Lighting,,573204,,Industrial & Commercial Supplies>Hardware>General Hardware,"Phillips Lighting, Industrial Hardware, 573204",INDUSTRIAL HARDWARE 573204,"Phillips Lighting, 573204, Industrial Hardware",Phillips Lighting Industrial Hardware Model 573204. ,Industrial Hardware,,,,,,,,,,,,,,,,,,,,,,,,,,,Industrial Hardware,Size,,,Material,,,,,,,,,,,,,,,,,,,,,,,,,,,,,,,,,,,,,,,,,,,,,,,,,,,,,,,,,,,,,,,,,,,,,,,,,,,,,,,,,,,,,,,,,,,,,,,,,,,,,,,,,,,,,,,,,,,,,,,,,,,,,,,,,,,,,,,,,,,,,,,,,,,,,,,,,,,,,,,,,,,,,,,,,,,,,,,,,,,,,,,,,,,,,,,,,
,,,,,,,Hardware,General Hardware,Hardware Accessories,,581199,581199 60W Led Med 2pk,,,Philips,Phillips Lighting (5831),Phillips Lighting,Phillips Lighting,,581199,,Industrial & Commercial Supplies>Hardware>General Hardware,"Phillips Lighting, Industrial Hardware, 581199",INDUSTRIAL HARDWARE 581199,"Phillips Lighting, 581199, Industrial Hardware",Phillips Lighting Industrial Hardware Model 581199. ,Industrial Hardware,,,,,,,,,,,,,,,,,,,,,,,,,,,Industrial Hardware,Size,,,Material,,,,,,,,,,,,,,,,,,,,,,,,,,,,,,,,,,,,,,,,,,,,,,,,,,,,,,,,,,,,,,,,,,,,,,,,,,,,,,,,,,,,,,,,,,,,,,,,,,,,,,,,,,,,,,,,,,,,,,,,,,,,,,,,,,,,,,,,,,,,,,,,,,,,,,,,,,,,,,,,,,,,,,,,,,,,,,,,,,,,,,,,,,,,,,,,,
,,,,,,,Hardware,General Hardware,Hardware Accessories,,565887,565887 60W Led Med 20k,,,Philips,Phillips Lighting (5831),Phillips Lighting,Phillips Lighting,,565887,,Industrial & Commercial Supplies>Hardware>General Hardware,"Phillips Lighting, Industrial Hardware, 565887",INDUSTRIAL HARDWARE 565887,"Phillips Lighting, 565887, Industrial Hardware",Phillips Lighting Industrial Hardware Model 565887. ,Industrial Hardware,,,,,,,,,,,,,,,,,,,,,,,,,,,Industrial Hardware,Size,,,Material,,,,,,,,,,,,,,,,,,,,,,,,,,,,,,,,,,,,,,,,,,,,,,,,,,,,,,,,,,,,,,,,,,,,,,,,,,,,,,,,,,,,,,,,,,,,,,,,,,,,,,,,,,,,,,,,,,,,,,,,,,,,,,,,,,,,,,,,,,,,,,,,,,,,,,,,,,,,,,,,,,,,,,,,,,,,,,,,,,,,,,,,,,,,,,,,,
,,,,,,,Hardware,General Hardware,Hardware Accessories,,586867,586867 60W Led Med 27K,,,Philips,Phillips Lighting (5831),Phillips Lighting,Phillips Lighting,,586867,,Industrial & Commercial Supplies>Hardware>General Hardware,"Phillips Lighting, Industrial Hardware, 586867",INDUSTRIAL HARDWARE 586867,"Phillips Lighting, 586867, Industrial Hardware",Phillips Lighting Industrial Hardware Model 586867. ,Industrial Hardware,,,,,,,,,,,,,,,,,,,,,,,,,,,Industrial Hardware,Size,,,Material,,,,,,,,,,,,,,,,,,,,,,,,,,,,,,,,,,,,,,,,,,,,,,,,,,,,,,,,,,,,,,,,,,,,,,,,,,,,,,,,,,,,,,,,,,,,,,,,,,,,,,,,,,,,,,,,,,,,,,,,,,,,,,,,,,,,,,,,,,,,,,,,,,,,,,,,,,,,,,,,,,,,,,,,,,,,,,,,,,,,,,,,,,,,,,,,,
,,,,,,,Hardware,General Hardware,Hardware Accessories,,568451,5686451 50W Led Med 50k 2pk,,,Philips,Phillips Lighting (5831),Phillips Lighting,Phillips Lighting,,568451,,Industrial & Commercial Supplies>Hardware>General Hardware,"Phillips Lighting, Industrial Hardware, 568451",INDUSTRIAL HARDWARE 568451,"Phillips Lighting, 568451, Industrial Hardware",Phillips Lighting Industrial Hardware Model 568451. ,Industrial Hardware,,,,,,,,,,,,,,,,,,,,,,,,,,,Industrial Hardware,Size,,,Material,,,,,,,,,,,,,,,,,,,,,,,,,,,,,,,,,,,,,,,,,,,,,,,,,,,,,,,,,,,,,,,,,,,,,,,,,,,,,,,,,,,,,,,,,,,,,,,,,,,,,,,,,,,,,,,,,,,,,,,,,,,,,,,,,,,,,,,,,,,,,,,,,,,,,,,,,,,,,,,,,,,,,,,,,,,,,,,,,,,,,,,,,,,,,,,,,
,,,,,,,Hardware,General Hardware,Hardware Accessories,,568444,568444 90W Led Par38 50k 2pk,,,Philips,Phillips Lighting (5831),Phillips Lighting,Phillips Lighting,,568444,,Industrial & Commercial Supplies>Hardware>General Hardware,"Phillips Lighting, Industrial Hardware, 568444",INDUSTRIAL HARDWARE 568444,"Phillips Lighting, 568444, Industrial Hardware",Phillips Lighting Industrial Hardware Model 568444. ,Industrial Hardware,,,,,,,,,,,,,,,,,,,,,,,,,,,Industrial Hardware,Size,,,Material,,,,,,,,,,,,,,,,,,,,,,,,,,,,,,,,,,,,,,,,,,,,,,,,,,,,,,,,,,,,,,,,,,,,,,,,,,,,,,,,,,,,,,,,,,,,,,,,,,,,,,,,,,,,,,,,,,,,,,,,,,,,,,,,,,,,,,,,,,,,,,,,,,,,,,,,,,,,,,,,,,,,,,,,,,,,,,,,,,,,,,,,,,,,,,,,,
,,,,,,,Hardware,General Hardware,Hardware Accessories,,573196,573196 75W Led Med 30K,,,Philips,Phillips Lighting (5831),Phillips Lighting,Phillips Lighting,,573196,,Industrial & Commercial Supplies>Hardware>General Hardware,"Phillips Lighting, Industrial Hardware, 573196",INDUSTRIAL HARDWARE 573196,"Phillips Lighting, 573196, Industrial Hardware",Phillips Lighting Industrial Hardware Model 573196. ,Industrial Hardware,,,,,,,,,,,,,,,,,,,,,,,,,,,Industrial Hardware,Size,,,Material,,,,,,,,,,,,,,,,,,,,,,,,,,,,,,,,,,,,,,,,,,,,,,,,,,,,,,,,,,,,,,,,,,,,,,,,,,,,,,,,,,,,,,,,,,,,,,,,,,,,,,,,,,,,,,,,,,,,,,,,,,,,,,,,,,,,,,,,,,,,,,,,,,,,,,,,,,,,,,,,,,,,,,,,,,,,,,,,,,,,,,,,,,,,,,,,,
,,,,,,,Hardware,General Hardware,Hardware Accessories,,564500,564500 75W Adj Base 50k 3pk,,,Philips,Phillips Lighting (5831),Phillips Lighting,Phillips Lighting,,564500,,Industrial & Commercial Supplies>Hardware>General Hardware,"Phillips Lighting, Industrial Hardware, 564500",INDUSTRIAL HARDWARE 564500,"Phillips Lighting, 564500, Industrial Hardware",Phillips Lighting Industrial Hardware Model 564500. ,Industrial Hardware,,,,,,,,,,,,,,,,,,,,,,,,,,,Industrial Hardware,Size,,,Material,,,,,,,,,,,,,,,,,,,,,,,,,,,,,,,,,,,,,,,,,,,,,,,,,,,,,,,,,,,,,,,,,,,,,,,,,,,,,,,,,,,,,,,,,,,,,,,,,,,,,,,,,,,,,,,,,,,,,,,,,,,,,,,,,,,,,,,,,,,,,,,,,,,,,,,,,,,,,,,,,,,,,,,,,,,,,,,,,,,,,,,,,,,,,,,,,
,,,,,,,Hardware,General Hardware,Hardware Accessories,,571513,571513 40/60/100 Led Med 27k,,,Philips,Phillips Lighting (5831),Phillips Lighting,Phillips Lighting,,571513,,Industrial & Commercial Supplies>Hardware>General Hardware,"Phillips Lighting, Industrial Hardware, 571513",INDUSTRIAL HARDWARE 571513,"Phillips Lighting, 571513, Industrial Hardware",Phillips Lighting Industrial Hardware Model 571513. ,Industrial Hardware,,,,,,,,,,,,,,,,,,,,,,,,,,,Industrial Hardware,Size,,,Material,,,,,,,,,,,,,,,,,,,,,,,,,,,,,,,,,,,,,,,,,,,,,,,,,,,,,,,,,,,,,,,,,,,,,,,,,,,,,,,,,,,,,,,,,,,,,,,,,,,,,,,,,,,,,,,,,,,,,,,,,,,,,,,,,,,,,,,,,,,,,,,,,,,,,,,,,,,,,,,,,,,,,,,,,,,,,,,,,,,,,,,,,,,,,,,,,
,,,,,,,Hardware,General Hardware,Hardware Accessories,,588566,588566 40W Led Med 55k 3pk,,,Philips,Phillips Lighting (5831),Phillips Lighting,Phillips Lighting,,588566,,Industrial & Commercial Supplies>Hardware>General Hardware,"Phillips Lighting, Industrial Hardware, 588566",INDUSTRIAL HARDWARE 588566,"Phillips Lighting, 588566, Industrial Hardware",Phillips Lighting Industrial Hardware Model 588566. ,Industrial Hardware,,,,,,,,,,,,,,,,,,,,,,,,,,,Industrial Hardware,Size,,,Material,,,,,,,,,,,,,,,,,,,,,,,,,,,,,,,,,,,,,,,,,,,,,,,,,,,,,,,,,,,,,,,,,,,,,,,,,,,,,,,,,,,,,,,,,,,,,,,,,,,,,,,,,,,,,,,,,,,,,,,,,,,,,,,,,,,,,,,,,,,,,,,,,,,,,,,,,,,,,,,,,,,,,,,,,,,,,,,,,,,,,,,,,,,,,,,,,
,,,,,,,Hardware,General Hardware,Hardware Accessories,,565655,565655 25W Led A15 Med 20k,,,Philips,Phillips Lighting (5831),Phillips Lighting,Phillips Lighting,,565655,,Industrial & Commercial Supplies>Hardware>General Hardware,"Phillips Lighting, Industrial Hardware, 565655",INDUSTRIAL HARDWARE 565655,"Phillips Lighting, 565655, Industrial Hardware",Phillips Lighting Industrial Hardware Model 565655. ,Industrial Hardware,,,,,,,,,,,,,,,,,,,,,,,,,,,Industrial Hardware,Size,,,Material,,,,,,,,,,,,,,,,,,,,,,,,,,,,,,,,,,,,,,,,,,,,,,,,,,,,,,,,,,,,,,,,,,,,,,,,,,,,,,,,,,,,,,,,,,,,,,,,,,,,,,,,,,,,,,,,,,,,,,,,,,,,,,,,,,,,,,,,,,,,,,,,,,,,,,,,,,,,,,,,,,,,,,,,,,,,,,,,,,,,,,,,,,,,,,,,,
,,,,,,,Hardware,General Hardware,Hardware Accessories,,565812,565812 60W Med Led 50k,,,Philips,Phillips Lighting (5831),Phillips Lighting,Phillips Lighting,,565812,,Industrial & Commercial Supplies>Hardware>General Hardware,"Phillips Lighting, Industrial Hardware, 565812",INDUSTRIAL HARDWARE 565812,"Phillips Lighting, 565812, Industrial Hardware",Phillips Lighting Industrial Hardware Model 565812. ,Industrial Hardware,,,,,,,,,,,,,,,,,,,,,,,,,,,Industrial Hardware,Size,,,Material,,,,,,,,,,,,,,,,,,,,,,,,,,,,,,,,,,,,,,,,,,,,,,,,,,,,,,,,,,,,,,,,,,,,,,,,,,,,,,,,,,,,,,,,,,,,,,,,,,,,,,,,,,,,,,,,,,,,,,,,,,,,,,,,,,,,,,,,,,,,,,,,,,,,,,,,,,,,,,,,,,,,,,,,,,,,,,,,,,,,,,,,,,,,,,,,,
,,,,,,,Hardware,General Hardware,Hardware Accessories,,586917,586917 40W Led Cand 27K 2pk,,,Philips,Phillips Lighting (5831),Phillips Lighting,Phillips Lighting,,586917,,Industrial & Commercial Supplies>Hardware>General Hardware,"Phillips Lighting, Industrial Hardware, 586917",INDUSTRIAL HARDWARE 586917,"Phillips Lighting, 586917, Industrial Hardware",Phillips Lighting Industrial Hardware Model 586917. ,Industrial Hardware,,,,,,,,,,,,,,,,,,,,,,,,,,,Industrial Hardware,Size,,,Material,,,,,,,,,,,,,,,,,,,,,,,,,,,,,,,,,,,,,,,,,,,,,,,,,,,,,,,,,,,,,,,,,,,,,,,,,,,,,,,,,,,,,,,,,,,,,,,,,,,,,,,,,,,,,,,,,,,,,,,,,,,,,,,,,,,,,,,,,,,,,,,,,,,,,,,,,,,,,,,,,,,,,,,,,,,,,,,,,,,,,,,,,,,,,,,,,
,,,,,,,Hardware,General Hardware,Hardware Accessories,,46719,49719 Wall Light Motion Wh,,,,Maxsa Innovations (MAXIN),Maxsa Innovations,Maxsa Innovations,,46719,,Industrial & Commercial Supplies>Hardware>General Hardware,"Maxsa Innovations, Industrial Hardware, 46719",INDUSTRIAL HARDWARE 46719,"Maxsa Innovations, 46719, Industrial Hardware",Maxsa Innovations Industrial Hardware Model 46719. ,Industrial Hardware,,,,,,,,,,,,,,,,,,,,,,,,,,,Industrial Hardware,Size,,,Material,,,,,,,,,,,,,,,,,,,,,,,,,,,,,,,,,,,,,,,,,,,,,,,,,,,,,,,,,,,,,,,,,,,,,,,,,,,,,,,,,,,,,,,,,,,,,,,,,,,,,,,,,,,,,,,,,,,,,,,,,,,,,,,,,,,,,,,,,,,,,,,,,,,,,,,,,,,,,,,,,,,,,,,,,,,,,,,,,,,,,,,,,,,,,,,,,
,,,,,,,Hardware,General Hardware,Hardware Accessories,,59061BSL,59061BSL Kichler Ext Wall Lt,,,,Kichler Lighting (KICLI),Kichler Lighting,Kichler Lighting,,59061BSL,,Industrial & Commercial Supplies>Hardware>General Hardware,"Kichler Lighting, Industrial Hardware, 59061BSL",INDUSTRIAL HARDWARE 59061BSL,"Kichler Lighting, 59061BSL, Industrial Hardware",Kichler Lighting Industrial Hardware Model 59061BSL. ,Industrial Hardware,,,,,,,,,,,,,,,,,,,,,,,,,,,Industrial Hardware,Size,,,Material,,,,,,,,,,,,,,,,,,,,,,,,,,,,,,,,,,,,,,,,,,,,,,,,,,,,,,,,,,,,,,,,,,,,,,,,,,,,,,,,,,,,,,,,,,,,,,,,,,,,,,,,,,,,,,,,,,,,,,,,,,,,,,,,,,,,,,,,,,,,,,,,,,,,,,,,,,,,,,,,,,,,,,,,,,,,,,,,,,,,,,,,,,,,,,,,,
,,,,,,,Hardware,General Hardware,Hardware Accessories,,59062BSL,59062BSL Kichler Ext Wall Lt,,,,Kichler Lighting (KICLI),Kichler Lighting,Kichler Lighting,,59062BSL,,Industrial & Commercial Supplies>Hardware>General Hardware,"Kichler Lighting, Industrial Hardware, 59062BSL",INDUSTRIAL HARDWARE 59062BSL,"Kichler Lighting, 59062BSL, Industrial Hardware",Kichler Lighting Industrial Hardware Model 59062BSL. ,Industrial Hardware,,,,,,,,,,,,,,,,,,,,,,,,,,,Industrial Hardware,Size,,,Material,,,,,,,,,,,,,,,,,,,,,,,,,,,,,,,,,,,,,,,,,,,,,,,,,,,,,,,,,,,,,,,,,,,,,,,,,,,,,,,,,,,,,,,,,,,,,,,,,,,,,,,,,,,,,,,,,,,,,,,,,,,,,,,,,,,,,,,,,,,,,,,,,,,,,,,,,,,,,,,,,,,,,,,,,,,,,,,,,,,,,,,,,,,,,,,,,
,,,,,,,Hardware,General Hardware,Hardware Accessories,,59124BKT,59124BKT Kichler Ext Wall Lt,,,,Kichler Lighting (KICLI),Kichler Lighting,Kichler Lighting,,59124BKT,,Industrial & Commercial Supplies>Hardware>General Hardware,"Kichler Lighting, Industrial Hardware, 59124BKT",INDUSTRIAL HARDWARE 59124BKT,"Kichler Lighting, 59124BKT, Industrial Hardware",Kichler Lighting Industrial Hardware Model 59124BKT. ,Industrial Hardware,,,,,,,,,,,,,,,,,,,,,,,,,,,Industrial Hardware,Size,,,Material,,,,,,,,,,,,,,,,,,,,,,,,,,,,,,,,,,,,,,,,,,,,,,,,,,,,,,,,,,,,,,,,,,,,,,,,,,,,,,,,,,,,,,,,,,,,,,,,,,,,,,,,,,,,,,,,,,,,,,,,,,,,,,,,,,,,,,,,,,,,,,,,,,,,,,,,,,,,,,,,,,,,,,,,,,,,,,,,,,,,,,,,,,,,,,,,,
,,,,,,,Hardware,General Hardware,Hardware Accessories,,59025BK,59025BK Kichler Post Lt,,,,Kichler Lighting (KICLI),Kichler Lighting,Kichler Lighting,,59025BK,,Industrial & Commercial Supplies>Hardware>General Hardware,"Kichler Lighting, Industrial Hardware, 59025BK",INDUSTRIAL HARDWARE 59025BK,"Kichler Lighting, 59025BK, Industrial Hardware",Kichler Lighting Industrial Hardware Model 59025BK. ,Industrial Hardware,,,,,,,,,,,,,,,,,,,,,,,,,,,Industrial Hardware,Size,,,Material,,,,,,,,,,,,,,,,,,,,,,,,,,,,,,,,,,,,,,,,,,,,,,,,,,,,,,,,,,,,,,,,,,,,,,,,,,,,,,,,,,,,,,,,,,,,,,,,,,,,,,,,,,,,,,,,,,,,,,,,,,,,,,,,,,,,,,,,,,,,,,,,,,,,,,,,,,,,,,,,,,,,,,,,,,,,,,,,,,,,,,,,,,,,,,,,,
,,,,,,,Hardware,General Hardware,Hardware Accessories,,DCL183,Dewalt DCL183 Light - Rechargeable,,,DEWALT,Black & Decker/dewlt (2585),Black & Decker/dewlt,Black & Decker/dewlt,,DCL183,,Industrial & Commercial Supplies>Hardware>General Hardware,"Black & Decker/dewlt, Industrial Hardware, DCL183",INDUSTRIAL HARDWARE DCL183,"Black & Decker/dewlt, DCL183, Industrial Hardware",Black & Decker/dewlt Industrial Hardware Model DCL183. ,Industrial Hardware,,,,,,,,,,,,,,,,,,,,,,,,,,,Industrial Hardware,Size,,,Material,,,,,,,,,,,,,,,,,,,,,,,,,,,,,,,,,,,,,,,,,,,,,,,,,,,,,,,,,,,,,,,,,,,,,,,,,,,,,,,,,,,,,,,,,,,,,,,,,,,,,,,,,,,,,,,,,,,,,,,,,,,,,,,,,,,,,,,,,,,,,,,,,,,,,,,,,,,,,,,,,,,,,,,,,,,,,,,,,,,,,,,,,,,,,,,,,
,,,,,,,Hardware,General Hardware,Hardware Accessories,,73020,73020 Nano Clip Light Bk,,,,Streamlight (7277),Streamlight,Streamlight,,73020,,Industrial & Commercial Supplies>Hardware>General Hardware,"Streamlight, Industrial Hardware, 73020",INDUSTRIAL HARDWARE 73020,"Streamlight, 73020, Industrial Hardware",Streamlight Industrial Hardware Model 73020. ,Industrial Hardware,,,,,,,,,,,,,,,,,,,,,,,,,,,Industrial Hardware,Size,,,Material,,,,,,,,,,,,,,,,,,,,,,,,,,,,,,,,,,,,,,,,,,,,,,,,,,,,,,,,,,,,,,,,,,,,,,,,,,,,,,,,,,,,,,,,,,,,,,,,,,,,,,,,,,,,,,,,,,,,,,,,,,,,,,,,,,,,,,,,,,,,,,,,,,,,,,,,,,,,,,,,,,,,,,,,,,,,,,,,,,,,,,,,,,,,,,,,,
,,,,,,,Hardware,General Hardware,Hardware Accessories,,NEB-FLT-1021,NEBFLT1021 Slyde King FlashLt,,,,ACG Brands (1154),ACG Brands,ACG Brands,,NEB-FLT-1021,,Industrial & Commercial Supplies>Hardware>General Hardware,"ACG Brands, Industrial Hardware, NEB-FLT-1021",INDUSTRIAL HARDWARE NEB-FLT-1021,"ACG Brands, NEB-FLT-1021, Industrial Hardware",ACG Brands Industrial Hardware Model NEB-FLT-1021. ,Industrial Hardware,,,,,,,,,,,,,,,,,,,,,,,,,,,Industrial Hardware,Size,,,Material,,,,,,,,,,,,,,,,,,,,,,,,,,,,,,,,,,,,,,,,,,,,,,,,,,,,,,,,,,,,,,,,,,,,,,,,,,,,,,,,,,,,,,,,,,,,,,,,,,,,,,,,,,,,,,,,,,,,,,,,,,,,,,,,,,,,,,,,,,,,,,,,,,,,,,,,,,,,,,,,,,,,,,,,,,,,,,,,,,,,,,,,,,,,,,,,,
,,,,,,,Hardware,General Hardware,Hardware Accessories,,NEB-FLT-0053,NEBFLT0053 2600L Flash Light,,,,ACG Brands (1154),ACG Brands,ACG Brands,,NEB-FLT-0053,,Industrial & Commercial Supplies>Hardware>General Hardware,"ACG Brands, Industrial Hardware, NEB-FLT-0053",INDUSTRIAL HARDWARE NEB-FLT-0053,"ACG Brands, NEB-FLT-0053, Industrial Hardware",ACG Brands Industrial Hardware Model NEB-FLT-0053. ,Industrial Hardware,,,,,,,,,,,,,,,,,,,,,,,,,,,Industrial Hardware,Size,,,Material,,,,,,,,,,,,,,,,,,,,,,,,,,,,,,,,,,,,,,,,,,,,,,,,,,,,,,,,,,,,,,,,,,,,,,,,,,,,,,,,,,,,,,,,,,,,,,,,,,,,,,,,,,,,,,,,,,,,,,,,,,,,,,,,,,,,,,,,,,,,,,,,,,,,,,,,,,,,,,,,,,,,,,,,,,,,,,,,,,,,,,,,,,,,,,,,,
,,,,,,,Hardware,General Hardware,Hardware Accessories,,97708,97708 Police 800L Headlight,,,Police Security,Police Security (9470),Police Security,Police Security,,97708,,Industrial & Commercial Supplies>Hardware>General Hardware,"Police Security, Industrial Hardware, 97708",INDUSTRIAL HARDWARE 97708,"Police Security, 97708, Industrial Hardware",Police Security Industrial Hardware Model 97708. ,Industrial Hardware,,,,,,,,,,,,,,,,,,,,,,,,,,,Industrial Hardware,Size,,,Material,,,,,,,,,,,,,,,,,,,,,,,,,,,,,,,,,,,,,,,,,,,,,,,,,,,,,,,,,,,,,,,,,,,,,,,,,,,,,,,,,,,,,,,,,,,,,,,,,,,,,,,,,,,,,,,,,,,,,,,,,,,,,,,,,,,,,,,,,,,,,,,,,,,,,,,,,,,,,,,,,,,,,,,,,,,,,,,,,,,,,,,,,,,,,,,,,
,,,,,,,Hardware,General Hardware,Hardware Accessories,,WORK6000XLTPPLUG,6000L Twin Head Work Light,,,Feit Electric,Feit Electric (3468),Feit Electric,Feit Electric,,WORK6000XLTPPLUG,,Industrial & Commercial Supplies>Hardware>General Hardware,"Feit Electric, Industrial Hardware, WORK6000XLTPPLUG",INDUSTRIAL HARDWARE WORK6000XLTPPLUG,"Feit Electric, WORK6000XLTPPLUG, Industrial Hardware",Feit Electric Industrial Hardware Model WORK6000XLTPPLUG. ,Industrial Hardware,,,,,,,,,,,,,,,,,,,,,,,,,,,Industrial Hardware,Size,,,Material,,,,,,,,,,,,,,,,,,,,,,,,,,,,,,,,,,,,,,,,,,,,,,,,,,,,,,,,,,,,,,,,,,,,,,,,,,,,,,,,,,,,,,,,,,,,,,,,,,,,,,,,,,,,,,,,,,,,,,,,,,,,,,,,,,,,,,,,,,,,,,,,,,,,,,,,,,,,,,,,,,,,,,,,,,,,,,,,,,,,,,,,,,,,,,,,,
,,,,,,,Hardware,General Hardware,Hardware Accessories,,HOM2040M200PRB,HOM2040M200PRB 200A Load Cntr,,,,Square D Con Prod Dv (6825),Square D Con Prod Dv,Square D Con Prod Dv,,HOM2040M200PRB,,Industrial & Commercial Supplies>Hardware>General Hardware,"Square D Con Prod Dv, Industrial Hardware, HOM2040M200PRB",INDUSTRIAL HARDWARE HOM2040M200PRB,"Square D Con Prod Dv, HOM2040M200PRB, Industrial Hardware",Square D Con Prod Dv Industrial Hardware Model HOM2040M200PRB. ,Industrial Hardware,,,,,,,,,,,,,,,,,,,,,,,,,,,Industrial Hardware,Size,,,Material,,,,,,,,,,,,,,,,,,,,,,,,,,,,,,,,,,,,,,,,,,,,,,,,,,,,,,,,,,,,,,,,,,,,,,,,,,,,,,,,,,,,,,,,,,,,,,,,,,,,,,,,,,,,,,,,,,,,,,,,,,,,,,,,,,,,,,,,,,,,,,,,,,,,,,,,,,,,,,,,,,,,,,,,,,,,,,,,,,,,,,,,,,,,,,,,,
,,,,,,,Hardware,General Hardware,Hardware Accessories,,HOM3060L225PGC,HOM3060L225PGC 225 Load Center,,,Square D,Square D Con Prod Dv (6825),Square D Con Prod Dv,Square D Con Prod Dv,,HOM3060L225PGC,,Industrial & Commercial Supplies>Hardware>General Hardware,"Square D Con Prod Dv, Industrial Hardware, HOM3060L225PGC",INDUSTRIAL HARDWARE HOM3060L225PGC,"Square D Con Prod Dv, HOM3060L225PGC, Industrial Hardware",Square D Con Prod Dv Industrial Hardware Model HOM3060L225PGC. ,Industrial Hardware,,,,,,,,,,,,,,,,,,,,,,,,,,,Industrial Hardware,Size,,,Material,,,,,,,,,,,,,,,,,,,,,,,,,,,,,,,,,,,,,,,,,,,,,,,,,,,,,,,,,,,,,,,,,,,,,,,,,,,,,,,,,,,,,,,,,,,,,,,,,,,,,,,,,,,,,,,,,,,,,,,,,,,,,,,,,,,,,,,,,,,,,,,,,,,,,,,,,,,,,,,,,,,,,,,,,,,,,,,,,,,,,,,,,,,,,,,,,
,,,,,,,Hardware,General Hardware,Hardware Accessories,,QO612L100RBCP,QO612L100RBCP 100A Load Center,,,Square D,Square D Con Prod Dv (6825),Square D Con Prod Dv,Square D Con Prod Dv,,QO612L100RBCP,,Industrial & Commercial Supplies>Hardware>General Hardware,"Square D Con Prod Dv, Industrial Hardware, QO612L100RBCP",INDUSTRIAL HARDWARE QO612L100RBCP,"Square D Con Prod Dv, QO612L100RBCP, Industrial Hardware",Square D Con Prod Dv Industrial Hardware Model QO612L100RBCP. ,Industrial Hardware,,,,,,,,,,,,,,,,,,,,,,,,,,,Industrial Hardware,Size,,,Material,,,,,,,,,,,,,,,,,,,,,,,,,,,,,,,,,,,,,,,,,,,,,,,,,,,,,,,,,,,,,,,,,,,,,,,,,,,,,,,,,,,,,,,,,,,,,,,,,,,,,,,,,,,,,,,,,,,,,,,,,,,,,,,,,,,,,,,,,,,,,,,,,,,,,,,,,,,,,,,,,,,,,,,,,,,,,,,,,,,,,,,,,,,,,,,,,
,,,,,,,Hardware,General Hardware,Hardware Accessories,,13093005,4/0 Aluminum Entrance Cable (Linear Foot),,,,Southwire/g Turner (6603),Southwire/g Turner,Southwire/g Turner,,13093005,,Industrial & Commercial Supplies>Hardware>General Hardware,"Southwire/g Turner, Industrial Hardware, 13093005",INDUSTRIAL HARDWARE 13093005,"Southwire/g Turner, 13093005, Industrial Hardware",Southwire/g Turner Industrial Hardware Model 13093005. ,Industrial Hardware,,,,,,,,,,,,,,,,,,,,,,,,,,,Industrial Hardware,Size,,,Material,,,,,,,,,,,,,,,,,,,,,,,,,,,,,,,,,,,,,,,,,,,,,,,,,,,,,,,,,,,,,,,,,,,,,,,,,,,,,,,,,,,,,,,,,,,,,,,,,,,,,,,,,,,,,,,,,,,,,,,,,,,,,,,,,,,,,,,,,,,,,,,,,,,,,,,,,,,,,,,,,,,,,,,,,,,,,,,,,,,,,,,,,,,,,,,,,
,,,,,,,Hardware,General Hardware,Hardware Accessories,,12-4 SO,12-4 SO Cord (Linear Foot),,,,,Generic Manufacturer,Generic Manufacturer,,12-4 SO,,Industrial & Commercial Supplies>Hardware>General Hardware,"Generic Manufacturer, Industrial Hardware, 12-4 SO",INDUSTRIAL HARDWARE 12-4 SO,"Generic Manufacturer, 12-4 SO, Industrial Hardware",Generic Manufacturer Industrial Hardware Model 12-4 SO. ,Industrial Hardware,,,,,,,,,,,,,,,,,,,,,,,,,,,Industrial Hardware,Size,,,Material,,,,,,,,,,,,,,,,,,,,,,,,,,,,,,,,,,,,,,,,,,,,,,,,,,,,,,,,,,,,,,,,,,,,,,,,,,,,,,,,,,,,,,,,,,,,,,,,,,,,,,,,,,,,,,,,,,,,,,,,,,,,,,,,,,,,,,,,,,,,,,,,,,,,,,,,,,,,,,,,,,,,,,,,,,,,,,,,,,,,,,,,,,,,,,,,,
,,,,,,,Hardware,General Hardware,Hardware Accessories,,96263-46-06,96263-46-06 CAT5E Wire (Linear Foot),,,,Woods Wire Southwire (7579),Woods Wire Southwire,Woods Wire Southwire,,96263-46-06,,Industrial & Commercial Supplies>Hardware>General Hardware,"Woods Wire Southwire, Industrial Hardware, 96263-46-06",INDUSTRIAL HARDWARE 96263-46-06,"Woods Wire Southwire, 96263-46-06, Industrial Hardware",Woods Wire Southwire Industrial Hardware Model 96263-46-06. ,Industrial Hardware,,,,,,,,,,,,,,,,,,,,,,,,,,,Industrial Hardware,Size,,,Material,,,,,,,,,,,,,,,,,,,,,,,,,,,,,,,,,,,,,,,,,,,,,,,,,,,,,,,,,,,,,,,,,,,,,,,,,,,,,,,,,,,,,,,,,,,,,,,,,,,,,,,,,,,,,,,,,,,,,,,,,,,,,,,,,,,,,,,,,,,,,,,,,,,,,,,,,,,,,,,,,,,,,,,,,,,,,,,,,,,,,,,,,,,,,,,,,
,,,,,,,Hardware,General Hardware,Hardware Accessories,,R50003-ID,16-2 Stranded Wire CL3 500' (Linear Foot),,,,Southwire/g Turner (6603),Southwire/g Turner,Southwire/g Turner,,R50003-ID,,Industrial & Commercial Supplies>Hardware>General Hardware,"Southwire/g Turner, Industrial Hardware, R50003-ID",INDUSTRIAL HARDWARE R50003-ID,"Southwire/g Turner, R50003-ID, Industrial Hardware",Southwire/g Turner Industrial Hardware Model R50003-ID. ,Industrial Hardware,,,,,,,,,,,,,,,,,,,,,,,,,,,Industrial Hardware,Size,,,Material,,,,,,,,,,,,,,,,,,,,,,,,,,,,,,,,,,,,,,,,,,,,,,,,,,,,,,,,,,,,,,,,,,,,,,,,,,,,,,,,,,,,,,,,,,,,,,,,,,,,,,,,,,,,,,,,,,,,,,,,,,,,,,,,,,,,,,,,,,,,,,,,,,,,,,,,,,,,,,,,,,,,,,,,,,,,,,,,,,,,,,,,,,,,,,,,,
,,,,,,,Hardware,General Hardware,Hardware Accessories,,10-4 SO,10-4 SO Cord (Linear Foot),,,,Southwire/g Turner (6603),Southwire/g Turner,Southwire/g Turner,,10-4 SO,,Industrial & Commercial Supplies>Hardware>General Hardware,"Southwire/g Turner, Industrial Hardware, 10-4 SO",INDUSTRIAL HARDWARE 10-4 SO,"Southwire/g Turner, 10-4 SO, Industrial Hardware",Southwire/g Turner Industrial Hardware Model 10-4 SO. ,Industrial Hardware,,,,,,,,,,,,,,,,,,,,,,,,,,,Industrial Hardware,Size,,,Material,,,,,,,,,,,,,,,,,,,,,,,,,,,,,,,,,,,,,,,,,,,,,,,,,,,,,,,,,,,,,,,,,,,,,,,,,,,,,,,,,,,,,,,,,,,,,,,,,,,,,,,,,,,,,,,,,,,,,,,,,,,,,,,,,,,,,,,,,,,,,,,,,,,,,,,,,,,,,,,,,,,,,,,,,,,,,,,,,,,,,,,,,,,,,,,,,
,,,,,,,Hardware,General Hardware,Hardware Accessories,,23346-0408,23346-0408 Wire 16/3 SJEWA 250 (Linear Foot),,,,,Generic Manufacturer,Generic Manufacturer,,23346-0408,,Industrial & Commercial Supplies>Hardware>General Hardware,"Generic Manufacturer, Industrial Hardware, 23346-0408",INDUSTRIAL HARDWARE 23346-0408,"Generic Manufacturer, 23346-0408, Industrial Hardware",Generic Manufacturer Industrial Hardware Model 23346-0408. ,Industrial Hardware,,,,,,,,,,,,,,,,,,,,,,,,,,,Industrial Hardware,Size,,,Material,,,,,,,,,,,,,,,,,,,,,,,,,,,,,,,,,,,,,,,,,,,,,,,,,,,,,,,,,,,,,,,,,,,,,,,,,,,,,,,,,,,,,,,,,,,,,,,,,,,,,,,,,,,,,,,,,,,,,,,,,,,,,,,,,,,,,,,,,,,,,,,,,,,,,,,,,,,,,,,,,,,,,,,,,,,,,,,,,,,,,,,,,,,,,,,,,
,,,,,,,Hardware,General Hardware,Hardware Accessories,,2/2/4 UD ALUM,2/2/4 UD Aluminum Triplex Wire (Linear Foot),,,,Southwire/g Turner (6603),Southwire/g Turner,Southwire/g Turner,,2/2/4 UD ALUM,,Industrial & Commercial Supplies>Hardware>General Hardware,"Southwire/g Turner, Industrial Hardware, 2/2/4 UD ALUM",INDUSTRIAL HARDWARE 2/2/4 UD ALUM,"Southwire/g Turner, 2/2/4 UD ALUM, Industrial Hardware",Southwire/g Turner Industrial Hardware Model 2/2/4 UD ALUM. ,Industrial Hardware,,,,,,,,,,,,,,,,,,,,,,,,,,,Industrial Hardware,Size,,,Material,,,,,,,,,,,,,,,,,,,,,,,,,,,,,,,,,,,,,,,,,,,,,,,,,,,,,,,,,,,,,,,,,,,,,,,,,,,,,,,,,,,,,,,,,,,,,,,,,,,,,,,,,,,,,,,,,,,,,,,,,,,,,,,,,,,,,,,,,,,,,,,,,,,,,,,,,,,,,,,,,,,,,,,,,,,,,,,,,,,,,,,,,,,,,,,,,
,,,,,,,Hardware,General Hardware,Hardware Accessories,,55418901,6/6/6 UD Triplex Aluminum Wire,,,,Southwire/g Turner (6603),Southwire/g Turner,Southwire/g Turner,,55418901,,Industrial & Commercial Supplies>Hardware>General Hardware,"Southwire/g Turner, Industrial Hardware, 55418901",INDUSTRIAL HARDWARE 55418901,"Southwire/g Turner, 55418901, Industrial Hardware",Southwire/g Turner Industrial Hardware Model 55418901. ,Industrial Hardware,,,,,,,,,,,,,,,,,,,,,,,,,,,Industrial Hardware,Size,,,Material,,,,,,,,,,,,,,,,,,,,,,,,,,,,,,,,,,,,,,,,,,,,,,,,,,,,,,,,,,,,,,,,,,,,,,,,,,,,,,,,,,,,,,,,,,,,,,,,,,,,,,,,,,,,,,,,,,,,,,,,,,,,,,,,,,,,,,,,,,,,,,,,,,,,,,,,,,,,,,,,,,,,,,,,,,,,,,,,,,,,,,,,,,,,,,,,,
,,,,,,,Hardware,General Hardware,Hardware Accessories,,CG50K,"CG50K 1/2"" Cord Grip Kit",,,,Fenton Bros Electric Inc (FENBR),Fenton Bros Electric Inc,Fenton Bros Electric Inc,,CG50K,,Industrial & Commercial Supplies>Hardware>General Hardware,"Fenton Bros Electric Inc, Industrial Hardware, CG50K",INDUSTRIAL HARDWARE CG50K,"Fenton Bros Electric Inc, CG50K, Industrial Hardware",Fenton Bros Electric Inc Industrial Hardware Model CG50K. ,Industrial Hardware,,,,,,,,,,,,,,,,,,,,,,,,,,,Industrial Hardware,Size,,,Material,,,,,,,,,,,,,,,,,,,,,,,,,,,,,,,,,,,,,,,,,,,,,,,,,,,,,,,,,,,,,,,,,,,,,,,,,,,,,,,,,,,,,,,,,,,,,,,,,,,,,,,,,,,,,,,,,,,,,,,,,,,,,,,,,,,,,,,,,,,,,,,,,,,,,,,,,,,,,,,,,,,,,,,,,,,,,,,,,,,,,,,,,,,,,,,,,
,,,,,,,Hardware,General Hardware,Hardware Accessories,,R02-D215P-1RW,R02D215P1RW 15A Mini Outlet Wh,,,Leviton,Leviton Mfg Co (4927),Leviton Mfg Co,Leviton Mfg Co,,R02-D215P-1RW,,Industrial & Commercial Supplies>Hardware>General Hardware,"Leviton Mfg Co, Industrial Hardware, R02-D215P-1RW",INDUSTRIAL HARDWARE R02-D215P-1RW,"Leviton Mfg Co, R02-D215P-1RW, Industrial Hardware",Leviton Mfg Co Industrial Hardware Model R02-D215P-1RW. ,Industrial Hardware,,,,,,,,,,,,,,,,,,,,,,,,,,,Industrial Hardware,Size,,,Material,,,,,,,,,,,,,,,,,,,,,,,,,,,,,,,,,,,,,,,,,,,,,,,,,,,,,,,,,,,,,,,,,,,,,,,,,,,,,,,,,,,,,,,,,,,,,,,,,,,,,,,,,,,,,,,,,,,,,,,,,,,,,,,,,,,,,,,,,,,,,,,,,,,,,,,,,,,,,,,,,,,,,,,,,,,,,,,,,,,,,,,,,,,,,,,,,
,,,,,,,Hardware,General Hardware,Hardware Accessories,,PBUC013,PBUC013 15A Wall Tap w/USB,,,Prime,Prime Wire & Cable (3562),Prime Wire & Cable,Prime Wire & Cable,,PBUC013,,Industrial & Commercial Supplies>Hardware>General Hardware,"Prime Wire & Cable, Industrial Hardware, PBUC013",INDUSTRIAL HARDWARE PBUC013,"Prime Wire & Cable, PBUC013, Industrial Hardware",Prime Wire & Cable Industrial Hardware Model PBUC013. ,Industrial Hardware,,,,,,,,,,,,,,,,,,,,,,,,,,,Industrial Hardware,Size,,,Material,,,,,,,,,,,,,,,,,,,,,,,,,,,,,,,,,,,,,,,,,,,,,,,,,,,,,,,,,,,,,,,,,,,,,,,,,,,,,,,,,,,,,,,,,,,,,,,,,,,,,,,,,,,,,,,,,,,,,,,,,,,,,,,,,,,,,,,,,,,,,,,,,,,,,,,,,,,,,,,,,,,,,,,,,,,,,,,,,,,,,,,,,,,,,,,,,
,,,,,,,Hardware,General Hardware,Hardware Accessories,,R00-GFNT1-00K,R00GFNT100K 15A Outlet Br,,,Leviton,Leviton Mfg Co (4927),Leviton Mfg Co,Leviton Mfg Co,,R00-GFNT1-00K,,Industrial & Commercial Supplies>Hardware>General Hardware,"Leviton Mfg Co, Industrial Hardware, R00-GFNT1-00K",INDUSTRIAL HARDWARE R00-GFNT1-00K,"Leviton Mfg Co, R00-GFNT1-00K, Industrial Hardware",Leviton Mfg Co Industrial Hardware Model R00-GFNT1-00K. ,Industrial Hardware,,,,,,,,,,,,,,,,,,,,,,,,,,,Industrial Hardware,Size,,,Material,,,,,,,,,,,,,,,,,,,,,,,,,,,,,,,,,,,,,,,,,,,,,,,,,,,,,,,,,,,,,,,,,,,,,,,,,,,,,,,,,,,,,,,,,,,,,,,,,,,,,,,,,,,,,,,,,,,,,,,,,,,,,,,,,,,,,,,,,,,,,,,,,,,,,,,,,,,,,,,,,,,,,,,,,,,,,,,,,,,,,,,,,,,,,,,,,
,,,,,,,Hardware,General Hardware,Hardware Accessories,,R92-GFWT1-0KW,R92GFWT10KW 15A GFCI Outlet Wh,,,Leviton,Leviton Mfg Co (4927),Leviton Mfg Co,Leviton Mfg Co,,R92-GFWT1-0KW,,Industrial & Commercial Supplies>Hardware>General Hardware,"Leviton Mfg Co, Industrial Hardware, R92-GFWT1-0KW",INDUSTRIAL HARDWARE R92-GFWT1-0KW,"Leviton Mfg Co, R92-GFWT1-0KW, Industrial Hardware",Leviton Mfg Co Industrial Hardware Model R92-GFWT1-0KW. ,Industrial Hardware,,,,,,,,,,,,,,,,,,,,,,,,,,,Industrial Hardware,Size,,,Material,,,,,,,,,,,,,,,,,,,,,,,,,,,,,,,,,,,,,,,,,,,,,,,,,,,,,,,,,,,,,,,,,,,,,,,,,,,,,,,,,,,,,,,,,,,,,,,,,,,,,,,,,,,,,,,,,,,,,,,,,,,,,,,,,,,,,,,,,,,,,,,,,,,,,,,,,,,,,,,,,,,,,,,,,,,,,,,,,,,,,,,,,,,,,,,,,
,,,,,,,Hardware,General Hardware,Hardware Accessories,,R12-AGTR1-0KW,R12AGTR10KW 15A GFCI Outler Wh,,,Leviton,Leviton Mfg Co (4927),Leviton Mfg Co,Leviton Mfg Co,,R12-AGTR1-0KW,,Industrial & Commercial Supplies>Hardware>General Hardware,"Leviton Mfg Co, Industrial Hardware, R12-AGTR1-0KW",INDUSTRIAL HARDWARE R12-AGTR1-0KW,"Leviton Mfg Co, R12-AGTR1-0KW, Industrial Hardware",Leviton Mfg Co Industrial Hardware Model R12-AGTR1-0KW. ,Industrial Hardware,,,,,,,,,,,,,,,,,,,,,,,,,,,Industrial Hardware,Size,,,Material,,,,,,,,,,,,,,,,,,,,,,,,,,,,,,,,,,,,,,,,,,,,,,,,,,,,,,,,,,,,,,,,,,,,,,,,,,,,,,,,,,,,,,,,,,,,,,,,,,,,,,,,,,,,,,,,,,,,,,,,,,,,,,,,,,,,,,,,,,,,,,,,,,,,,,,,,,,,,,,,,,,,,,,,,,,,,,,,,,,,,,,,,,,,,,,,,
,,,,,,,Hardware,General Hardware,Hardware Accessories,,R62-GFTA1-0KW,R92GFTA10KW 15A GFCI Outlet Wh,,,Leviton,Leviton Mfg Co (4927),Leviton Mfg Co,Leviton Mfg Co,,R62-GFTA1-0KW,,Industrial & Commercial Supplies>Hardware>General Hardware,"Leviton Mfg Co, Industrial Hardware, R62-GFTA1-0KW",INDUSTRIAL HARDWARE R62-GFTA1-0KW,"Leviton Mfg Co, R62-GFTA1-0KW, Industrial Hardware",Leviton Mfg Co Industrial Hardware Model R62-GFTA1-0KW. ,Industrial Hardware,,,,,,,,,,,,,,,,,,,,,,,,,,,Industrial Hardware,Size,,,Material,,,,,,,,,,,,,,,,,,,,,,,,,,,,,,,,,,,,,,,,,,,,,,,,,,,,,,,,,,,,,,,,,,,,,,,,,,,,,,,,,,,,,,,,,,,,,,,,,,,,,,,,,,,,,,,,,,,,,,,,,,,,,,,,,,,,,,,,,,,,,,,,,,,,,,,,,,,,,,,,,,,,,,,,,,,,,,,,,,,,,,,,,,,,,,,,,
,,,,,,,Hardware,General Hardware,Hardware Accessories,,165-04729-00C,1650472900C 15A 125V Cord Conn,,,Leviton,Leviton Mfg Co (4927),Leviton Mfg Co,Leviton Mfg Co,,165-04729-00C,,Industrial & Commercial Supplies>Hardware>General Hardware,"Leviton Mfg Co, Industrial Hardware, 165-04729-00C",INDUSTRIAL HARDWARE 165-04729-00C,"Leviton Mfg Co, 165-04729-00C, Industrial Hardware",Leviton Mfg Co Industrial Hardware Model 165-04729-00C. ,Industrial Hardware,,,,,,,,,,,,,,,,,,,,,,,,,,,Industrial Hardware,Size,,,Material,,,,,,,,,,,,,,,,,,,,,,,,,,,,,,,,,,,,,,,,,,,,,,,,,,,,,,,,,,,,,,,,,,,,,,,,,,,,,,,,,,,,,,,,,,,,,,,,,,,,,,,,,,,,,,,,,,,,,,,,,,,,,,,,,,,,,,,,,,,,,,,,,,,,,,,,,,,,,,,,,,,,,,,,,,,,,,,,,,,,,,,,,,,,,,,,,
,,,,,,,Hardware,General Hardware,Hardware Accessories,,161-04720-00C,1610472000C 15A 125V Cord Conn,,,Leviton,Leviton Mfg Co (4927),Leviton Mfg Co,Leviton Mfg Co,,161-04720-00C,,Industrial & Commercial Supplies>Hardware>General Hardware,"Leviton Mfg Co, Industrial Hardware, 161-04720-00C",INDUSTRIAL HARDWARE 161-04720-00C,"Leviton Mfg Co, 161-04720-00C, Industrial Hardware",Leviton Mfg Co Industrial Hardware Model 161-04720-00C. ,Industrial Hardware,,,,,,,,,,,,,,,,,,,,,,,,,,,Industrial Hardware,Size,,,Material,,,,,,,,,,,,,,,,,,,,,,,,,,,,,,,,,,,,,,,,,,,,,,,,,,,,,,,,,,,,,,,,,,,,,,,,,,,,,,,,,,,,,,,,,,,,,,,,,,,,,,,,,,,,,,,,,,,,,,,,,,,,,,,,,,,,,,,,,,,,,,,,,,,,,,,,,,,,,,,,,,,,,,,,,,,,,,,,,,,,,,,,,,,,,,,,,
,,,,,,,Hardware,General Hardware,Hardware Accessories,,R02-GUAC1-0BW,R02GUAC10BW 15A/USB Outlet Wh,,,Leviton,Leviton Mfg Co (4927),Leviton Mfg Co,Leviton Mfg Co,,R02-GUAC1-0BW,,Industrial & Commercial Supplies>Hardware>General Hardware,"Leviton Mfg Co, Industrial Hardware, R02-GUAC1-0BW",INDUSTRIAL HARDWARE R02-GUAC1-0BW,"Leviton Mfg Co, R02-GUAC1-0BW, Industrial Hardware",Leviton Mfg Co Industrial Hardware Model R02-GUAC1-0BW. ,Industrial Hardware,,,,,,,,,,,,,,,,,,,,,,,,,,,Industrial Hardware,Size,,,Material,,,,,,,,,,,,,,,,,,,,,,,,,,,,,,,,,,,,,,,,,,,,,,,,,,,,,,,,,,,,,,,,,,,,,,,,,,,,,,,,,,,,,,,,,,,,,,,,,,,,,,,,,,,,,,,,,,,,,,,,,,,,,,,,,,,,,,,,,,,,,,,,,,,,,,,,,,,,,,,,,,,,,,,,,,,,,,,,,,,,,,,,,,,,,,,,,
,,,,,,,Hardware,General Hardware,Hardware Accessories,,R56-CBR15-00T,R56CBR1500T 15A Outlet LA,,,Leviton,Leviton Mfg Co (4927),Leviton Mfg Co,Leviton Mfg Co,,R56-CBR15-00T,,Industrial & Commercial Supplies>Hardware>General Hardware,"Leviton Mfg Co, Industrial Hardware, R56-CBR15-00T",INDUSTRIAL HARDWARE R56-CBR15-00T,"Leviton Mfg Co, R56-CBR15-00T, Industrial Hardware",Leviton Mfg Co Industrial Hardware Model R56-CBR15-00T. ,Industrial Hardware,,,,,,,,,,,,,,,,,,,,,,,,,,,Industrial Hardware,Size,,,Material,,,,,,,,,,,,,,,,,,,,,,,,,,,,,,,,,,,,,,,,,,,,,,,,,,,,,,,,,,,,,,,,,,,,,,,,,,,,,,,,,,,,,,,,,,,,,,,,,,,,,,,,,,,,,,,,,,,,,,,,,,,,,,,,,,,,,,,,,,,,,,,,,,,,,,,,,,,,,,,,,,,,,,,,,,,,,,,,,,,,,,,,,,,,,,,,,
,,,,,,,Hardware,General Hardware,Hardware Accessories,,R20-05378-P00,R2005378P00 6-50R Welder Outet,,,Leviton,Leviton Mfg Co (4927),Leviton Mfg Co,Leviton Mfg Co,,R20-05378-P00,,Industrial & Commercial Supplies>Hardware>General Hardware,"Leviton Mfg Co, Industrial Hardware, R20-05378-P00",INDUSTRIAL HARDWARE R20-05378-P00,"Leviton Mfg Co, R20-05378-P00, Industrial Hardware",Leviton Mfg Co Industrial Hardware Model R20-05378-P00. ,Industrial Hardware,,,,,,,,,,,,,,,,,,,,,,,,,,,Industrial Hardware,Size,,,Material,,,,,,,,,,,,,,,,,,,,,,,,,,,,,,,,,,,,,,,,,,,,,,,,,,,,,,,,,,,,,,,,,,,,,,,,,,,,,,,,,,,,,,,,,,,,,,,,,,,,,,,,,,,,,,,,,,,,,,,,,,,,,,,,,,,,,,,,,,,,,,,,,,,,,,,,,,,,,,,,,,,,,,,,,,,,,,,,,,,,,,,,,,,,,,,,,
,,,,,,,Hardware,General Hardware,Hardware Accessories,,WC1V12W-SG-UPC,WC1V12WSGUPC 1G Cover Wh,,,Southwire,Southwire/g Turner (6603),Southwire/g Turner,Southwire/g Turner,,WC1V12W-SG-UPC,,Industrial & Commercial Supplies>Hardware>General Hardware,"Southwire/g Turner, Industrial Hardware, WC1V12W-SG-UPC",INDUSTRIAL HARDWARE WC1V12W-SG-UPC,"Southwire/g Turner, WC1V12W-SG-UPC, Industrial Hardware",Southwire/g Turner Industrial Hardware Model WC1V12W-SG-UPC. ,Industrial Hardware,,,,,,,,,,,,,,,,,,,,,,,,,,,Industrial Hardware,Size,,,Material,,,,,,,,,,,,,,,,,,,,,,,,,,,,,,,,,,,,,,,,,,,,,,,,,,,,,,,,,,,,,,,,,,,,,,,,,,,,,,,,,,,,,,,,,,,,,,,,,,,,,,,,,,,,,,,,,,,,,,,,,,,,,,,,,,,,,,,,,,,,,,,,,,,,,,,,,,,,,,,,,,,,,,,,,,,,,,,,,,,,,,,,,,,,,,,,,
,,,,,,,Hardware,General Hardware,Hardware Accessories,,R51-GSRA1-THD,R5GSRA1THD 15A GFCI Plug,,,Leviton,Leviton Mfg Co (4927),Leviton Mfg Co,Leviton Mfg Co,,R51-GSRA1-THD,,Industrial & Commercial Supplies>Hardware>General Hardware,"Leviton Mfg Co, Industrial Hardware, R51-GSRA1-THD",INDUSTRIAL HARDWARE R51-GSRA1-THD,"Leviton Mfg Co, R51-GSRA1-THD, Industrial Hardware",Leviton Mfg Co Industrial Hardware Model R51-GSRA1-THD. ,Industrial Hardware,,,,,,,,,,,,,,,,,,,,,,,,,,,Industrial Hardware,Size,,,Material,,,,,,,,,,,,,,,,,,,,,,,,,,,,,,,,,,,,,,,,,,,,,,,,,,,,,,,,,,,,,,,,,,,,,,,,,,,,,,,,,,,,,,,,,,,,,,,,,,,,,,,,,,,,,,,,,,,,,,,,,,,,,,,,,,,,,,,,,,,,,,,,,,,,,,,,,,,,,,,,,,,,,,,,,,,,,,,,,,,,,,,,,,,,,,,,,
,,,,,,,Hardware,General Hardware,Hardware Accessories,,R62-CBR15-00W,R62CBR1500W 15A Outlet Wh,,,Leviton,Leviton Mfg Co (4927),Leviton Mfg Co,Leviton Mfg Co,,R62-CBR15-00W,,Industrial & Commercial Supplies>Hardware>General Hardware,"Leviton Mfg Co, Industrial Hardware, R62-CBR15-00W",INDUSTRIAL HARDWARE R62-CBR15-00W,"Leviton Mfg Co, R62-CBR15-00W, Industrial Hardware",Leviton Mfg Co Industrial Hardware Model R62-CBR15-00W. ,Industrial Hardware,,,,,,,,,,,,,,,,,,,,,,,,,,,Industrial Hardware,Size,,,Material,,,,,,,,,,,,,,,,,,,,,,,,,,,,,,,,,,,,,,,,,,,,,,,,,,,,,,,,,,,,,,,,,,,,,,,,,,,,,,,,,,,,,,,,,,,,,,,,,,,,,,,,,,,,,,,,,,,,,,,,,,,,,,,,,,,,,,,,,,,,,,,,,,,,,,,,,,,,,,,,,,,,,,,,,,,,,,,,,,,,,,,,,,,,,,,,,
,,,,,,,Hardware,General Hardware,Hardware Accessories,,S03-05226-IS,S0305226IS IV Switch / Pilot,,,Leviton,Leviton Mfg Co (4927),Leviton Mfg Co,Leviton Mfg Co,,S03-05226-IS,,Industrial & Commercial Supplies>Hardware>General Hardware,"Leviton Mfg Co, Industrial Hardware, S03-05226-IS",INDUSTRIAL HARDWARE S03-05226-IS,"Leviton Mfg Co, S03-05226-IS, Industrial Hardware",Leviton Mfg Co Industrial Hardware Model S03-05226-IS. ,Industrial Hardware,,,,,,,,,,,,,,,,,,,,,,,,,,,Industrial Hardware,Size,,,Material,,,,,,,,,,,,,,,,,,,,,,,,,,,,,,,,,,,,,,,,,,,,,,,,,,,,,,,,,,,,,,,,,,,,,,,,,,,,,,,,,,,,,,,,,,,,,,,,,,,,,,,,,,,,,,,,,,,,,,,,,,,,,,,,,,,,,,,,,,,,,,,,,,,,,,,,,,,,,,,,,,,,,,,,,,,,,,,,,,,,,,,,,,,,,,,,,
,,,,,,,Hardware,General Hardware,Hardware Accessories,,174-0CSB3-15W,174-OCSB3-15A Toggle 3-Way Switch Wh,,,,Leviton Mfg Co (4927),Leviton Mfg Co,Leviton Mfg Co,,174-0CSB3-15W,,Industrial & Commercial Supplies>Hardware>General Hardware,"Leviton Mfg Co, Industrial Hardware, 174-0CSB3-15W",INDUSTRIAL HARDWARE 174-0CSB3-15W,"Leviton Mfg Co, 174-0CSB3-15W, Industrial Hardware",Leviton Mfg Co Industrial Hardware Model 174-0CSB3-15W. ,Industrial Hardware,,,,,,,,,,,,,,,,,,,,,,,,,,,Industrial Hardware,Size,,,Material,,,,,,,,,,,,,,,,,,,,,,,,,,,,,,,,,,,,,,,,,,,,,,,,,,,,,,,,,,,,,,,,,,,,,,,,,,,,,,,,,,,,,,,,,,,,,,,,,,,,,,,,,,,,,,,,,,,,,,,,,,,,,,,,,,,,,,,,,,,,,,,,,,,,,,,,,,,,,,,,,,,,,,,,,,,,,,,,,,,,,,,,,,,,,,,,,
,,,,,,,Hardware,General Hardware,Hardware Accessories,,R50-0SL13-000,T50-0SL13000 1G Wallplate SS - Blank,,,Leviton,Leviton Mfg Co (4927),Leviton Mfg Co,Leviton Mfg Co,,R50-0SL13-000,,Industrial & Commercial Supplies>Hardware>General Hardware,"Leviton Mfg Co, Industrial Hardware, R50-0SL13-000",INDUSTRIAL HARDWARE R50-0SL13-000,"Leviton Mfg Co, R50-0SL13-000, Industrial Hardware",Leviton Mfg Co Industrial Hardware Model R50-0SL13-000. ,Industrial Hardware,,,,,,,,,,,,,,,,,,,,,,,,,,,Industrial Hardware,Size,,,Material,,,,,,,,,,,,,,,,,,,,,,,,,,,,,,,,,,,,,,,,,,,,,,,,,,,,,,,,,,,,,,,,,,,,,,,,,,,,,,,,,,,,,,,,,,,,,,,,,,,,,,,,,,,,,,,,,,,,,,,,,,,,,,,,,,,,,,,,,,,,,,,,,,,,,,,,,,,,,,,,,,,,,,,,,,,,,,,,,,,,,,,,,,,,,,,,,
,,,,,,,Hardware,General Hardware,Hardware Accessories,,R52-0PJ13-00W,R520PJ1300W 1G Wallplate Wh - Blank,,,Leviton,Leviton Mfg Co (4927),Leviton Mfg Co,Leviton Mfg Co,,R52-0PJ13-00W,,Industrial & Commercial Supplies>Hardware>General Hardware,"Leviton Mfg Co, Industrial Hardware, R52-0PJ13-00W",INDUSTRIAL HARDWARE R52-0PJ13-00W,"Leviton Mfg Co, R52-0PJ13-00W, Industrial Hardware",Leviton Mfg Co Industrial Hardware Model R52-0PJ13-00W. ,Industrial Hardware,,,,,,,,,,,,,,,,,,,,,,,,,,,Industrial Hardware,Size,,,Material,,,,,,,,,,,,,,,,,,,,,,,,,,,,,,,,,,,,,,,,,,,,,,,,,,,,,,,,,,,,,,,,,,,,,,,,,,,,,,,,,,,,,,,,,,,,,,,,,,,,,,,,,,,,,,,,,,,,,,,,,,,,,,,,,,,,,,,,,,,,,,,,,,,,,,,,,,,,,,,,,,,,,,,,,,,,,,,,,,,,,,,,,,,,,,,,,
,,,,,,,Hardware,General Hardware,Hardware Accessories,,XOU2470BCGS,XOU2470BCGS Tall Beverage Center SS,,,,Appliance Dealers Cooperative (APPDE),Appliance Dealers Cooperative,Appliance Dealers Cooperative,,XOU2470BCGS,,Industrial & Commercial Supplies>Hardware>General Hardware,"Appliance Dealers Cooperative, Industrial Hardware, XOU2470BCGS",INDUSTRIAL HARDWARE XOU2470BCGS,"Appliance Dealers Cooperative, XOU2470BCGS, Industrial Hardware",Appliance Dealers Cooperative Industrial Hardware Model XOU2470BCGS. ,Industrial Hardware,,,,,,,,,,,,,,,,,,,,,,,,,,,Industrial Hardware,Size,,,Material,,,,,,,,,,,,,,,,,,,,,,,,,,,,,,,,,,,,,,,,,,,,,,,,,,,,,,,,,,,,,,,,,,,,,,,,,,,,,,,,,,,,,,,,,,,,,,,,,,,,,,,,,,,,,,,,,,,,,,,,,,,,,,,,,,,,,,,,,,,,,,,,,,,,,,,,,,,,,,,,,,,,,,,,,,,,,,,,,,,,,,,,,,,,,,,,,
,,,,,,,Hardware,General Hardware,Hardware Accessories,,XOU24BCGSR,XOU24BCGSR Beverage Center SS,,,,Appliance Dealers Cooperative (APPDE),Appliance Dealers Cooperative,Appliance Dealers Cooperative,,XOU24BCGSR,,Industrial & Commercial Supplies>Hardware>General Hardware,"Appliance Dealers Cooperative, Industrial Hardware, XOU24BCGSR",INDUSTRIAL HARDWARE XOU24BCGSR,"Appliance Dealers Cooperative, XOU24BCGSR, Industrial Hardware",Appliance Dealers Cooperative Industrial Hardware Model XOU24BCGSR. ,Industrial Hardware,,,,,,,,,,,,,,,,,,,,,,,,,,,Industrial Hardware,Size,,,Material,,,,,,,,,,,,,,,,,,,,,,,,,,,,,,,,,,,,,,,,,,,,,,,,,,,,,,,,,,,,,,,,,,,,,,,,,,,,,,,,,,,,,,,,,,,,,,,,,,,,,,,,,,,,,,,,,,,,,,,,,,,,,,,,,,,,,,,,,,,,,,,,,,,,,,,,,,,,,,,,,,,,,,,,,,,,,,,,,,,,,,,,,,,,,,,,,
,,,,,,,Hardware,General Hardware,Hardware Accessories,,XOU24WDZGBR,XOU24WDZGBR Beverage Center Bk,,,,Appliance Dealers Cooperative (APPDE),Appliance Dealers Cooperative,Appliance Dealers Cooperative,,XOU24WDZGBR,,Industrial & Commercial Supplies>Hardware>General Hardware,"Appliance Dealers Cooperative, Industrial Hardware, XOU24WDZGBR",INDUSTRIAL HARDWARE XOU24WDZGBR,"Appliance Dealers Cooperative, XOU24WDZGBR, Industrial Hardware",Appliance Dealers Cooperative Industrial Hardware Model XOU24WDZGBR. ,Industrial Hardware,,,,,,,,,,,,,,,,,,,,,,,,,,,Industrial Hardware,Size,,,Material,,,,,,,,,,,,,,,,,,,,,,,,,,,,,,,,,,,,,,,,,,,,,,,,,,,,,,,,,,,,,,,,,,,,,,,,,,,,,,,,,,,,,,,,,,,,,,,,,,,,,,,,,,,,,,,,,,,,,,,,,,,,,,,,,,,,,,,,,,,,,,,,,,,,,,,,,,,,,,,,,,,,,,,,,,,,,,,,,,,,,,,,,,,,,,,,,
,,,,,,,Hardware,General Hardware,Hardware Accessories,,C7CDAAS3PD3,C7CDAAS3PD3 Café Drip Coffee Maker MB,,,,Appliance Dealers Cooperative (APPDE),Appliance Dealers Cooperative,Appliance Dealers Cooperative,,C7CDAAS3PD3,,Industrial & Commercial Supplies>Hardware>General Hardware,"Appliance Dealers Cooperative, Industrial Hardware, C7CDAAS3PD3",INDUSTRIAL HARDWARE C7CDAAS3PD3,"Appliance Dealers Cooperative, C7CDAAS3PD3, Industrial Hardware",Appliance Dealers Cooperative Industrial Hardware Model C7CDAAS3PD3. ,Industrial Hardware,,,,,,,,,,,,,,,,,,,,,,,,,,,Industrial Hardware,Size,,,Material,,,,,,,,,,,,,,,,,,,,,,,,,,,,,,,,,,,,,,,,,,,,,,,,,,,,,,,,,,,,,,,,,,,,,,,,,,,,,,,,,,,,,,,,,,,,,,,,,,,,,,,,,,,,,,,,,,,,,,,,,,,,,,,,,,,,,,,,,,,,,,,,,,,,,,,,,,,,,,,,,,,,,,,,,,,,,,,,,,,,,,,,,,,,,,,,,
,,,,,,,Hardware,General Hardware,Hardware Accessories,,C7CDAAS4PW3,C7CDAAS4PW3 Café Drip Coffee Maker MW,,,,Appliance Dealers Cooperative (APPDE),Appliance Dealers Cooperative,Appliance Dealers Cooperative,,C7CDAAS4PW3,,Industrial & Commercial Supplies>Hardware>General Hardware,"Appliance Dealers Cooperative, Industrial Hardware, C7CDAAS4PW3",INDUSTRIAL HARDWARE C7CDAAS4PW3,"Appliance Dealers Cooperative, C7CDAAS4PW3, Industrial Hardware",Appliance Dealers Cooperative Industrial Hardware Model C7CDAAS4PW3. ,Industrial Hardware,,,,,,,,,,,,,,,,,,,,,,,,,,,Industrial Hardware,Size,,,Material,,,,,,,,,,,,,,,,,,,,,,,,,,,,,,,,,,,,,,,,,,,,,,,,,,,,,,,,,,,,,,,,,,,,,,,,,,,,,,,,,,,,,,,,,,,,,,,,,,,,,,,,,,,,,,,,,,,,,,,,,,,,,,,,,,,,,,,,,,,,,,,,,,,,,,,,,,,,,,,,,,,,,,,,,,,,,,,,,,,,,,,,,,,,,,,,,
,,,,,,,Hardware,General Hardware,Hardware Accessories,,C7CDABS2RS3,C7CDABS2RS3 Cafe Coffee Maker,,,,Appliance Dealers Cooperative (APPDE),Appliance Dealers Cooperative,Appliance Dealers Cooperative,,C7CDABS2RS3,,Industrial & Commercial Supplies>Hardware>General Hardware,"Appliance Dealers Cooperative, Industrial Hardware, C7CDABS2RS3",INDUSTRIAL HARDWARE C7CDABS2RS3,"Appliance Dealers Cooperative, C7CDABS2RS3, Industrial Hardware",Appliance Dealers Cooperative Industrial Hardware Model C7CDABS2RS3. ,Industrial Hardware,,,,,,,,,,,,,,,,,,,,,,,,,,,Industrial Hardware,Size,,,Material,,,,,,,,,,,,,,,,,,,,,,,,,,,,,,,,,,,,,,,,,,,,,,,,,,,,,,,,,,,,,,,,,,,,,,,,,,,,,,,,,,,,,,,,,,,,,,,,,,,,,,,,,,,,,,,,,,,,,,,,,,,,,,,,,,,,,,,,,,,,,,,,,,,,,,,,,,,,,,,,,,,,,,,,,,,,,,,,,,,,,,,,,,,,,,,,,
,,,,,,,Hardware,General Hardware,Hardware Accessories,,C7CDABS3RD3,C7CDABS3RD3 Café Coffee Maker MB,,,,Appliance Dealers Cooperative (APPDE),Appliance Dealers Cooperative,Appliance Dealers Cooperative,,C7CDABS3RD3,,Industrial & Commercial Supplies>Hardware>General Hardware,"Appliance Dealers Cooperative, Industrial Hardware, C7CDABS3RD3",INDUSTRIAL HARDWARE C7CDABS3RD3,"Appliance Dealers Cooperative, C7CDABS3RD3, Industrial Hardware",Appliance Dealers Cooperative Industrial Hardware Model C7CDABS3RD3. ,Industrial Hardware,,,,,,,,,,,,,,,,,,,,,,,,,,,Industrial Hardware,Size,,,Material,,,,,,,,,,,,,,,,,,,,,,,,,,,,,,,,,,,,,,,,,,,,,,,,,,,,,,,,,,,,,,,,,,,,,,,,,,,,,,,,,,,,,,,,,,,,,,,,,,,,,,,,,,,,,,,,,,,,,,,,,,,,,,,,,,,,,,,,,,,,,,,,,,,,,,,,,,,,,,,,,,,,,,,,,,,,,,,,,,,,,,,,,,,,,,,,,
,,,,,,,Hardware,General Hardware,Hardware Accessories,,C7CDABS4RW3,C7CDABS4RW3 Café Coffee Maker MW,,,,Appliance Dealers Cooperative (APPDE),Appliance Dealers Cooperative,Appliance Dealers Cooperative,,C7CDABS4RW3,,Industrial & Commercial Supplies>Hardware>General Hardware,"Appliance Dealers Cooperative, Industrial Hardware, C7CDABS4RW3",INDUSTRIAL HARDWARE C7CDABS4RW3,"Appliance Dealers Cooperative, C7CDABS4RW3, Industrial Hardware",Appliance Dealers Cooperative Industrial Hardware Model C7CDABS4RW3. ,Industrial Hardware,,,,,,,,,,,,,,,,,,,,,,,,,,,Industrial Hardware,Size,,,Material,,,,,,,,,,,,,,,,,,,,,,,,,,,,,,,,,,,,,,,,,,,,,,,,,,,,,,,,,,,,,,,,,,,,,,,,,,,,,,,,,,,,,,,,,,,,,,,,,,,,,,,,,,,,,,,,,,,,,,,,,,,,,,,,,,,,,,,,,,,,,,,,,,,,,,,,,,,,,,,,,,,,,,,,,,,,,,,,,,,,,,,,,,,,,,,,,
,,,,,,,Hardware,General Hardware,Hardware Accessories,,C7CEBBS2RS3,C7CEBBS2RS3 Cafe Auto Espresso Machine SS,,,,Appliance Dealers Cooperative (APPDE),Appliance Dealers Cooperative,Appliance Dealers Cooperative,,C7CEBBS2RS3,,Industrial & Commercial Supplies>Hardware>General Hardware,"Appliance Dealers Cooperative, Industrial Hardware, C7CEBBS2RS3",INDUSTRIAL HARDWARE C7CEBBS2RS3,"Appliance Dealers Cooperative, C7CEBBS2RS3, Industrial Hardware",Appliance Dealers Cooperative Industrial Hardware Model C7CEBBS2RS3. ,Industrial Hardware,,,,,,,,,,,,,,,,,,,,,,,,,,,Industrial Hardware,Size,,,Material,,,,,,,,,,,,,,,,,,,,,,,,,,,,,,,,,,,,,,,,,,,,,,,,,,,,,,,,,,,,,,,,,,,,,,,,,,,,,,,,,,,,,,,,,,,,,,,,,,,,,,,,,,,,,,,,,,,,,,,,,,,,,,,,,,,,,,,,,,,,,,,,,,,,,,,,,,,,,,,,,,,,,,,,,,,,,,,,,,,,,,,,,,,,,,,,,
,,,,,,,Hardware,General Hardware,Hardware Accessories,,C7CEBBS4RW3,C7CEBBS4RW3 Café Auto Espresso Machine Wh,,,,Appliance Dealers Cooperative (APPDE),Appliance Dealers Cooperative,Appliance Dealers Cooperative,,C7CEBBS4RW3,,Industrial & Commercial Supplies>Hardware>General Hardware,"Appliance Dealers Cooperative, Industrial Hardware, C7CEBBS4RW3",INDUSTRIAL HARDWARE C7CEBBS4RW3,"Appliance Dealers Cooperative, C7CEBBS4RW3, Industrial Hardware",Appliance Dealers Cooperative Industrial Hardware Model C7CEBBS4RW3. ,Industrial Hardware,,,,,,,,,,,,,,,,,,,,,,,,,,,Industrial Hardware,Size,,,Material,,,,,,,,,,,,,,,,,,,,,,,,,,,,,,,,,,,,,,,,,,,,,,,,,,,,,,,,,,,,,,,,,,,,,,,,,,,,,,,,,,,,,,,,,,,,,,,,,,,,,,,,,,,,,,,,,,,,,,,,,,,,,,,,,,,,,,,,,,,,,,,,,,,,,,,,,,,,,,,,,,,,,,,,,,,,,,,,,,,,,,,,,,,,,,,,,
,,,,,,,Hardware,General Hardware,Hardware Accessories,,C7CESAS2RS3,C7CESAS2RS3 Café Espresso SS,,,,Appliance Dealers Cooperative (APPDE),Appliance Dealers Cooperative,Appliance Dealers Cooperative,,C7CESAS2RS3,,Industrial & Commercial Supplies>Hardware>General Hardware,"Appliance Dealers Cooperative, Industrial Hardware, C7CESAS2RS3",INDUSTRIAL HARDWARE C7CESAS2RS3,"Appliance Dealers Cooperative, C7CESAS2RS3, Industrial Hardware",Appliance Dealers Cooperative Industrial Hardware Model C7CESAS2RS3. ,Industrial Hardware,,,,,,,,,,,,,,,,,,,,,,,,,,,Industrial Hardware,Size,,,Material,,,,,,,,,,,,,,,,,,,,,,,,,,,,,,,,,,,,,,,,,,,,,,,,,,,,,,,,,,,,,,,,,,,,,,,,,,,,,,,,,,,,,,,,,,,,,,,,,,,,,,,,,,,,,,,,,,,,,,,,,,,,,,,,,,,,,,,,,,,,,,,,,,,,,,,,,,,,,,,,,,,,,,,,,,,,,,,,,,,,,,,,,,,,,,,,,
,,,,,,,Hardware,General Hardware,Hardware Accessories,,C7CESAS3RD3,C7CESAS3RD3 Café Espresso Machine MB,,,,Appliance Dealers Cooperative (APPDE),Appliance Dealers Cooperative,Appliance Dealers Cooperative,,C7CESAS3RD3,,Industrial & Commercial Supplies>Hardware>General Hardware,"Appliance Dealers Cooperative, Industrial Hardware, C7CESAS3RD3",INDUSTRIAL HARDWARE C7CESAS3RD3,"Appliance Dealers Cooperative, C7CESAS3RD3, Industrial Hardware",Appliance Dealers Cooperative Industrial Hardware Model C7CESAS3RD3. ,Industrial Hardware,,,,,,,,,,,,,,,,,,,,,,,,,,,Industrial Hardware,Size,,,Material,,,,,,,,,,,,,,,,,,,,,,,,,,,,,,,,,,,,,,,,,,,,,,,,,,,,,,,,,,,,,,,,,,,,,,,,,,,,,,,,,,,,,,,,,,,,,,,,,,,,,,,,,,,,,,,,,,,,,,,,,,,,,,,,,,,,,,,,,,,,,,,,,,,,,,,,,,,,,,,,,,,,,,,,,,,,,,,,,,,,,,,,,,,,,,,,,
,,,,,,,Hardware,General Hardware,Hardware Accessories,,C7CESAS4RW3,C7CESAS4RW3 Cafe Espresso Wh,,,,Appliance Dealers Cooperative (APPDE),Appliance Dealers Cooperative,Appliance Dealers Cooperative,,C7CESAS4RW3,,Industrial & Commercial Supplies>Hardware>General Hardware,"Appliance Dealers Cooperative, Industrial Hardware, C7CESAS4RW3",INDUSTRIAL HARDWARE C7CESAS4RW3,"Appliance Dealers Cooperative, C7CESAS4RW3, Industrial Hardware",Appliance Dealers Cooperative Industrial Hardware Model C7CESAS4RW3. ,Industrial Hardware,,,,,,,,,,,,,,,,,,,,,,,,,,,Industrial Hardware,Size,,,Material,,,,,,,,,,,,,,,,,,,,,,,,,,,,,,,,,,,,,,,,,,,,,,,,,,,,,,,,,,,,,,,,,,,,,,,,,,,,,,,,,,,,,,,,,,,,,,,,,,,,,,,,,,,,,,,,,,,,,,,,,,,,,,,,,,,,,,,,,,,,,,,,,,,,,,,,,,,,,,,,,,,,,,,,,,,,,,,,,,,,,,,,,,,,,,,,,
,,,,,,,Hardware,General Hardware,Hardware Accessories,,WOSP30100SS,WOSP30100SS Beko Wall Oven SS,,,,Appliance Dealers Cooperative (APPDE),Appliance Dealers Cooperative,Appliance Dealers Cooperative,,WOSP30100SS,,Industrial & Commercial Supplies>Hardware>General Hardware,"Appliance Dealers Cooperative, Industrial Hardware, WOSP30100SS",INDUSTRIAL HARDWARE WOSP30100SS,"Appliance Dealers Cooperative, WOSP30100SS, Industrial Hardware",Appliance Dealers Cooperative Industrial Hardware Model WOSP30100SS. ,Industrial Hardware,,,,,,,,,,,,,,,,,,,,,,,,,,,Industrial Hardware,Size,,,Material,,,,,,,,,,,,,,,,,,,,,,,,,,,,,,,,,,,,,,,,,,,,,,,,,,,,,,,,,,,,,,,,,,,,,,,,,,,,,,,,,,,,,,,,,,,,,,,,,,,,,,,,,,,,,,,,,,,,,,,,,,,,,,,,,,,,,,,,,,,,,,,,,,,,,,,,,,,,,,,,,,,,,,,,,,,,,,,,,,,,,,,,,,,,,,,,,
,,,,,,,Hardware,General Hardware,Hardware Accessories,,MSER2090S,MSER2090S LG Microwave SS,,,,Appliance Dealers Cooperative (APPDE),LG Electronics Inc.,LG®,,MSER2090S,,Industrial & Commercial Supplies>Hardware>General Hardware,"LG Electronics Inc., LG, Industrial Hardware, MSER2090S",INDUSTRIAL HARDWARE MSER2090S,"LG®, MSER2090S, Industrial Hardware",LG® Industrial Hardware Model MSER2090S. ,Industrial Hardware,,,,,,,,,,,,,,,,,,,,,,,,,,,Industrial Hardware,Size,,,Material,,,,,,,,,,,,,,,,,,,,,,,,,,,,,,,,,,,,,,,,,,,,,,,,,,,,,,,,,,,,,,,,,,,,,,,,,,,,,,,,,,,,,,,,,,,,,,,,,,,,,,,,,,,,,,,,,,,,,,,,,,,,,,,,,,,,,,,,,,,,,,,,,,,,,,,,,,,,,,,,,,,,,,,,,,,,,,,,,,,,,,,,,,,,,,,,,
,,,,,,,Hardware,General Hardware,Hardware Accessories,,GCST16S1WSS,GCST16S1WSS GE Microwave SS,,,,Appliance Dealers Cooperative (APPDE),General Electric Company,GE®,,GCST16S1WSS,,Industrial & Commercial Supplies>Hardware>General Hardware,"General Electric Company, GE, Industrial Hardware, GCST16S1WSS",INDUSTRIAL HARDWARE GCST16S1WSS,"GE®, GCST16S1WSS, Industrial Hardware",GE® Industrial Hardware Model GCST16S1WSS. ,Industrial Hardware,,,,,,,,,,,,,,,,,,,,,,,,,,,Industrial Hardware,Size,,,Material,,,,,,,,,,,,,,,,,,,,,,,,,,,,,,,,,,,,,,,,,,,,,,,,,,,,,,,,,,,,,,,,,,,,,,,,,,,,,,,,,,,,,,,,,,,,,,,,,,,,,,,,,,,,,,,,,,,,,,,,,,,,,,,,,,,,,,,,,,,,,,,,,,,,,,,,,,,,,,,,,,,,,,,,,,,,,,,,,,,,,,,,,,,,,,,,,
,,,,,,,Hardware,General Hardware,Hardware Accessories,,PCWK15C1WSS,PCWK15C1WSS GE Microwave,,,,Appliance Dealers Cooperative (APPDE),General Electric Company,GE®,,PCWK15C1WSS,,Industrial & Commercial Supplies>Hardware>General Hardware,"General Electric Company, GE, Industrial Hardware, PCWK15C1WSS",INDUSTRIAL HARDWARE PCWK15C1WSS,"GE®, PCWK15C1WSS, Industrial Hardware",GE® Industrial Hardware Model PCWK15C1WSS. ,Industrial Hardware,,,,,,,,,,,,,,,,,,,,,,,,,,,Industrial Hardware,Size,,,Material,,,,,,,,,,,,,,,,,,,,,,,,,,,,,,,,,,,,,,,,,,,,,,,,,,,,,,,,,,,,,,,,,,,,,,,,,,,,,,,,,,,,,,,,,,,,,,,,,,,,,,,,,,,,,,,,,,,,,,,,,,,,,,,,,,,,,,,,,,,,,,,,,,,,,,,,,,,,,,,,,,,,,,,,,,,,,,,,,,,,,,,,,,,,,,,,,
,,,,,,,Hardware,General Hardware,Hardware Accessories,,SMC2266KS,SMC2266KS Microwave SS Display Only,,,,Appliance Dealers Cooperative (APPDE),Appliance Dealers Cooperative,Appliance Dealers Cooperative,,SMC2266KS,,Industrial & Commercial Supplies>Hardware>General Hardware,"Appliance Dealers Cooperative, Industrial Hardware, SMC2266KS",INDUSTRIAL HARDWARE SMC2266KS,"Appliance Dealers Cooperative, SMC2266KS, Industrial Hardware",Appliance Dealers Cooperative Industrial Hardware Model SMC2266KS. ,Industrial Hardware,,,,,,,,,,,,,,,,,,,,,,,,,,,Industrial Hardware,Size,,,Material,,,,,,,,,,,,,,,,,,,,,,,,,,,,,,,,,,,,,,,,,,,,,,,,,,,,,,,,,,,,,,,,,,,,,,,,,,,,,,,,,,,,,,,,,,,,,,,,,,,,,,,,,,,,,,,,,,,,,,,,,,,,,,,,,,,,,,,,,,,,,,,,,,,,,,,,,,,,,,,,,,,,,,,,,,,,,,,,,,,,,,,,,,,,,,,,,
,,,,,,,Hardware,General Hardware,Hardware Accessories,,SMD2479JS,SMD2479JS Microwave Drawer SS Display Only,,,,Appliance Dealers Cooperative (APPDE),Appliance Dealers Cooperative,Appliance Dealers Cooperative,,SMD2479JS,,Industrial & Commercial Supplies>Hardware>General Hardware,"Appliance Dealers Cooperative, Industrial Hardware, SMD2479JS",INDUSTRIAL HARDWARE SMD2479JS,"Appliance Dealers Cooperative, SMD2479JS, Industrial Hardware",Appliance Dealers Cooperative Industrial Hardware Model SMD2479JS. ,Industrial Hardware,,,,,,,,,,,,,,,,,,,,,,,,,,,Industrial Hardware,Size,,,Material,,,,,,,,,,,,,,,,,,,,,,,,,,,,,,,,,,,,,,,,,,,,,,,,,,,,,,,,,,,,,,,,,,,,,,,,,,,,,,,,,,,,,,,,,,,,,,,,,,,,,,,,,,,,,,,,,,,,,,,,,,,,,,,,,,,,,,,,,,,,,,,,,,,,,,,,,,,,,,,,,,,,,,,,,,,,,,,,,,,,,,,,,,,,,,,,,
,,,,,,,Hardware,General Hardware,Hardware Accessories,,PEP9030DTBB,"PEP9030DTBB 30"" GE Cooktop Bk",,,,Appliance Dealers Cooperative (APPDE),General Electric Company,GE®,,PEP9030DTBB,,Industrial & Commercial Supplies>Hardware>General Hardware,"General Electric Company, GE, Industrial Hardware, PEP9030DTBB",INDUSTRIAL HARDWARE PEP9030DTBB,"GE®, PEP9030DTBB, Industrial Hardware",GE® Industrial Hardware Model PEP9030DTBB. ,Industrial Hardware,,,,,,,,,,,,,,,,,,,,,,,,,,,Industrial Hardware,Size,,,Material,,,,,,,,,,,,,,,,,,,,,,,,,,,,,,,,,,,,,,,,,,,,,,,,,,,,,,,,,,,,,,,,,,,,,,,,,,,,,,,,,,,,,,,,,,,,,,,,,,,,,,,,,,,,,,,,,,,,,,,,,,,,,,,,,,,,,,,,,,,,,,,,,,,,,,,,,,,,,,,,,,,,,,,,,,,,,,,,,,,,,,,,,,,,,,,,,
,,,,,,,Hardware,General Hardware,Hardware Accessories,,CES700P3MD1,"CES700P3MD1 Cafe 30"" Range Bk - Display",,,,Appliance Dealers Cooperative (APPDE),Appliance Dealers Cooperative,Appliance Dealers Cooperative,,CES700P3MD1,,Industrial & Commercial Supplies>Hardware>General Hardware,"Appliance Dealers Cooperative, Industrial Hardware, CES700P3MD1",INDUSTRIAL HARDWARE CES700P3MD1,"Appliance Dealers Cooperative, CES700P3MD1, Industrial Hardware",Appliance Dealers Cooperative Industrial Hardware Model CES700P3MD1. ,Industrial Hardware,,,,,,,,,,,,,,,,,,,,,,,,,,,Industrial Hardware,Size,,,Material,,,,,,,,,,,,,,,,,,,,,,,,,,,,,,,,,,,,,,,,,,,,,,,,,,,,,,,,,,,,,,,,,,,,,,,,,,,,,,,,,,,,,,,,,,,,,,,,,,,,,,,,,,,,,,,,,,,,,,,,,,,,,,,,,,,,,,,,,,,,,,,,,,,,,,,,,,,,,,,,,,,,,,,,,,,,,,,,,,,,,,,,,,,,,,,,,
,,,,,,,Hardware,General Hardware,Hardware Accessories,,PS960YPFS,"PS960YPFS 30"" GE Electric Range SS - Display Only",,,,Appliance Dealers Cooperative (APPDE),General Electric Company,GE®,,PS960YPFS,,Industrial & Commercial Supplies>Hardware>General Hardware,"General Electric Company, GE, Industrial Hardware, PS960YPFS",INDUSTRIAL HARDWARE PS960YPFS,"GE®, PS960YPFS, Industrial Hardware",GE® Industrial Hardware Model PS960YPFS. ,Industrial Hardware,,,,,,,,,,,,,,,,,,,,,,,,,,,Industrial Hardware,Size,,,Material,,,,,,,,,,,,,,,,,,,,,,,,,,,,,,,,,,,,,,,,,,,,,,,,,,,,,,,,,,,,,,,,,,,,,,,,,,,,,,,,,,,,,,,,,,,,,,,,,,,,,,,,,,,,,,,,,,,,,,,,,,,,,,,,,,,,,,,,,,,,,,,,,,,,,,,,,,,,,,,,,,,,,,,,,,,,,,,,,,,,,,,,,,,,,,,,,
,,,,,,,Hardware,General Hardware,Hardware Accessories,,PB900YVFS,"PB900YVFS Elect 30"" Range SS",,,,Appliance Dealers Cooperative (APPDE),Appliance Dealers Cooperative,Appliance Dealers Cooperative,,PB900YVFS,,Industrial & Commercial Supplies>Hardware>General Hardware,"Appliance Dealers Cooperative, Industrial Hardware, PB900YVFS",INDUSTRIAL HARDWARE PB900YVFS,"Appliance Dealers Cooperative, PB900YVFS, Industrial Hardware",Appliance Dealers Cooperative Industrial Hardware Model PB900YVFS. ,Industrial Hardware,,,,,,,,,,,,,,,,,,,,,,,,,,,Industrial Hardware,Size,,,Material,,,,,,,,,,,,,,,,,,,,,,,,,,,,,,,,,,,,,,,,,,,,,,,,,,,,,,,,,,,,,,,,,,,,,,,,,,,,,,,,,,,,,,,,,,,,,,,,,,,,,,,,,,,,,,,,,,,,,,,,,,,,,,,,,,,,,,,,,,,,,,,,,,,,,,,,,,,,,,,,,,,,,,,,,,,,,,,,,,,,,,,,,,,,,,,,,
,,,,,,,Hardware,General Hardware,Hardware Accessories,,PCFE3080AF,"PCFE3080AF 30"" Elect Range SS - Display Only",,,,Appliance Dealers Cooperative (APPDE),Appliance Dealers Cooperative,Appliance Dealers Cooperative,,PCFE3080AF,,Industrial & Commercial Supplies>Hardware>General Hardware,"Appliance Dealers Cooperative, Industrial Hardware, PCFE3080AF",INDUSTRIAL HARDWARE PCFE3080AF,"Appliance Dealers Cooperative, PCFE3080AF, Industrial Hardware",Appliance Dealers Cooperative Industrial Hardware Model PCFE3080AF. ,Industrial Hardware,,,,,,,,,,,,,,,,,,,,,,,,,,,Industrial Hardware,Size,,,Material,,,,,,,,,,,,,,,,,,,,,,,,,,,,,,,,,,,,,,,,,,,,,,,,,,,,,,,,,,,,,,,,,,,,,,,,,,,,,,,,,,,,,,,,,,,,,,,,,,,,,,,,,,,,,,,,,,,,,,,,,,,,,,,,,,,,,,,,,,,,,,,,,,,,,,,,,,,,,,,,,,,,,,,,,,,,,,,,,,,,,,,,,,,,,,,,,
,,,,,,,Hardware,General Hardware,Hardware Accessories,,SLER30524SS,"SLER30524SS 30"" Elect Range SS",,,,Appliance Dealers Cooperative (APPDE),Appliance Dealers Cooperative,Appliance Dealers Cooperative,,SLER30524SS,,Industrial & Commercial Supplies>Hardware>General Hardware,"Appliance Dealers Cooperative, Industrial Hardware, SLER30524SS",INDUSTRIAL HARDWARE SLER30524SS,"Appliance Dealers Cooperative, SLER30524SS, Industrial Hardware",Appliance Dealers Cooperative Industrial Hardware Model SLER30524SS. ,Industrial Hardware,,,,,,,,,,,,,,,,,,,,,,,,,,,Industrial Hardware,Size,,,Material,,,,,,,,,,,,,,,,,,,,,,,,,,,,,,,,,,,,,,,,,,,,,,,,,,,,,,,,,,,,,,,,,,,,,,,,,,,,,,,,,,,,,,,,,,,,,,,,,,,,,,,,,,,,,,,,,,,,,,,,,,,,,,,,,,,,,,,,,,,,,,,,,,,,,,,,,,,,,,,,,,,,,,,,,,,,,,,,,,,,,,,,,,,,,,,,,
,,,,,,,Hardware,General Hardware,Hardware Accessories,,LSEL6333ZE,"LSEL6333ZE LG 30"" Elec Range BS-Display Only",,,,Appliance Dealers Cooperative (APPDE),LG Electronics Inc.,LG®,,LSEL6333ZE,,Industrial & Commercial Supplies>Hardware>General Hardware,"LG Electronics Inc., LG, Industrial Hardware, LSEL6333ZE",INDUSTRIAL HARDWARE LSEL6333ZE,"LG®, LSEL6333ZE, Industrial Hardware",LG® Industrial Hardware Model LSEL6333ZE. ,Industrial Hardware,,,,,,,,,,,,,,,,,,,,,,,,,,,Industrial Hardware,Size,,,Material,,,,,,,,,,,,,,,,,,,,,,,,,,,,,,,,,,,,,,,,,,,,,,,,,,,,,,,,,,,,,,,,,,,,,,,,,,,,,,,,,,,,,,,,,,,,,,,,,,,,,,,,,,,,,,,,,,,,,,,,,,,,,,,,,,,,,,,,,,,,,,,,,,,,,,,,,,,,,,,,,,,,,,,,,,,,,,,,,,,,,,,,,,,,,,,,,
,,,,,,,Hardware,General Hardware,Hardware Accessories,,KSES530SBE,"KSES530SBE 30"" Elect Range BO Display Only",,,,Appliance Dealers Cooperative (APPDE),Appliance Dealers Cooperative,Appliance Dealers Cooperative,,KSES530SBE,,Industrial & Commercial Supplies>Hardware>General Hardware,"Appliance Dealers Cooperative, Industrial Hardware, KSES530SBE",INDUSTRIAL HARDWARE KSES530SBE,"Appliance Dealers Cooperative, KSES530SBE, Industrial Hardware",Appliance Dealers Cooperative Industrial Hardware Model KSES530SBE. ,Industrial Hardware,,,,,,,,,,,,,,,,,,,,,,,,,,,Industrial Hardware,Size,,,Material,,,,,,,,,,,,,,,,,,,,,,,,,,,,,,,,,,,,,,,,,,,,,,,,,,,,,,,,,,,,,,,,,,,,,,,,,,,,,,,,,,,,,,,,,,,,,,,,,,,,,,,,,,,,,,,,,,,,,,,,,,,,,,,,,,,,,,,,,,,,,,,,,,,,,,,,,,,,,,,,,,,,,,,,,,,,,,,,,,,,,,,,,,,,,,,,,
,,,,,,,Hardware,General Hardware,Hardware Accessories,,GCFG3661AF,"GCFG3661AF 36"" Frigidaire Gas Range SS",,,,Appliance Dealers Cooperative (APPDE),Rheem Manufacturing,FRIGIDAIRE®,,GCFG3661AF,,Industrial & Commercial Supplies>Hardware>General Hardware,"Rheem Manufacturing, FRIGIDAIRE, Industrial Hardware, GCFG3661AF",INDUSTRIAL HARDWARE GCFG3661AF,"FRIGIDAIRE®, GCFG3661AF, Industrial Hardware",FRIGIDAIRE® Industrial Hardware Model GCFG3661AF. ,Industrial Hardware,,,,,,,,,,,,,,,,,,,,,,,,,,,Industrial Hardware,Size,,,Material,,,,,,,,,,,,,,,,,,,,,,,,,,,,,,,,,,,,,,,,,,,,,,,,,,,,,,,,,,,,,,,,,,,,,,,,,,,,,,,,,,,,,,,,,,,,,,,,,,,,,,,,,,,,,,,,,,,,,,,,,,,,,,,,,,,,,,,,,,,,,,,,,,,,,,,,,,,,,,,,,,,,,,,,,,,,,,,,,,,,,,,,,,,,,,,,,
,,,,,,,Hardware,General Hardware,Hardware Accessories,,WSGS7530RZ,"WSGS7530RZ 30"" Gas Range SS - Display Only",,,,Appliance Dealers Cooperative (APPDE),Appliance Dealers Cooperative,Appliance Dealers Cooperative,,WSGS7530RZ,,Industrial & Commercial Supplies>Hardware>General Hardware,"Appliance Dealers Cooperative, Industrial Hardware, WSGS7530RZ",INDUSTRIAL HARDWARE WSGS7530RZ,"Appliance Dealers Cooperative, WSGS7530RZ, Industrial Hardware",Appliance Dealers Cooperative Industrial Hardware Model WSGS7530RZ. ,Industrial Hardware,,,,,,,,,,,,,,,,,,,,,,,,,,,Industrial Hardware,Size,,,Material,,,,,,,,,,,,,,,,,,,,,,,,,,,,,,,,,,,,,,,,,,,,,,,,,,,,,,,,,,,,,,,,,,,,,,,,,,,,,,,,,,,,,,,,,,,,,,,,,,,,,,,,,,,,,,,,,,,,,,,,,,,,,,,,,,,,,,,,,,,,,,,,,,,,,,,,,,,,,,,,,,,,,,,,,,,,,,,,,,,,,,,,,,,,,,,,,
,,,,,,,Hardware,General Hardware,Hardware Accessories,,CHP90301TBB,CHP90301TBB Café Cooktop Bk,,,,Appliance Dealers Cooperative (APPDE),Appliance Dealers Cooperative,Appliance Dealers Cooperative,,CHP90301TBB,,Industrial & Commercial Supplies>Hardware>General Hardware,"Appliance Dealers Cooperative, Industrial Hardware, CHP90301TBB",INDUSTRIAL HARDWARE CHP90301TBB,"Appliance Dealers Cooperative, CHP90301TBB, Industrial Hardware",Appliance Dealers Cooperative Industrial Hardware Model CHP90301TBB. ,Industrial Hardware,,,,,,,,,,,,,,,,,,,,,,,,,,,Industrial Hardware,Size,,,Material,,,,,,,,,,,,,,,,,,,,,,,,,,,,,,,,,,,,,,,,,,,,,,,,,,,,,,,,,,,,,,,,,,,,,,,,,,,,,,,,,,,,,,,,,,,,,,,,,,,,,,,,,,,,,,,,,,,,,,,,,,,,,,,,,,,,,,,,,,,,,,,,,,,,,,,,,,,,,,,,,,,,,,,,,,,,,,,,,,,,,,,,,,,,,,,,,
,,,,,,,Hardware,General Hardware,Hardware Accessories,,CVM517P3RD1,CVM517P3RD1 Cafe Microwave Bk - Display,,,,Appliance Dealers Cooperative (APPDE),Appliance Dealers Cooperative,Appliance Dealers Cooperative,,CVM517P3RD1,,Industrial & Commercial Supplies>Hardware>General Hardware,"Appliance Dealers Cooperative, Industrial Hardware, CVM517P3RD1",INDUSTRIAL HARDWARE CVM517P3RD1,"Appliance Dealers Cooperative, CVM517P3RD1, Industrial Hardware",Appliance Dealers Cooperative Industrial Hardware Model CVM517P3RD1. ,Industrial Hardware,,,,,,,,,,,,,,,,,,,,,,,,,,,Industrial Hardware,Size,,,Material,,,,,,,,,,,,,,,,,,,,,,,,,,,,,,,,,,,,,,,,,,,,,,,,,,,,,,,,,,,,,,,,,,,,,,,,,,,,,,,,,,,,,,,,,,,,,,,,,,,,,,,,,,,,,,,,,,,,,,,,,,,,,,,,,,,,,,,,,,,,,,,,,,,,,,,,,,,,,,,,,,,,,,,,,,,,,,,,,,,,,,,,,,,,,,,,,
,,,,,,,Hardware,General Hardware,Hardware Accessories,,PMOS1980AF,PMOS1980AF OTR Microwave SS - Display Only,,,,Appliance Dealers Cooperative (APPDE),Appliance Dealers Cooperative,Appliance Dealers Cooperative,,PMOS1980AF,,Industrial & Commercial Supplies>Hardware>General Hardware,"Appliance Dealers Cooperative, Industrial Hardware, PMOS1980AF",INDUSTRIAL HARDWARE PMOS1980AF,"Appliance Dealers Cooperative, PMOS1980AF, Industrial Hardware",Appliance Dealers Cooperative Industrial Hardware Model PMOS1980AF. ,Industrial Hardware,,,,,,,,,,,,,,,,,,,,,,,,,,,Industrial Hardware,Size,,,Material,,,,,,,,,,,,,,,,,,,,,,,,,,,,,,,,,,,,,,,,,,,,,,,,,,,,,,,,,,,,,,,,,,,,,,,,,,,,,,,,,,,,,,,,,,,,,,,,,,,,,,,,,,,,,,,,,,,,,,,,,,,,,,,,,,,,,,,,,,,,,,,,,,,,,,,,,,,,,,,,,,,,,,,,,,,,,,,,,,,,,,,,,,,,,,,,,
,,,,,,,Hardware,General Hardware,Hardware Accessories,,WMMS3330RZ,WMMS3330RZ OTR Mocrowave SS - Display Only,,,,Appliance Dealers Cooperative (APPDE),Appliance Dealers Cooperative,Appliance Dealers Cooperative,,WMMS3330RZ,,Industrial & Commercial Supplies>Hardware>General Hardware,"Appliance Dealers Cooperative, Industrial Hardware, WMMS3330RZ",INDUSTRIAL HARDWARE WMMS3330RZ,"Appliance Dealers Cooperative, WMMS3330RZ, Industrial Hardware",Appliance Dealers Cooperative Industrial Hardware Model WMMS3330RZ. ,Industrial Hardware,,,,,,,,,,,,,,,,,,,,,,,,,,,Industrial Hardware,Size,,,Material,,,,,,,,,,,,,,,,,,,,,,,,,,,,,,,,,,,,,,,,,,,,,,,,,,,,,,,,,,,,,,,,,,,,,,,,,,,,,,,,,,,,,,,,,,,,,,,,,,,,,,,,,,,,,,,,,,,,,,,,,,,,,,,,,,,,,,,,,,,,,,,,,,,,,,,,,,,,,,,,,,,,,,,,,,,,,,,,,,,,,,,,,,,,,,,,,
,,,,,,,Hardware,General Hardware,Hardware Accessories,,KMMF530PBE,KMMF530PBE OTR Microwave BO Display Only,,,,Appliance Dealers Cooperative (APPDE),Appliance Dealers Cooperative,Appliance Dealers Cooperative,,KMMF530PBE,,Industrial & Commercial Supplies>Hardware>General Hardware,"Appliance Dealers Cooperative, Industrial Hardware, KMMF530PBE",INDUSTRIAL HARDWARE KMMF530PBE,"Appliance Dealers Cooperative, KMMF530PBE, Industrial Hardware",Appliance Dealers Cooperative Industrial Hardware Model KMMF530PBE. ,Industrial Hardware,,,,,,,,,,,,,,,,,,,,,,,,,,,Industrial Hardware,Size,,,Material,,,,,,,,,,,,,,,,,,,,,,,,,,,,,,,,,,,,,,,,,,,,,,,,,,,,,,,,,,,,,,,,,,,,,,,,,,,,,,,,,,,,,,,,,,,,,,,,,,,,,,,,,,,,,,,,,,,,,,,,,,,,,,,,,,,,,,,,,,,,,,,,,,,,,,,,,,,,,,,,,,,,,,,,,,,,,,,,,,,,,,,,,,,,,,,,,
,,,,,,,Hardware,General Hardware,Hardware Accessories,,JXGRILL1,JXGRILL1 GE Range Grill,,,,Appliance Dealers Cooperative (APPDE),General Electric Company,GE®,,JXGRILL1,,Industrial & Commercial Supplies>Hardware>General Hardware,"General Electric Company, GE, Industrial Hardware, JXGRILL1",INDUSTRIAL HARDWARE JXGRILL1,"GE®, JXGRILL1, Industrial Hardware",GE® Industrial Hardware Model JXGRILL1. ,Industrial Hardware,,,,,,,,,,,,,,,,,,,,,,,,,,,Industrial Hardware,Size,,,Material,,,,,,,,,,,,,,,,,,,,,,,,,,,,,,,,,,,,,,,,,,,,,,,,,,,,,,,,,,,,,,,,,,,,,,,,,,,,,,,,,,,,,,,,,,,,,,,,,,,,,,,,,,,,,,,,,,,,,,,,,,,,,,,,,,,,,,,,,,,,,,,,,,,,,,,,,,,,,,,,,,,,,,,,,,,,,,,,,,,,,,,,,,,,,,,,,
,,,,,,,Hardware,General Hardware,Hardware Accessories,,C9TMA2S3PD3,C9TMA2S3PD3 Café Toaster MB,,,,Appliance Dealers Cooperative (APPDE),Appliance Dealers Cooperative,Appliance Dealers Cooperative,,C9TMA2S3PD3,,Industrial & Commercial Supplies>Hardware>General Hardware,"Appliance Dealers Cooperative, Industrial Hardware, C9TMA2S3PD3",INDUSTRIAL HARDWARE C9TMA2S3PD3,"Appliance Dealers Cooperative, C9TMA2S3PD3, Industrial Hardware",Appliance Dealers Cooperative Industrial Hardware Model C9TMA2S3PD3. ,Industrial Hardware,,,,,,,,,,,,,,,,,,,,,,,,,,,Industrial Hardware,Size,,,Material,,,,,,,,,,,,,,,,,,,,,,,,,,,,,,,,,,,,,,,,,,,,,,,,,,,,,,,,,,,,,,,,,,,,,,,,,,,,,,,,,,,,,,,,,,,,,,,,,,,,,,,,,,,,,,,,,,,,,,,,,,,,,,,,,,,,,,,,,,,,,,,,,,,,,,,,,,,,,,,,,,,,,,,,,,,,,,,,,,,,,,,,,,,,,,,,,
,,,,,,,Hardware,General Hardware,Hardware Accessories,,C9TMA2S4PW3,C9TMA2S4PW3 Café Toaster MW,,,,Appliance Dealers Cooperative (APPDE),Appliance Dealers Cooperative,Appliance Dealers Cooperative,,C9TMA2S4PW3,,Industrial & Commercial Supplies>Hardware>General Hardware,"Appliance Dealers Cooperative, Industrial Hardware, C9TMA2S4PW3",INDUSTRIAL HARDWARE C9TMA2S4PW3,"Appliance Dealers Cooperative, C9TMA2S4PW3, Industrial Hardware",Appliance Dealers Cooperative Industrial Hardware Model C9TMA2S4PW3. ,Industrial Hardware,,,,,,,,,,,,,,,,,,,,,,,,,,,Industrial Hardware,Size,,,Material,,,,,,,,,,,,,,,,,,,,,,,,,,,,,,,,,,,,,,,,,,,,,,,,,,,,,,,,,,,,,,,,,,,,,,,,,,,,,,,,,,,,,,,,,,,,,,,,,,,,,,,,,,,,,,,,,,,,,,,,,,,,,,,,,,,,,,,,,,,,,,,,,,,,,,,,,,,,,,,,,,,,,,,,,,,,,,,,,,,,,,,,,,,,,,,,,
,,,,,,,Hardware,General Hardware,Hardware Accessories,,C90AAAS2RS3,C90AAAS2RS3 Cafe Toast Oven SS,,,,Appliance Dealers Cooperative (APPDE),Appliance Dealers Cooperative,Appliance Dealers Cooperative,,C90AAAS2RS3,,Industrial & Commercial Supplies>Hardware>General Hardware,"Appliance Dealers Cooperative, Industrial Hardware, C90AAAS2RS3",INDUSTRIAL HARDWARE C90AAAS2RS3,"Appliance Dealers Cooperative, C90AAAS2RS3, Industrial Hardware",Appliance Dealers Cooperative Industrial Hardware Model C90AAAS2RS3. ,Industrial Hardware,,,,,,,,,,,,,,,,,,,,,,,,,,,Industrial Hardware,Size,,,Material,,,,,,,,,,,,,,,,,,,,,,,,,,,,,,,,,,,,,,,,,,,,,,,,,,,,,,,,,,,,,,,,,,,,,,,,,,,,,,,,,,,,,,,,,,,,,,,,,,,,,,,,,,,,,,,,,,,,,,,,,,,,,,,,,,,,,,,,,,,,,,,,,,,,,,,,,,,,,,,,,,,,,,,,,,,,,,,,,,,,,,,,,,,,,,,,,
,,,,,,,Hardware,General Hardware,Hardware Accessories,,C9TMA2SP2PS3,C9TMA2S2PS3 Cafe Toaster SS,,,,Appliance Dealers Cooperative (APPDE),Appliance Dealers Cooperative,Appliance Dealers Cooperative,,C9TMA2SP2PS3,,Industrial & Commercial Supplies>Hardware>General Hardware,"Appliance Dealers Cooperative, Industrial Hardware, C9TMA2SP2PS3",INDUSTRIAL HARDWARE C9TMA2SP2PS3,"Appliance Dealers Cooperative, C9TMA2SP2PS3, Industrial Hardware",Appliance Dealers Cooperative Industrial Hardware Model C9TMA2SP2PS3. ,Industrial Hardware,,,,,,,,,,,,,,,,,,,,,,,,,,,Industrial Hardware,Size,,,Material,,,,,,,,,,,,,,,,,,,,,,,,,,,,,,,,,,,,,,,,,,,,,,,,,,,,,,,,,,,,,,,,,,,,,,,,,,,,,,,,,,,,,,,,,,,,,,,,,,,,,,,,,,,,,,,,,,,,,,,,,,,,,,,,,,,,,,,,,,,,,,,,,,,,,,,,,,,,,,,,,,,,,,,,,,,,,,,,,,,,,,,,,,,,,,,,,
,,,,,,,Hardware,General Hardware,Hardware Accessories,,GDE21EMKES,GDE21EMKES GE 21CF Fridge SL Display Only,,,,Appliance Dealers Cooperative (APPDE),General Electric Company,GE®,,GDE21EMKES,,Industrial & Commercial Supplies>Hardware>General Hardware,"General Electric Company, GE, Industrial Hardware, GDE21EMKES",INDUSTRIAL HARDWARE GDE21EMKES,"GE®, GDE21EMKES, Industrial Hardware",GE® Industrial Hardware Model GDE21EMKES. ,Industrial Hardware,,,,,,,,,,,,,,,,,,,,,,,,,,,Industrial Hardware,Size,,,Material,,,,,,,,,,,,,,,,,,,,,,,,,,,,,,,,,,,,,,,,,,,,,,,,,,,,,,,,,,,,,,,,,,,,,,,,,,,,,,,,,,,,,,,,,,,,,,,,,,,,,,,,,,,,,,,,,,,,,,,,,,,,,,,,,,,,,,,,,,,,,,,,,,,,,,,,,,,,,,,,,,,,,,,,,,,,,,,,,,,,,,,,,,,,,,,,,
,,,,,,,Hardware,General Hardware,Hardware Accessories,,FCM16SLWW,FCM16SLWW 16CF GE Freezer Chest MH,,,,Appliance Dealers Cooperative (APPDE),General Electric Company,GE®,,FCM16SLWW,,Industrial & Commercial Supplies>Hardware>General Hardware,"General Electric Company, GE, Industrial Hardware, FCM16SLWW",INDUSTRIAL HARDWARE FCM16SLWW,"GE®, FCM16SLWW, Industrial Hardware",GE® Industrial Hardware Model FCM16SLWW. ,Industrial Hardware,,,,,,,,,,,,,,,,,,,,,,,,,,,Industrial Hardware,Size,,,Material,,,,,,,,,,,,,,,,,,,,,,,,,,,,,,,,,,,,,,,,,,,,,,,,,,,,,,,,,,,,,,,,,,,,,,,,,,,,,,,,,,,,,,,,,,,,,,,,,,,,,,,,,,,,,,,,,,,,,,,,,,,,,,,,,,,,,,,,,,,,,,,,,,,,,,,,,,,,,,,,,,,,,,,,,,,,,,,,,,,,,,,,,,,,,,,,,
,,,,,,,Hardware,General Hardware,Hardware Accessories,,GNE27JYMFS,GNE27JYMFS GE Fridge SS,,,,Appliance Dealers Cooperative (APPDE),General Electric Company,GE®,,GNE27JYMFS,,Industrial & Commercial Supplies>Hardware>General Hardware,"General Electric Company, GE, Industrial Hardware, GNE27JYMFS",INDUSTRIAL HARDWARE GNE27JYMFS,"GE®, GNE27JYMFS, Industrial Hardware",GE® Industrial Hardware Model GNE27JYMFS. ,Industrial Hardware,,,,,,,,,,,,,,,,,,,,,,,,,,,Industrial Hardware,Size,,,Material,,,,,,,,,,,,,,,,,,,,,,,,,,,,,,,,,,,,,,,,,,,,,,,,,,,,,,,,,,,,,,,,,,,,,,,,,,,,,,,,,,,,,,,,,,,,,,,,,,,,,,,,,,,,,,,,,,,,,,,,,,,,,,,,,,,,,,,,,,,,,,,,,,,,,,,,,,,,,,,,,,,,,,,,,,,,,,,,,,,,,,,,,,,,,,,,,
,,,,,,,Hardware,General Hardware,Hardware Accessories,,CVE28DP3ND1,CVE28DP3ND1 Cafe Fridge Bk,,,,Appliance Dealers Cooperative (APPDE),Appliance Dealers Cooperative,Appliance Dealers Cooperative,,CVE28DP3ND1,,Industrial & Commercial Supplies>Hardware>General Hardware,"Appliance Dealers Cooperative, Industrial Hardware, CVE28DP3ND1",INDUSTRIAL HARDWARE CVE28DP3ND1,"Appliance Dealers Cooperative, CVE28DP3ND1, Industrial Hardware",Appliance Dealers Cooperative Industrial Hardware Model CVE28DP3ND1. ,Industrial Hardware,,,,,,,,,,,,,,,,,,,,,,,,,,,Industrial Hardware,Size,,,Material,,,,,,,,,,,,,,,,,,,,,,,,,,,,,,,,,,,,,,,,,,,,,,,,,,,,,,,,,,,,,,,,,,,,,,,,,,,,,,,,,,,,,,,,,,,,,,,,,,,,,,,,,,,,,,,,,,,,,,,,,,,,,,,,,,,,,,,,,,,,,,,,,,,,,,,,,,,,,,,,,,,,,,,,,,,,,,,,,,,,,,,,,,,,,,,,,
,,,,,,,Hardware,General Hardware,Hardware Accessories,,GNE25JMKES,GNE25JMKES GE Fridge Slate - Display,,,,Appliance Dealers Cooperative (APPDE),General Electric Company,GE®,,GNE25JMKES,,Industrial & Commercial Supplies>Hardware>General Hardware,"General Electric Company, GE, Industrial Hardware, GNE25JMKES",INDUSTRIAL HARDWARE GNE25JMKES,"GE®, GNE25JMKES, Industrial Hardware",GE® Industrial Hardware Model GNE25JMKES. ,Industrial Hardware,,,,,,,,,,,,,,,,,,,,,,,,,,,Industrial Hardware,Size,,,Material,,,,,,,,,,,,,,,,,,,,,,,,,,,,,,,,,,,,,,,,,,,,,,,,,,,,,,,,,,,,,,,,,,,,,,,,,,,,,,,,,,,,,,,,,,,,,,,,,,,,,,,,,,,,,,,,,,,,,,,,,,,,,,,,,,,,,,,,,,,,,,,,,,,,,,,,,,,,,,,,,,,,,,,,,,,,,,,,,,,,,,,,,,,,,,,,,
,,,,,,,Hardware,General Hardware,Hardware Accessories,,PRFS2883AF,"PRFS2883AF 36"" Fridge SS - Display Only",,,,Appliance Dealers Cooperative (APPDE),Appliance Dealers Cooperative,Appliance Dealers Cooperative,,PRFS2883AF,,Industrial & Commercial Supplies>Hardware>General Hardware,"Appliance Dealers Cooperative, Industrial Hardware, PRFS2883AF",INDUSTRIAL HARDWARE PRFS2883AF,"Appliance Dealers Cooperative, PRFS2883AF, Industrial Hardware",Appliance Dealers Cooperative Industrial Hardware Model PRFS2883AF. ,Industrial Hardware,,,,,,,,,,,,,,,,,,,,,,,,,,,Industrial Hardware,Size,,,Material,,,,,,,,,,,,,,,,,,,,,,,,,,,,,,,,,,,,,,,,,,,,,,,,,,,,,,,,,,,,,,,,,,,,,,,,,,,,,,,,,,,,,,,,,,,,,,,,,,,,,,,,,,,,,,,,,,,,,,,,,,,,,,,,,,,,,,,,,,,,,,,,,,,,,,,,,,,,,,,,,,,,,,,,,,,,,,,,,,,,,,,,,,,,,,,,,
,,,,,,,Hardware,General Hardware,Hardware Accessories,,PAD28BYTFS,PAD28BYTFS GE Fridge SS,,,,Appliance Dealers Cooperative (APPDE),General Electric Company,GE®,,PAD28BYTFS,,Industrial & Commercial Supplies>Hardware>General Hardware,"General Electric Company, GE, Industrial Hardware, PAD28BYTFS",INDUSTRIAL HARDWARE PAD28BYTFS,"GE®, PAD28BYTFS, Industrial Hardware",GE® Industrial Hardware Model PAD28BYTFS. ,Industrial Hardware,,,,,,,,,,,,,,,,,,,,,,,,,,,Industrial Hardware,Size,,,Material,,,,,,,,,,,,,,,,,,,,,,,,,,,,,,,,,,,,,,,,,,,,,,,,,,,,,,,,,,,,,,,,,,,,,,,,,,,,,,,,,,,,,,,,,,,,,,,,,,,,,,,,,,,,,,,,,,,,,,,,,,,,,,,,,,,,,,,,,,,,,,,,,,,,,,,,,,,,,,,,,,,,,,,,,,,,,,,,,,,,,,,,,,,,,,,,,
,,,,,,,Hardware,General Hardware,Hardware Accessories,,PGE29BYTFS,PGE29BYTFS GE Fridge SS,,,,Appliance Dealers Cooperative (APPDE),General Electric Company,GE®,,PGE29BYTFS,,Industrial & Commercial Supplies>Hardware>General Hardware,"General Electric Company, GE, Industrial Hardware, PGE29BYTFS",INDUSTRIAL HARDWARE PGE29BYTFS,"GE®, PGE29BYTFS, Industrial Hardware",GE® Industrial Hardware Model PGE29BYTFS. ,Industrial Hardware,,,,,,,,,,,,,,,,,,,,,,,,,,,Industrial Hardware,Size,,,Material,,,,,,,,,,,,,,,,,,,,,,,,,,,,,,,,,,,,,,,,,,,,,,,,,,,,,,,,,,,,,,,,,,,,,,,,,,,,,,,,,,,,,,,,,,,,,,,,,,,,,,,,,,,,,,,,,,,,,,,,,,,,,,,,,,,,,,,,,,,,,,,,,,,,,,,,,,,,,,,,,,,,,,,,,,,,,,,,,,,,,,,,,,,,,,,,,
,,,,,,,Hardware,General Hardware,Hardware Accessories,,ERFD19CGCS,ERFD19CGCS Element Fridge SS,,,,Appliance Dealers Cooperative (APPDE),Appliance Dealers Cooperative,Appliance Dealers Cooperative,,ERFD19CGCS,,Industrial & Commercial Supplies>Hardware>General Hardware,"Appliance Dealers Cooperative, Industrial Hardware, ERFD19CGCS",INDUSTRIAL HARDWARE ERFD19CGCS,"Appliance Dealers Cooperative, ERFD19CGCS, Industrial Hardware",Appliance Dealers Cooperative Industrial Hardware Model ERFD19CGCS. ,Industrial Hardware,,,,,,,,,,,,,,,,,,,,,,,,,,,Industrial Hardware,Size,,,Material,,,,,,,,,,,,,,,,,,,,,,,,,,,,,,,,,,,,,,,,,,,,,,,,,,,,,,,,,,,,,,,,,,,,,,,,,,,,,,,,,,,,,,,,,,,,,,,,,,,,,,,,,,,,,,,,,,,,,,,,,,,,,,,,,,,,,,,,,,,,,,,,,,,,,,,,,,,,,,,,,,,,,,,,,,,,,,,,,,,,,,,,,,,,,,,,,
,,,,,,,Hardware,General Hardware,Hardware Accessories,,LT18S2100W,LT18S2100W LG Fridge Wh,,,,Appliance Dealers Cooperative (APPDE),LG Electronics Inc.,LG®,,LT18S2100W,,Industrial & Commercial Supplies>Hardware>General Hardware,"LG Electronics Inc., LG, Industrial Hardware, LT18S2100W",INDUSTRIAL HARDWARE LT18S2100W,"LG®, LT18S2100W, Industrial Hardware",LG® Industrial Hardware Model LT18S2100W. ,Industrial Hardware,,,,,,,,,,,,,,,,,,,,,,,,,,,Industrial Hardware,Size,,,Material,,,,,,,,,,,,,,,,,,,,,,,,,,,,,,,,,,,,,,,,,,,,,,,,,,,,,,,,,,,,,,,,,,,,,,,,,,,,,,,,,,,,,,,,,,,,,,,,,,,,,,,,,,,,,,,,,,,,,,,,,,,,,,,,,,,,,,,,,,,,,,,,,,,,,,,,,,,,,,,,,,,,,,,,,,,,,,,,,,,,,,,,,,,,,,,,,
,,,,,,,Hardware,General Hardware,Hardware Accessories,,LT18S2100SS,LT18S2100S 18CF LG Fridge SS,,,,Appliance Dealers Cooperative (APPDE),LG Electronics Inc.,LG®,,LT18S2100SS,,Industrial & Commercial Supplies>Hardware>General Hardware,"LG Electronics Inc., LG, Industrial Hardware, LT18S2100SS",INDUSTRIAL HARDWARE LT18S2100SS,"LG®, LT18S2100SS, Industrial Hardware",LG® Industrial Hardware Model LT18S2100SS. ,Industrial Hardware,,,,,,,,,,,,,,,,,,,,,,,,,,,Industrial Hardware,Size,,,Material,,,,,,,,,,,,,,,,,,,,,,,,,,,,,,,,,,,,,,,,,,,,,,,,,,,,,,,,,,,,,,,,,,,,,,,,,,,,,,,,,,,,,,,,,,,,,,,,,,,,,,,,,,,,,,,,,,,,,,,,,,,,,,,,,,,,,,,,,,,,,,,,,,,,,,,,,,,,,,,,,,,,,,,,,,,,,,,,,,,,,,,,,,,,,,,,,
,,,,,,,Hardware,General Hardware,Hardware Accessories,,EUF17CDBW,EUF17CDBW Element 17CF Freezer - Upright,,,,Appliance Dealers Cooperative (APPDE),Appliance Dealers Cooperative,Appliance Dealers Cooperative,,EUF17CDBW,,Industrial & Commercial Supplies>Hardware>General Hardware,"Appliance Dealers Cooperative, Industrial Hardware, EUF17CDBW",INDUSTRIAL HARDWARE EUF17CDBW,"Appliance Dealers Cooperative, EUF17CDBW, Industrial Hardware",Appliance Dealers Cooperative Industrial Hardware Model EUF17CDBW. ,Industrial Hardware,,,,,,,,,,,,,,,,,,,,,,,,,,,Industrial Hardware,Size,,,Material,,,,,,,,,,,,,,,,,,,,,,,,,,,,,,,,,,,,,,,,,,,,,,,,,,,,,,,,,,,,,,,,,,,,,,,,,,,,,,,,,,,,,,,,,,,,,,,,,,,,,,,,,,,,,,,,,,,,,,,,,,,,,,,,,,,,,,,,,,,,,,,,,,,,,,,,,,,,,,,,,,,,,,,,,,,,,,,,,,,,,,,,,,,,,,,,,
,,,,,,,Hardware,General Hardware,Hardware Accessories,,EUF21CDBW,EUF21CDBW Element 21CF Freezer - Upright,,,,Appliance Dealers Cooperative (APPDE),Appliance Dealers Cooperative,Appliance Dealers Cooperative,,EUF21CDBW,,Industrial & Commercial Supplies>Hardware>General Hardware,"Appliance Dealers Cooperative, Industrial Hardware, EUF21CDBW",INDUSTRIAL HARDWARE EUF21CDBW,"Appliance Dealers Cooperative, EUF21CDBW, Industrial Hardware",Appliance Dealers Cooperative Industrial Hardware Model EUF21CDBW. ,Industrial Hardware,,,,,,,,,,,,,,,,,,,,,,,,,,,Industrial Hardware,Size,,,Material,,,,,,,,,,,,,,,,,,,,,,,,,,,,,,,,,,,,,,,,,,,,,,,,,,,,,,,,,,,,,,,,,,,,,,,,,,,,,,,,,,,,,,,,,,,,,,,,,,,,,,,,,,,,,,,,,,,,,,,,,,,,,,,,,,,,,,,,,,,,,,,,,,,,,,,,,,,,,,,,,,,,,,,,,,,,,,,,,,,,,,,,,,,,,,,,,
,,,,,,,Hardware,General Hardware,Hardware Accessories,,TP-1935,TP-1935 Hole Drilling System,,,,,Generic Manufacturer,Generic Manufacturer,,TP-1935,,Industrial & Commercial Supplies>Hardware>General Hardware,"Generic Manufacturer, Industrial Hardware, TP-1935",INDUSTRIAL HARDWARE TP-1935,"Generic Manufacturer, TP-1935, Industrial Hardware",Generic Manufacturer Industrial Hardware Model TP-1935. ,Industrial Hardware,,,,,,,,,,,,,,,,,,,,,,,,,,,Industrial Hardware,Size,,,Material,,,,,,,,,,,,,,,,,,,,,,,,,,,,,,,,,,,,,,,,,,,,,,,,,,,,,,,,,,,,,,,,,,,,,,,,,,,,,,,,,,,,,,,,,,,,,,,,,,,,,,,,,,,,,,,,,,,,,,,,,,,,,,,,,,,,,,,,,,,,,,,,,,,,,,,,,,,,,,,,,,,,,,,,,,,,,,,,,,,,,,,,,,,,,,,,,
,,,,,,,Hardware,General Hardware,Hardware Accessories,,K527APBXR,"K527APBXR Senco .131x3"" SM BB - 500CT",,,,Senco Products Inc (4650),Senco Products Inc,Senco Products Inc,,K527APBXR,,Industrial & Commercial Supplies>Hardware>General Hardware,"Senco Products Inc, Industrial Hardware, K527APBXR",INDUSTRIAL HARDWARE K527APBXR,"Senco Products Inc, K527APBXR, Industrial Hardware",Senco Products Inc Industrial Hardware Model K527APBXR. ,Industrial Hardware,,,,,,,,,,,,,,,,,,,,,,,,,,,Industrial Hardware,Size,,,Material,,,,,,,,,,,,,,,,,,,,,,,,,,,,,,,,,,,,,,,,,,,,,,,,,,,,,,,,,,,,,,,,,,,,,,,,,,,,,,,,,,,,,,,,,,,,,,,,,,,,,,,,,,,,,,,,,,,,,,,,,,,,,,,,,,,,,,,,,,,,,,,,,,,,,,,,,,,,,,,,,,,,,,,,,,,,,,,,,,,,,,,,,,,,,,,,,
,,,,,,,Hardware,General Hardware,Hardware Accessories,,603150,"603150 2-1/2"" Finish Nail 15GA - 4M",,,,National Nail Corp (7439),National Nail Corp,National Nail Corp,,603150,,Industrial & Commercial Supplies>Hardware>General Hardware,"National Nail Corp, Industrial Hardware, 603150",INDUSTRIAL HARDWARE 603150,"National Nail Corp, 603150, Industrial Hardware",National Nail Corp Industrial Hardware Model 603150. ,Industrial Hardware,,,,,,,,,,,,,,,,,,,,,,,,,,,Industrial Hardware,Size,,,Material,,,,,,,,,,,,,,,,,,,,,,,,,,,,,,,,,,,,,,,,,,,,,,,,,,,,,,,,,,,,,,,,,,,,,,,,,,,,,,,,,,,,,,,,,,,,,,,,,,,,,,,,,,,,,,,,,,,,,,,,,,,,,,,,,,,,,,,,,,,,,,,,,,,,,,,,,,,,,,,,,,,,,,,,,,,,,,,,,,,,,,,,,,,,,,,,,
,,,,,,,Hardware,General Hardware,Hardware Accessories,,d10cnk,"D10CNK Prebena 1/2""x3/8"" - Staple",,,,Prebena (PREBE),Prebena,Prebena,,d10cnk,,Industrial & Commercial Supplies>Hardware>General Hardware,"Prebena, Industrial Hardware, d10cnk",INDUSTRIAL HARDWARE D10CNK,"Prebena, d10cnk, Industrial Hardware",Prebena Industrial Hardware Model d10cnk. ,Industrial Hardware,,,,,,,,,,,,,,,,,,,,,,,,,,,Industrial Hardware,Size,,,Material,,,,,,,,,,,,,,,,,,,,,,,,,,,,,,,,,,,,,,,,,,,,,,,,,,,,,,,,,,,,,,,,,,,,,,,,,,,,,,,,,,,,,,,,,,,,,,,,,,,,,,,,,,,,,,,,,,,,,,,,,,,,,,,,,,,,,,,,,,,,,,,,,,,,,,,,,,,,,,,,,,,,,,,,,,,,,,,,,,,,,,,,,,,,,,,,,
,,,,,,,Hardware,General Hardware,Hardware Accessories,,e28cnkha,"E28CNKHA Prebena 2/4""x1 1/8"" - Staple",,,,Prebena (PREBE),Prebena,Prebena,,e28cnkha,,Industrial & Commercial Supplies>Hardware>General Hardware,"Prebena, Industrial Hardware, e28cnkha",INDUSTRIAL HARDWARE E28CNKHA,"Prebena, e28cnkha, Industrial Hardware",Prebena Industrial Hardware Model e28cnkha. ,Industrial Hardware,,,,,,,,,,,,,,,,,,,,,,,,,,,Industrial Hardware,Size,,,Material,,,,,,,,,,,,,,,,,,,,,,,,,,,,,,,,,,,,,,,,,,,,,,,,,,,,,,,,,,,,,,,,,,,,,,,,,,,,,,,,,,,,,,,,,,,,,,,,,,,,,,,,,,,,,,,,,,,,,,,,,,,,,,,,,,,,,,,,,,,,,,,,,,,,,,,,,,,,,,,,,,,,,,,,,,,,,,,,,,,,,,,,,,,,,,,,,
,,,,,,,Hardware,General Hardware,Hardware Accessories,,51334,"51334 44"" Wh Gilmour Fan",,,,Hunter Fan Co (4381),Hunter Fan Co,Hunter Fan Co,,51334,,Industrial & Commercial Supplies>Hardware>General Hardware,"Hunter Fan Co, Industrial Hardware, 51334",INDUSTRIAL HARDWARE 51334,"Hunter Fan Co, 51334, Industrial Hardware",Hunter Fan Co Industrial Hardware Model 51334. ,Industrial Hardware,,,,,,,,,,,,,,,,,,,,,,,,,,,Industrial Hardware,Size,,,Material,,,,,,,,,,,,,,,,,,,,,,,,,,,,,,,,,,,,,,,,,,,,,,,,,,,,,,,,,,,,,,,,,,,,,,,,,,,,,,,,,,,,,,,,,,,,,,,,,,,,,,,,,,,,,,,,,,,,,,,,,,,,,,,,,,,,,,,,,,,,,,,,,,,,,,,,,,,,,,,,,,,,,,,,,,,,,,,,,,,,,,,,,,,,,,,,,
,,,,,,,Hardware,General Hardware,Hardware Accessories,,59210,"59210 52"" BZ Sent Hunter Fan",,,Hunter,Hunter Fan Co (4381),Hunter Fan Co,Hunter Fan Co,,59210,,Industrial & Commercial Supplies>Hardware>General Hardware,"Hunter Fan Co, Industrial Hardware, 59210",INDUSTRIAL HARDWARE 59210,"Hunter Fan Co, 59210, Industrial Hardware",Hunter Fan Co Industrial Hardware Model 59210. ,Industrial Hardware,,,,,,,,,,,,,,,,,,,,,,,,,,,Industrial Hardware,Size,,,Material,,,,,,,,,,,,,,,,,,,,,,,,,,,,,,,,,,,,,,,,,,,,,,,,,,,,,,,,,,,,,,,,,,,,,,,,,,,,,,,,,,,,,,,,,,,,,,,,,,,,,,,,,,,,,,,,,,,,,,,,,,,,,,,,,,,,,,,,,,,,,,,,,,,,,,,,,,,,,,,,,,,,,,,,,,,,,,,,,,,,,,,,,,,,,,,,,
,,,,,,,Hardware,General Hardware,Hardware Accessories,,52485,"52485 52"" MB Anisten Fan",,,,Hunter Fan Co (4381),Hunter Fan Co,Hunter Fan Co,,52485,,Industrial & Commercial Supplies>Hardware>General Hardware,"Hunter Fan Co, Industrial Hardware, 52485",INDUSTRIAL HARDWARE 52485,"Hunter Fan Co, 52485, Industrial Hardware",Hunter Fan Co Industrial Hardware Model 52485. ,Industrial Hardware,,,,,,,,,,,,,,,,,,,,,,,,,,,Industrial Hardware,Size,,,Material,,,,,,,,,,,,,,,,,,,,,,,,,,,,,,,,,,,,,,,,,,,,,,,,,,,,,,,,,,,,,,,,,,,,,,,,,,,,,,,,,,,,,,,,,,,,,,,,,,,,,,,,,,,,,,,,,,,,,,,,,,,,,,,,,,,,,,,,,,,,,,,,,,,,,,,,,,,,,,,,,,,,,,,,,,,,,,,,,,,,,,,,,,,,,,,,,
,,,,,,,Hardware,General Hardware,Hardware Accessories,,52486,"52486 44"" MB Anisten Fan",,,,Hunter Fan Co (4381),Hunter Fan Co,Hunter Fan Co,,52486,,Industrial & Commercial Supplies>Hardware>General Hardware,"Hunter Fan Co, Industrial Hardware, 52486",INDUSTRIAL HARDWARE 52486,"Hunter Fan Co, 52486, Industrial Hardware",Hunter Fan Co Industrial Hardware Model 52486. ,Industrial Hardware,,,,,,,,,,,,,,,,,,,,,,,,,,,Industrial Hardware,Size,,,Material,,,,,,,,,,,,,,,,,,,,,,,,,,,,,,,,,,,,,,,,,,,,,,,,,,,,,,,,,,,,,,,,,,,,,,,,,,,,,,,,,,,,,,,,,,,,,,,,,,,,,,,,,,,,,,,,,,,,,,,,,,,,,,,,,,,,,,,,,,,,,,,,,,,,,,,,,,,,,,,,,,,,,,,,,,,,,,,,,,,,,,,,,,,,,,,,,
,,,,,,,Hardware,General Hardware,Hardware Accessories,,52487,"52487 52"" WH Anisten Fan",,,,Hunter Fan Co (4381),Hunter Fan Co,Hunter Fan Co,,52487,,Industrial & Commercial Supplies>Hardware>General Hardware,"Hunter Fan Co, Industrial Hardware, 52487",INDUSTRIAL HARDWARE 52487,"Hunter Fan Co, 52487, Industrial Hardware",Hunter Fan Co Industrial Hardware Model 52487. ,Industrial Hardware,,,,,,,,,,,,,,,,,,,,,,,,,,,Industrial Hardware,Size,,,Material,,,,,,,,,,,,,,,,,,,,,,,,,,,,,,,,,,,,,,,,,,,,,,,,,,,,,,,,,,,,,,,,,,,,,,,,,,,,,,,,,,,,,,,,,,,,,,,,,,,,,,,,,,,,,,,,,,,,,,,,,,,,,,,,,,,,,,,,,,,,,,,,,,,,,,,,,,,,,,,,,,,,,,,,,,,,,,,,,,,,,,,,,,,,,,,,,
,,,,,,,Hardware,General Hardware,Hardware Accessories,,52488,"52488 44"" WH Anisten Fan",,,,Hunter Fan Co (4381),Hunter Fan Co,Hunter Fan Co,,52488,,Industrial & Commercial Supplies>Hardware>General Hardware,"Hunter Fan Co, Industrial Hardware, 52488",INDUSTRIAL HARDWARE 52488,"Hunter Fan Co, 52488, Industrial Hardware",Hunter Fan Co Industrial Hardware Model 52488. ,Industrial Hardware,,,,,,,,,,,,,,,,,,,,,,,,,,,Industrial Hardware,Size,,,Material,,,,,,,,,,,,,,,,,,,,,,,,,,,,,,,,,,,,,,,,,,,,,,,,,,,,,,,,,,,,,,,,,,,,,,,,,,,,,,,,,,,,,,,,,,,,,,,,,,,,,,,,,,,,,,,,,,,,,,,,,,,,,,,,,,,,,,,,,,,,,,,,,,,,,,,,,,,,,,,,,,,,,,,,,,,,,,,,,,,,,,,,,,,,,,,,,
,,,,,,,Hardware,General Hardware,Hardware Accessories,,52655,"52655 52"" MB Xidane Hunter Fan",,,,Hunter Fan Co (4381),Hunter Fan Co,Hunter Fan Co,,52655,,Industrial & Commercial Supplies>Hardware>General Hardware,"Hunter Fan Co, Industrial Hardware, 52655",INDUSTRIAL HARDWARE 52655,"Hunter Fan Co, 52655, Industrial Hardware",Hunter Fan Co Industrial Hardware Model 52655. ,Industrial Hardware,,,,,,,,,,,,,,,,,,,,,,,,,,,Industrial Hardware,Size,,,Material,,,,,,,,,,,,,,,,,,,,,,,,,,,,,,,,,,,,,,,,,,,,,,,,,,,,,,,,,,,,,,,,,,,,,,,,,,,,,,,,,,,,,,,,,,,,,,,,,,,,,,,,,,,,,,,,,,,,,,,,,,,,,,,,,,,,,,,,,,,,,,,,,,,,,,,,,,,,,,,,,,,,,,,,,,,,,,,,,,,,,,,,,,,,,,,,,
,,,,,,,Hardware,General Hardware,Hardware Accessories,,59261,"59261 52"" PB Cassius Fan",,,,Hunter Fan Co (4381),Hunter Fan Co,Hunter Fan Co,,59261,,Industrial & Commercial Supplies>Hardware>General Hardware,"Hunter Fan Co, Industrial Hardware, 59261",INDUSTRIAL HARDWARE 59261,"Hunter Fan Co, 59261, Industrial Hardware",Hunter Fan Co Industrial Hardware Model 59261. ,Industrial Hardware,,,,,,,,,,,,,,,,,,,,,,,,,,,Industrial Hardware,Size,,,Material,,,,,,,,,,,,,,,,,,,,,,,,,,,,,,,,,,,,,,,,,,,,,,,,,,,,,,,,,,,,,,,,,,,,,,,,,,,,,,,,,,,,,,,,,,,,,,,,,,,,,,,,,,,,,,,,,,,,,,,,,,,,,,,,,,,,,,,,,,,,,,,,,,,,,,,,,,,,,,,,,,,,,,,,,,,,,,,,,,,,,,,,,,,,,,,,,
,,,,,,,Hardware,General Hardware,Hardware Accessories,,51731,"51731 52"" MB Jetty Hunter Fan",,,,Hunter Fan Co (4381),Hunter Fan Co,Hunter Fan Co,,51731,,Industrial & Commercial Supplies>Hardware>General Hardware,"Hunter Fan Co, Industrial Hardware, 51731",INDUSTRIAL HARDWARE 51731,"Hunter Fan Co, 51731, Industrial Hardware",Hunter Fan Co Industrial Hardware Model 51731. ,Industrial Hardware,,,,,,,,,,,,,,,,,,,,,,,,,,,Industrial Hardware,Size,,,Material,,,,,,,,,,,,,,,,,,,,,,,,,,,,,,,,,,,,,,,,,,,,,,,,,,,,,,,,,,,,,,,,,,,,,,,,,,,,,,,,,,,,,,,,,,,,,,,,,,,,,,,,,,,,,,,,,,,,,,,,,,,,,,,,,,,,,,,,,,,,,,,,,,,,,,,,,,,,,,,,,,,,,,,,,,,,,,,,,,,,,,,,,,,,,,,,,
,,,,,,,Hardware,General Hardware,Hardware Accessories,,XLC10ZW,XLC10ZW Makita 18V Cordless Vacuum (Bare),,,,Makita Usa Inc (5142),Makita Usa Inc,Makita Usa Inc,,XLC10ZW,,Industrial & Commercial Supplies>Hardware>General Hardware,"Makita Usa Inc, Industrial Hardware, XLC10ZW",INDUSTRIAL HARDWARE XLC10ZW,"Makita Usa Inc, XLC10ZW, Industrial Hardware",Makita Usa Inc Industrial Hardware Model XLC10ZW. ,Industrial Hardware,,,,,,,,,,,,,,,,,,,,,,,,,,,Industrial Hardware,Size,,,Material,,,,,,,,,,,,,,,,,,,,,,,,,,,,,,,,,,,,,,,,,,,,,,,,,,,,,,,,,,,,,,,,,,,,,,,,,,,,,,,,,,,,,,,,,,,,,,,,,,,,,,,,,,,,,,,,,,,,,,,,,,,,,,,,,,,,,,,,,,,,,,,,,,,,,,,,,,,,,,,,,,,,,,,,,,,,,,,,,,,,,,,,,,,,,,,,,
,,,,,,,Hardware,General Hardware,Hardware Accessories,,HS-DA,HS-DA Motion Driveway Alert,,,,Sabre (9195),Sabre,Sabre,,HS-DA,,Industrial & Commercial Supplies>Hardware>General Hardware,"Sabre, Industrial Hardware, HS-DA",INDUSTRIAL HARDWARE HS-DA,"Sabre, HS-DA, Industrial Hardware",Sabre Industrial Hardware Model HS-DA. ,Industrial Hardware,,,,,,,,,,,,,,,,,,,,,,,,,,,Industrial Hardware,Size,,,Material,,,,,,,,,,,,,,,,,,,,,,,,,,,,,,,,,,,,,,,,,,,,,,,,,,,,,,,,,,,,,,,,,,,,,,,,,,,,,,,,,,,,,,,,,,,,,,,,,,,,,,,,,,,,,,,,,,,,,,,,,,,,,,,,,,,,,,,,,,,,,,,,,,,,,,,,,,,,,,,,,,,,,,,,,,,,,,,,,,,,,,,,,,,,,,,,,
,,,,,,,Hardware,General Hardware,Hardware Accessories,,73002252,Black Gate Gravity Latch RDI,,,,,Generic Manufacturer,Generic Manufacturer,,73002252,,Industrial & Commercial Supplies>Hardware>General Hardware,"Generic Manufacturer, Industrial Hardware, 73002252",INDUSTRIAL HARDWARE 73002252,"Generic Manufacturer, 73002252, Industrial Hardware",Generic Manufacturer Industrial Hardware Model 73002252. ,Industrial Hardware,,,,,,,,,,,,,,,,,,,,,,,,,,,Industrial Hardware,Size,,,Material,,,,,,,,,,,,,,,,,,,,,,,,,,,,,,,,,,,,,,,,,,,,,,,,,,,,,,,,,,,,,,,,,,,,,,,,,,,,,,,,,,,,,,,,,,,,,,,,,,,,,,,,,,,,,,,,,,,,,,,,,,,,,,,,,,,,,,,,,,,,,,,,,,,,,,,,,,,,,,,,,,,,,,,,,,,,,,,,,,,,,,,,,,,,,,,,,
,,,,,,,Hardware,General Hardware,Hardware Accessories,,48-22-8396R,48-22-8396R Milw 24oz Bottle - Insulated,,,,Milwaukee Accessory (4031),Milwaukee Tool,Milwaukee®,,48-22-8396R,,Industrial & Commercial Supplies>Hardware>General Hardware,"Milwaukee Tool, Milwaukee, Industrial Hardware, 48-22-8396R",INDUSTRIAL HARDWARE 48-22-8396R,"Milwaukee®, 48-22-8396R, Industrial Hardware",Milwaukee® Industrial Hardware Model 48-22-8396R. ,Industrial Hardware,,,,,,,,,,,,,,,,,,,,,,,,,,,Industrial Hardware,Size,,,Material,,,,,,,,,,,,,,,,,,,,,,,,,,,,,,,,,,,,,,,,,,,,,,,,,,,,,,,,,,,,,,,,,,,,,,,,,,,,,,,,,,,,,,,,,,,,,,,,,,,,,,,,,,,,,,,,,,,,,,,,,,,,,,,,,,,,,,,,,,,,,,,,,,,,,,,,,,,,,,,,,,,,,,,,,,,,,,,,,,,,,,,,,,,,,,,,,
,,,,,,,Hardware,General Hardware,Hardware Accessories,,48-22-8397R,48-22-8397R Milw 36oz Bottle - Insulated,,,,Milwaukee Accessory (4031),Milwaukee Tool,Milwaukee®,,48-22-8397R,,Industrial & Commercial Supplies>Hardware>General Hardware,"Milwaukee Tool, Milwaukee, Industrial Hardware, 48-22-8397R",INDUSTRIAL HARDWARE 48-22-8397R,"Milwaukee®, 48-22-8397R, Industrial Hardware",Milwaukee® Industrial Hardware Model 48-22-8397R. ,Industrial Hardware,,,,,,,,,,,,,,,,,,,,,,,,,,,Industrial Hardware,Size,,,Material,,,,,,,,,,,,,,,,,,,,,,,,,,,,,,,,,,,,,,,,,,,,,,,,,,,,,,,,,,,,,,,,,,,,,,,,,,,,,,,,,,,,,,,,,,,,,,,,,,,,,,,,,,,,,,,,,,,,,,,,,,,,,,,,,,,,,,,,,,,,,,,,,,,,,,,,,,,,,,,,,,,,,,,,,,,,,,,,,,,,,,,,,,,,,,,,,
,,,,,,,Hardware,General Hardware,Hardware Accessories,,DCGG581B,DCGG581B Dewalt 20V Grease Gun 2-Speed,,,,Black & Decker/dewlt (2585),Black & Decker/dewlt,Black & Decker/dewlt,,DCGG581B,,Industrial & Commercial Supplies>Hardware>General Hardware,"Black & Decker/dewlt, Industrial Hardware, DCGG581B",INDUSTRIAL HARDWARE DCGG581B,"Black & Decker/dewlt, DCGG581B, Industrial Hardware",Black & Decker/dewlt Industrial Hardware Model DCGG581B. ,Industrial Hardware,,,,,,,,,,,,,,,,,,,,,,,,,,,Industrial Hardware,Size,,,Material,,,,,,,,,,,,,,,,,,,,,,,,,,,,,,,,,,,,,,,,,,,,,,,,,,,,,,,,,,,,,,,,,,,,,,,,,,,,,,,,,,,,,,,,,,,,,,,,,,,,,,,,,,,,,,,,,,,,,,,,,,,,,,,,,,,,,,,,,,,,,,,,,,,,,,,,,,,,,,,,,,,,,,,,,,,,,,,,,,,,,,,,,,,,,,,,,
,,,,,,,Hardware,General Hardware,Hardware Accessories,,DCGG581GD1,DCGG581GD1 Dewalt 20V Grease Gun 2-Speed Kit,,,,Black & Decker/dewlt (2585),Black & Decker/dewlt,Black & Decker/dewlt,,DCGG581GD1,,Industrial & Commercial Supplies>Hardware>General Hardware,"Black & Decker/dewlt, Industrial Hardware, DCGG581GD1",INDUSTRIAL HARDWARE DCGG581GD1,"Black & Decker/dewlt, DCGG581GD1, Industrial Hardware",Black & Decker/dewlt Industrial Hardware Model DCGG581GD1. ,Industrial Hardware,,,,,,,,,,,,,,,,,,,,,,,,,,,Industrial Hardware,Size,,,Material,,,,,,,,,,,,,,,,,,,,,,,,,,,,,,,,,,,,,,,,,,,,,,,,,,,,,,,,,,,,,,,,,,,,,,,,,,,,,,,,,,,,,,,,,,,,,,,,,,,,,,,,,,,,,,,,,,,,,,,,,,,,,,,,,,,,,,,,,,,,,,,,,,,,,,,,,,,,,,,,,,,,,,,,,,,,,,,,,,,,,,,,,,,,,,,,,
,,,,,,,Hardware,General Hardware,Hardware Accessories,,DWST41092,"DWST41092 Dewalt Tool Chest 41"" Bottom",,,,Black & Decker/dewlt (2585),Black & Decker/dewlt,Black & Decker/dewlt,,DWST41092,,Industrial & Commercial Supplies>Hardware>General Hardware,"Black & Decker/dewlt, Industrial Hardware, DWST41092",INDUSTRIAL HARDWARE DWST41092,"Black & Decker/dewlt, DWST41092, Industrial Hardware",Black & Decker/dewlt Industrial Hardware Model DWST41092. ,Industrial Hardware,,,,,,,,,,,,,,,,,,,,,,,,,,,Industrial Hardware,Size,,,Material,,,,,,,,,,,,,,,,,,,,,,,,,,,,,,,,,,,,,,,,,,,,,,,,,,,,,,,,,,,,,,,,,,,,,,,,,,,,,,,,,,,,,,,,,,,,,,,,,,,,,,,,,,,,,,,,,,,,,,,,,,,,,,,,,,,,,,,,,,,,,,,,,,,,,,,,,,,,,,,,,,,,,,,,,,,,,,,,,,,,,,,,,,,,,,,,,
,,,,,,,Hardware,General Hardware,Hardware Accessories,,156436WHT,156436 Wh 4x4x120 Post Wrap,DSI Westbury,,,Palmer Donavin Mfg Company (PALDO),Palmer Donavin Mfg Company,Palmer Donavin Mfg Company,,156436WHT,,Industrial & Commercial Supplies>Hardware>General Hardware,"Palmer Donavin Mfg Company, Industrial Hardware, 156436WHT",INDUSTRIAL HARDWARE 156436WHT,"Palmer Donavin Mfg Company, 156436WHT, Industrial Hardware",Palmer Donavin Mfg Company Industrial Hardware Model 156436WHT. ,Industrial Hardware,,,,,,,,,,,,,,,,,,,,,,,,,,,Industrial Hardware,Size,,,Material,,,,,,,,,,,,,,,,,,,,,,,,,,,,,,,,,,,,,,,,,,,,,,,,,,,,,,,,,,,,,,,,,,,,,,,,,,,,,,,,,,,,,,,,,,,,,,,,,,,,,,,,,,,,,,,,,,,,,,,,,,,,,,,,,,,,,,,,,,,,,,,,,,,,,,,,,,,,,,,,,,,,,,,,,,,,,,,,,,,,,,,,,,,,,,,,,
,,,,,,,Hardware,General Hardware,Hardware Accessories,,173950TBK,"4""x8'-6"" DSI SQ Black Alum Post Wrap",,,,Palmer Donavin Mfg Company (PALDO),Palmer Donavin Mfg Company,Palmer Donavin Mfg Company,,173950TBK,,Industrial & Commercial Supplies>Hardware>General Hardware,"Palmer Donavin Mfg Company, Industrial Hardware, 173950TBK",INDUSTRIAL HARDWARE 173950TBK,"Palmer Donavin Mfg Company, 173950TBK, Industrial Hardware",Palmer Donavin Mfg Company Industrial Hardware Model 173950TBK. ,Industrial Hardware,,,,,,,,,,,,,,,,,,,,,,,,,,,Industrial Hardware,Size,,,Material,,,,,,,,,,,,,,,,,,,,,,,,,,,,,,,,,,,,,,,,,,,,,,,,,,,,,,,,,,,,,,,,,,,,,,,,,,,,,,,,,,,,,,,,,,,,,,,,,,,,,,,,,,,,,,,,,,,,,,,,,,,,,,,,,,,,,,,,,,,,,,,,,,,,,,,,,,,,,,,,,,,,,,,,,,,,,,,,,,,,,,,,,,,,,,,,,
,,,,,,,Hardware,General Hardware,Hardware Accessories,,173951TBK,"6""x8'-6"" DSI SQ Black Alum Post Wrap",,,,Palmer Donavin Mfg Company (PALDO),Palmer Donavin Mfg Company,Palmer Donavin Mfg Company,,173951TBK,,Industrial & Commercial Supplies>Hardware>General Hardware,"Palmer Donavin Mfg Company, Industrial Hardware, 173951TBK",INDUSTRIAL HARDWARE 173951TBK,"Palmer Donavin Mfg Company, 173951TBK, Industrial Hardware",Palmer Donavin Mfg Company Industrial Hardware Model 173951TBK. ,Industrial Hardware,,,,,,,,,,,,,,,,,,,,,,,,,,,Industrial Hardware,Size,,,Material,,,,,,,,,,,,,,,,,,,,,,,,,,,,,,,,,,,,,,,,,,,,,,,,,,,,,,,,,,,,,,,,,,,,,,,,,,,,,,,,,,,,,,,,,,,,,,,,,,,,,,,,,,,,,,,,,,,,,,,,,,,,,,,,,,,,,,,,,,,,,,,,,,,,,,,,,,,,,,,,,,,,,,,,,,,,,,,,,,,,,,,,,,,,,,,,,
,,,,,,,Hardware,General Hardware,Hardware Accessories,,173952TBK,"6""x10' DSI SQ Black Alum Post Wrap",,,,Palmer Donavin Mfg Company (PALDO),Palmer Donavin Mfg Company,Palmer Donavin Mfg Company,,173952TBK,,Industrial & Commercial Supplies>Hardware>General Hardware,"Palmer Donavin Mfg Company, Industrial Hardware, 173952TBK",INDUSTRIAL HARDWARE 173952TBK,"Palmer Donavin Mfg Company, 173952TBK, Industrial Hardware",Palmer Donavin Mfg Company Industrial Hardware Model 173952TBK. ,Industrial Hardware,,,,,,,,,,,,,,,,,,,,,,,,,,,Industrial Hardware,Size,,,Material,,,,,,,,,,,,,,,,,,,,,,,,,,,,,,,,,,,,,,,,,,,,,,,,,,,,,,,,,,,,,,,,,,,,,,,,,,,,,,,,,,,,,,,,,,,,,,,,,,,,,,,,,,,,,,,,,,,,,,,,,,,,,,,,,,,,,,,,,,,,,,,,,,,,,,,,,,,,,,,,,,,,,,,,,,,,,,,,,,,,,,,,,,,,,,,,,
,,,,,,,Hardware,General Hardware,Hardware Accessories,,1624157,TW52 WH INSIDE CAS VIN WRAPPED,ANDERSEN,,,,Generic Manufacturer,Generic Manufacturer,,1624157,,Industrial & Commercial Supplies>Hardware>General Hardware,"Generic Manufacturer, Industrial Hardware, 1624157",INDUSTRIAL HARDWARE 1624157,"Generic Manufacturer, 1624157, Industrial Hardware",Generic Manufacturer Industrial Hardware Model 1624157. ,Industrial Hardware,,,,,,,,,,,,,,,,,,,,,,,,,,,Industrial Hardware,Size,,,Material,,,,,,,,,,,,,,,,,,,,,,,,,,,,,,,,,,,,,,,,,,,,,,,,,,,,,,,,,,,,,,,,,,,,,,,,,,,,,,,,,,,,,,,,,,,,,,,,,,,,,,,,,,,,,,,,,,,,,,,,,,,,,,,,,,,,,,,,,,,,,,,,,,,,,,,,,,,,,,,,,,,,,,,,,,,,,,,,,,,,,,,,,,,,,,,,,
,,,,,,,Hardware,General Hardware,Hardware Accessories,,40025,40025 TS-54 Wal-Board T-Square 009-008,,,,Marshalltown Trowel (5155),Marshalltown Trowel,Marshalltown Trowel,,40025,,Industrial & Commercial Supplies>Hardware>General Hardware,"Marshalltown Trowel, Industrial Hardware, 40025",INDUSTRIAL HARDWARE 40025,"Marshalltown Trowel, 40025, Industrial Hardware",Marshalltown Trowel Industrial Hardware Model 40025. ,Industrial Hardware,,,,,,,,,,,,,,,,,,,,,,,,,,,Industrial Hardware,Size,,,Material,,,,,,,,,,,,,,,,,,,,,,,,,,,,,,,,,,,,,,,,,,,,,,,,,,,,,,,,,,,,,,,,,,,,,,,,,,,,,,,,,,,,,,,,,,,,,,,,,,,,,,,,,,,,,,,,,,,,,,,,,,,,,,,,,,,,,,,,,,,,,,,,,,,,,,,,,,,,,,,,,,,,,,,,,,,,,,,,,,,,,,,,,,,,,,,,,
,,,,,,,Hardware,General Hardware,Hardware Accessories,,48-22-3301,48-22-3301 Milw Mechanical Pencil w/ Lead Pack,,,,Milwaukee Accessory (4031),Milwaukee Tool,Milwaukee®,,48-22-3301,,Industrial & Commercial Supplies>Hardware>General Hardware,"Milwaukee Tool, Milwaukee, Industrial Hardware, 48-22-3301",INDUSTRIAL HARDWARE 48-22-3301,"Milwaukee®, 48-22-3301, Industrial Hardware",Milwaukee® Industrial Hardware Model 48-22-3301. ,Industrial Hardware,,,,,,,,,,,,,,,,,,,,,,,,,,,Industrial Hardware,Size,,,Material,,,,,,,,,,,,,,,,,,,,,,,,,,,,,,,,,,,,,,,,,,,,,,,,,,,,,,,,,,,,,,,,,,,,,,,,,,,,,,,,,,,,,,,,,,,,,,,,,,,,,,,,,,,,,,,,,,,,,,,,,,,,,,,,,,,,,,,,,,,,,,,,,,,,,,,,,,,,,,,,,,,,,,,,,,,,,,,,,,,,,,,,,,,,,,,,,
,,,,,,,Hardware,General Hardware,Hardware Accessories,,48-22-3302,48-22-3302 Milw Mechanical Pencil Replacement Lead,,,,Milwaukee Accessory (4031),Milwaukee Tool,Milwaukee®,,48-22-3302,,Industrial & Commercial Supplies>Hardware>General Hardware,"Milwaukee Tool, Milwaukee, Industrial Hardware, 48-22-3302",INDUSTRIAL HARDWARE 48-22-3302,"Milwaukee®, 48-22-3302, Industrial Hardware",Milwaukee® Industrial Hardware Model 48-22-3302. ,Industrial Hardware,,,,,,,,,,,,,,,,,,,,,,,,,,,Industrial Hardware,Size,,,Material,,,,,,,,,,,,,,,,,,,,,,,,,,,,,,,,,,,,,,,,,,,,,,,,,,,,,,,,,,,,,,,,,,,,,,,,,,,,,,,,,,,,,,,,,,,,,,,,,,,,,,,,,,,,,,,,,,,,,,,,,,,,,,,,,,,,,,,,,,,,,,,,,,,,,,,,,,,,,,,,,,,,,,,,,,,,,,,,,,,,,,,,,,,,,,,,,
,,,,,,,Hardware,General Hardware,Hardware Accessories,,48-22-3303,48-22-3303 Milw Mechanical Pencil Replacement Lead-Color,,,,Milwaukee Accessory (4031),Milwaukee Tool,Milwaukee®,,48-22-3303,,Industrial & Commercial Supplies>Hardware>General Hardware,"Milwaukee Tool, Milwaukee, Industrial Hardware, 48-22-3303",INDUSTRIAL HARDWARE 48-22-3303,"Milwaukee®, 48-22-3303, Industrial Hardware",Milwaukee® Industrial Hardware Model 48-22-3303. ,Industrial Hardware,,,,,,,,,,,,,,,,,,,,,,,,,,,Industrial Hardware,Size,,,Material,,,,,,,,,,,,,,,,,,,,,,,,,,,,,,,,,,,,,,,,,,,,,,,,,,,,,,,,,,,,,,,,,,,,,,,,,,,,,,,,,,,,,,,,,,,,,,,,,,,,,,,,,,,,,,,,,,,,,,,,,,,,,,,,,,,,,,,,,,,,,,,,,,,,,,,,,,,,,,,,,,,,,,,,,,,,,,,,,,,,,,,,,,,,,,,,,
,,,,,,,Hardware,General Hardware,Hardware Accessories,,TSDKAP218-G2,TSDKAP218-G2 Edge Safety - Khor Black Frame Polarized,,,,Edge Eyewear Inc (EDGSA),Edge Eyewear Inc,Edge Eyewear Inc,,TSDKAP218-G2,,Industrial & Commercial Supplies>Hardware>General Hardware,"Edge Eyewear Inc, Industrial Hardware, TSDKAP218-G2",INDUSTRIAL HARDWARE TSDKAP218-G2,"Edge Eyewear Inc, TSDKAP218-G2, Industrial Hardware",Edge Eyewear Inc Industrial Hardware Model TSDKAP218-G2. ,Industrial Hardware,,,,,,,,,,,,,,,,,,,,,,,,,,,Industrial Hardware,Size,,,Material,,,,,,,,,,,,,,,,,,,,,,,,,,,,,,,,,,,,,,,,,,,,,,,,,,,,,,,,,,,,,,,,,,,,,,,,,,,,,,,,,,,,,,,,,,,,,,,,,,,,,,,,,,,,,,,,,,,,,,,,,,,,,,,,,,,,,,,,,,,,,,,,,,,,,,,,,,,,,,,,,,,,,,,,,,,,,,,,,,,,,,,,,,,,,,,,,
,,,,,,,Hardware,General Hardware,Hardware Accessories,,XPAP418,XPAP418 Edge Safety Glasses - Pumori Black Frame,,,,Edge Eyewear Inc (EDGSA),Edge Eyewear Inc,Edge Eyewear Inc,,XPAP418,,Industrial & Commercial Supplies>Hardware>General Hardware,"Edge Eyewear Inc, Industrial Hardware, XPAP418",INDUSTRIAL HARDWARE XPAP418,"Edge Eyewear Inc, XPAP418, Industrial Hardware",Edge Eyewear Inc Industrial Hardware Model XPAP418. ,Industrial Hardware,,,,,,,,,,,,,,,,,,,,,,,,,,,Industrial Hardware,Size,,,Material,,,,,,,,,,,,,,,,,,,,,,,,,,,,,,,,,,,,,,,,,,,,,,,,,,,,,,,,,,,,,,,,,,,,,,,,,,,,,,,,,,,,,,,,,,,,,,,,,,,,,,,,,,,,,,,,,,,,,,,,,,,,,,,,,,,,,,,,,,,,,,,,,,,,,,,,,,,,,,,,,,,,,,,,,,,,,,,,,,,,,,,,,,,,,,,,,
,,,,,,,Hardware,General Hardware,Hardware Accessories,,XDAP419,XDAP419 Edge Safety Glasses - Dawson Black Frame Red Lenses,,,,Edge Eyewear Inc (EDGSA),Edge Eyewear Inc,Edge Eyewear Inc,,XDAP419,,Industrial & Commercial Supplies>Hardware>General Hardware,"Edge Eyewear Inc, Industrial Hardware, XDAP419",INDUSTRIAL HARDWARE XDAP419,"Edge Eyewear Inc, XDAP419, Industrial Hardware",Edge Eyewear Inc Industrial Hardware Model XDAP419. ,Industrial Hardware,,,,,,,,,,,,,,,,,,,,,,,,,,,Industrial Hardware,Size,,,Material,,,,,,,,,,,,,,,,,,,,,,,,,,,,,,,,,,,,,,,,,,,,,,,,,,,,,,,,,,,,,,,,,,,,,,,,,,,,,,,,,,,,,,,,,,,,,,,,,,,,,,,,,,,,,,,,,,,,,,,,,,,,,,,,,,,,,,,,,,,,,,,,,,,,,,,,,,,,,,,,,,,,,,,,,,,,,,,,,,,,,,,,,,,,,,,,,
,,,,,,,Hardware,General Hardware,Hardware Accessories,,XB11PCVS,XB11PCVS Edge Safety Glasses - Photochromic Lense,,,,Edge Eyewear Inc (EDGSA),Edge Eyewear Inc,Edge Eyewear Inc,,XB11PCVS,,Industrial & Commercial Supplies>Hardware>General Hardware,"Edge Eyewear Inc, Industrial Hardware, XB11PCVS",INDUSTRIAL HARDWARE XB11PCVS,"Edge Eyewear Inc, XB11PCVS, Industrial Hardware",Edge Eyewear Inc Industrial Hardware Model XB11PCVS. ,Industrial Hardware,,,,,,,,,,,,,,,,,,,,,,,,,,,Industrial Hardware,Size,,,Material,,,,,,,,,,,,,,,,,,,,,,,,,,,,,,,,,,,,,,,,,,,,,,,,,,,,,,,,,,,,,,,,,,,,,,,,,,,,,,,,,,,,,,,,,,,,,,,,,,,,,,,,,,,,,,,,,,,,,,,,,,,,,,,,,,,,,,,,,,,,,,,,,,,,,,,,,,,,,,,,,,,,,,,,,,,,,,,,,,,,,,,,,,,,,,,,,
,,,,,,,Hardware,General Hardware,Hardware Accessories,,KB121VS,KB121VS Edge Safety Glasses - Kabru Black Frame,,,,Edge Eyewear Inc (EDGSA),Edge Eyewear Inc,Edge Eyewear Inc,,KB121VS,,Industrial & Commercial Supplies>Hardware>General Hardware,"Edge Eyewear Inc, Industrial Hardware, KB121VS",INDUSTRIAL HARDWARE KB121VS,"Edge Eyewear Inc, KB121VS, Industrial Hardware",Edge Eyewear Inc Industrial Hardware Model KB121VS. ,Industrial Hardware,,,,,,,,,,,,,,,,,,,,,,,,,,,Industrial Hardware,Size,,,Material,,,,,,,,,,,,,,,,,,,,,,,,,,,,,,,,,,,,,,,,,,,,,,,,,,,,,,,,,,,,,,,,,,,,,,,,,,,,,,,,,,,,,,,,,,,,,,,,,,,,,,,,,,,,,,,,,,,,,,,,,,,,,,,,,,,,,,,,,,,,,,,,,,,,,,,,,,,,,,,,,,,,,,,,,,,,,,,,,,,,,,,,,,,,,,,,,
,,,,,,,Hardware,General Hardware,Hardware Accessories,,KB126VS,KB126VS Edge Safety Glasses - Kabru Black Frame,,,,Edge Eyewear Inc (EDGSA),Edge Eyewear Inc,Edge Eyewear Inc,,KB126VS,,Industrial & Commercial Supplies>Hardware>General Hardware,"Edge Eyewear Inc, Industrial Hardware, KB126VS",INDUSTRIAL HARDWARE KB126VS,"Edge Eyewear Inc, KB126VS, Industrial Hardware",Edge Eyewear Inc Industrial Hardware Model KB126VS. ,Industrial Hardware,,,,,,,,,,,,,,,,,,,,,,,,,,,Industrial Hardware,Size,,,Material,,,,,,,,,,,,,,,,,,,,,,,,,,,,,,,,,,,,,,,,,,,,,,,,,,,,,,,,,,,,,,,,,,,,,,,,,,,,,,,,,,,,,,,,,,,,,,,,,,,,,,,,,,,,,,,,,,,,,,,,,,,,,,,,,,,,,,,,,,,,,,,,,,,,,,,,,,,,,,,,,,,,,,,,,,,,,,,,,,,,,,,,,,,,,,,,,
,,,,,,,Hardware,General Hardware,Hardware Accessories,,TC121VS,TC121VS Edge Safety Glasses - Tacana Black Frame,,,,Edge Eyewear Inc (EDGSA),Edge Eyewear Inc,Edge Eyewear Inc,,TC121VS,,Industrial & Commercial Supplies>Hardware>General Hardware,"Edge Eyewear Inc, Industrial Hardware, TC121VS",INDUSTRIAL HARDWARE TC121VS,"Edge Eyewear Inc, TC121VS, Industrial Hardware",Edge Eyewear Inc Industrial Hardware Model TC121VS. ,Industrial Hardware,,,,,,,,,,,,,,,,,,,,,,,,,,,Industrial Hardware,Size,,,Material,,,,,,,,,,,,,,,,,,,,,,,,,,,,,,,,,,,,,,,,,,,,,,,,,,,,,,,,,,,,,,,,,,,,,,,,,,,,,,,,,,,,,,,,,,,,,,,,,,,,,,,,,,,,,,,,,,,,,,,,,,,,,,,,,,,,,,,,,,,,,,,,,,,,,,,,,,,,,,,,,,,,,,,,,,,,,,,,,,,,,,,,,,,,,,,,,
,,,,,,,Hardware,General Hardware,Hardware Accessories,,TC126VS,TC126VS Edge Safety Glasses - Tacana Black Frame,,,,Edge Eyewear Inc (EDGSA),Edge Eyewear Inc,Edge Eyewear Inc,,TC126VS,,Industrial & Commercial Supplies>Hardware>General Hardware,"Edge Eyewear Inc, Industrial Hardware, TC126VS",INDUSTRIAL HARDWARE TC126VS,"Edge Eyewear Inc, TC126VS, Industrial Hardware",Edge Eyewear Inc Industrial Hardware Model TC126VS. ,Industrial Hardware,,,,,,,,,,,,,,,,,,,,,,,,,,,Industrial Hardware,Size,,,Material,,,,,,,,,,,,,,,,,,,,,,,,,,,,,,,,,,,,,,,,,,,,,,,,,,,,,,,,,,,,,,,,,,,,,,,,,,,,,,,,,,,,,,,,,,,,,,,,,,,,,,,,,,,,,,,,,,,,,,,,,,,,,,,,,,,,,,,,,,,,,,,,,,,,,,,,,,,,,,,,,,,,,,,,,,,,,,,,,,,,,,,,,,,,,,,,,
,,,,,,,Hardware,General Hardware,Hardware Accessories,,MK113MPAP,MK113MPAP Edge Safety Glasses - Makalu Black Frame Polarized,,,,Edge Eyewear Inc (EDGSA),Edge Eyewear Inc,Edge Eyewear Inc,,MK113MPAP,,Industrial & Commercial Supplies>Hardware>General Hardware,"Edge Eyewear Inc, Industrial Hardware, MK113MPAP",INDUSTRIAL HARDWARE MK113MPAP,"Edge Eyewear Inc, MK113MPAP, Industrial Hardware",Edge Eyewear Inc Industrial Hardware Model MK113MPAP. ,Industrial Hardware,,,,,,,,,,,,,,,,,,,,,,,,,,,Industrial Hardware,Size,,,Material,,,,,,,,,,,,,,,,,,,,,,,,,,,,,,,,,,,,,,,,,,,,,,,,,,,,,,,,,,,,,,,,,,,,,,,,,,,,,,,,,,,,,,,,,,,,,,,,,,,,,,,,,,,,,,,,,,,,,,,,,,,,,,,,,,,,,,,,,,,,,,,,,,,,,,,,,,,,,,,,,,,,,,,,,,,,,,,,,,,,,,,,,,,,,,,,,
,,,,,,,Hardware,General Hardware,Hardware Accessories,,LS117MPAP,LS117MPAP Edge Safety Glasses - Lassen Black Frame Polarized,,,,Edge Eyewear Inc (EDGSA),Edge Eyewear Inc,Edge Eyewear Inc,,LS117MPAP,,Industrial & Commercial Supplies>Hardware>General Hardware,"Edge Eyewear Inc, Industrial Hardware, LS117MPAP",INDUSTRIAL HARDWARE LS117MPAP,"Edge Eyewear Inc, LS117MPAP, Industrial Hardware",Edge Eyewear Inc Industrial Hardware Model LS117MPAP. ,Industrial Hardware,,,,,,,,,,,,,,,,,,,,,,,,,,,Industrial Hardware,Size,,,Material,,,,,,,,,,,,,,,,,,,,,,,,,,,,,,,,,,,,,,,,,,,,,,,,,,,,,,,,,,,,,,,,,,,,,,,,,,,,,,,,,,,,,,,,,,,,,,,,,,,,,,,,,,,,,,,,,,,,,,,,,,,,,,,,,,,,,,,,,,,,,,,,,,,,,,,,,,,,,,,,,,,,,,,,,,,,,,,,,,,,,,,,,,,,,,,,,
,,,,,,,Hardware,General Hardware,Hardware Accessories,,FE-EFX-6L,FEEFX6L Lith Fire Extinguisher,,,,Ohio Firewatch Protection Inc (HOLFS),Ohio Firewatch Protection Inc,Ohio Firewatch Protection Inc,,FE-EFX-6L,,Industrial & Commercial Supplies>Hardware>General Hardware,"Ohio Firewatch Protection Inc, Industrial Hardware, FE-EFX-6L",INDUSTRIAL HARDWARE FE-EFX-6L,"Ohio Firewatch Protection Inc, FE-EFX-6L, Industrial Hardware",Ohio Firewatch Protection Inc Industrial Hardware Model FE-EFX-6L. ,Industrial Hardware,,,,,,,,,,,,,,,,,,,,,,,,,,,Industrial Hardware,Size,,,Material,,,,,,,,,,,,,,,,,,,,,,,,,,,,,,,,,,,,,,,,,,,,,,,,,,,,,,,,,,,,,,,,,,,,,,,,,,,,,,,,,,,,,,,,,,,,,,,,,,,,,,,,,,,,,,,,,,,,,,,,,,,,,,,,,,,,,,,,,,,,,,,,,,,,,,,,,,,,,,,,,,,,,,,,,,,,,,,,,,,,,,,,,,,,,,,,,
,,,,,,,Hardware,General Hardware,Hardware Accessories,,FE-EFX-9L,FEEFX9L Lith Fire Extinguisher,,,,Ohio Firewatch Protection Inc (HOLFS),Ohio Firewatch Protection Inc,Ohio Firewatch Protection Inc,,FE-EFX-9L,,Industrial & Commercial Supplies>Hardware>General Hardware,"Ohio Firewatch Protection Inc, Industrial Hardware, FE-EFX-9L",INDUSTRIAL HARDWARE FE-EFX-9L,"Ohio Firewatch Protection Inc, FE-EFX-9L, Industrial Hardware",Ohio Firewatch Protection Inc Industrial Hardware Model FE-EFX-9L. ,Industrial Hardware,,,,,,,,,,,,,,,,,,,,,,,,,,,Industrial Hardware,Size,,,Material,,,,,,,,,,,,,,,,,,,,,,,,,,,,,,,,,,,,,,,,,,,,,,,,,,,,,,,,,,,,,,,,,,,,,,,,,,,,,,,,,,,,,,,,,,,,,,,,,,,,,,,,,,,,,,,,,,,,,,,,,,,,,,,,,,,,,,,,,,,,,,,,,,,,,,,,,,,,,,,,,,,,,,,,,,,,,,,,,,,,,,,,,,,,,,,,,
,,,,,,,Hardware,General Hardware,Hardware Accessories,,1046793,1046793 Smoke & CO Alarm,,,First Alert,First Alert - B R K Brands (2754),First Alert - B R K Brands,First Alert - B R K Brands,,1046793,,Industrial & Commercial Supplies>Hardware>General Hardware,"First Alert - B R K Brands, Industrial Hardware, 1046793",INDUSTRIAL HARDWARE 1046793,"First Alert - B R K Brands, 1046793, Industrial Hardware",First Alert - B R K Brands Industrial Hardware Model 1046793. ,Industrial Hardware,,,,,,,,,,,,,,,,,,,,,,,,,,,Industrial Hardware,Size,,,Material,,,,,,,,,,,,,,,,,,,,,,,,,,,,,,,,,,,,,,,,,,,,,,,,,,,,,,,,,,,,,,,,,,,,,,,,,,,,,,,,,,,,,,,,,,,,,,,,,,,,,,,,,,,,,,,,,,,,,,,,,,,,,,,,,,,,,,,,,,,,,,,,,,,,,,,,,,,,,,,,,,,,,,,,,,,,,,,,,,,,,,,,,,,,,,,,,
,,,,,,,Hardware,General Hardware,Hardware Accessories,,1046870,1046870 Smoke & CO Alarm,,,BRK,First Alert - B R K Brands (2754),First Alert - B R K Brands,First Alert - B R K Brands,,1046870,,Industrial & Commercial Supplies>Hardware>General Hardware,"First Alert - B R K Brands, Industrial Hardware, 1046870",INDUSTRIAL HARDWARE 1046870,"First Alert - B R K Brands, 1046870, Industrial Hardware",First Alert - B R K Brands Industrial Hardware Model 1046870. ,Industrial Hardware,,,,,,,,,,,,,,,,,,,,,,,,,,,Industrial Hardware,Size,,,Material,,,,,,,,,,,,,,,,,,,,,,,,,,,,,,,,,,,,,,,,,,,,,,,,,,,,,,,,,,,,,,,,,,,,,,,,,,,,,,,,,,,,,,,,,,,,,,,,,,,,,,,,,,,,,,,,,,,,,,,,,,,,,,,,,,,,,,,,,,,,,,,,,,,,,,,,,,,,,,,,,,,,,,,,,,,,,,,,,,,,,,,,,,,,,,,,,
,,,,,,,Hardware,General Hardware,Hardware Accessories,,M701B-21L,M701B-21L Milw L Black Heated Work Glove Liners,,,,Milwaukee Accessory (4031),Milwaukee Tool,Milwaukee®,,M701B-21L,,Industrial & Commercial Supplies>Hardware>General Hardware,"Milwaukee Tool, Milwaukee, Industrial Hardware, M701B-21L",INDUSTRIAL HARDWARE M701B-21L,"Milwaukee®, M701B-21L, Industrial Hardware",Milwaukee® Industrial Hardware Model M701B-21L. ,Industrial Hardware,,,,,,,,,,,,,,,,,,,,,,,,,,,Industrial Hardware,Size,,,Material,,,,,,,,,,,,,,,,,,,,,,,,,,,,,,,,,,,,,,,,,,,,,,,,,,,,,,,,,,,,,,,,,,,,,,,,,,,,,,,,,,,,,,,,,,,,,,,,,,,,,,,,,,,,,,,,,,,,,,,,,,,,,,,,,,,,,,,,,,,,,,,,,,,,,,,,,,,,,,,,,,,,,,,,,,,,,,,,,,,,,,,,,,,,,,,,,
,,,,,,,Hardware,General Hardware,Hardware Accessories,,M701B-21M,M701B-21M Milw M Black Heated Work Glove Liners,,,,Milwaukee Accessory (4031),Milwaukee Tool,Milwaukee®,,M701B-21M,,Industrial & Commercial Supplies>Hardware>General Hardware,"Milwaukee Tool, Milwaukee, Industrial Hardware, M701B-21M",INDUSTRIAL HARDWARE M701B-21M,"Milwaukee®, M701B-21M, Industrial Hardware",Milwaukee® Industrial Hardware Model M701B-21M. ,Industrial Hardware,,,,,,,,,,,,,,,,,,,,,,,,,,,Industrial Hardware,Size,,,Material,,,,,,,,,,,,,,,,,,,,,,,,,,,,,,,,,,,,,,,,,,,,,,,,,,,,,,,,,,,,,,,,,,,,,,,,,,,,,,,,,,,,,,,,,,,,,,,,,,,,,,,,,,,,,,,,,,,,,,,,,,,,,,,,,,,,,,,,,,,,,,,,,,,,,,,,,,,,,,,,,,,,,,,,,,,,,,,,,,,,,,,,,,,,,,,,,
,,,,,,,Hardware,General Hardware,Hardware Accessories,,M701B-21S,M701B-21S Milw S Black Heated Work Glove Liners,,,,Milwaukee Accessory (4031),Milwaukee Tool,Milwaukee®,,M701B-21S,,Industrial & Commercial Supplies>Hardware>General Hardware,"Milwaukee Tool, Milwaukee, Industrial Hardware, M701B-21S",INDUSTRIAL HARDWARE M701B-21S,"Milwaukee®, M701B-21S, Industrial Hardware",Milwaukee® Industrial Hardware Model M701B-21S. ,Industrial Hardware,,,,,,,,,,,,,,,,,,,,,,,,,,,Industrial Hardware,Size,,,Material,,,,,,,,,,,,,,,,,,,,,,,,,,,,,,,,,,,,,,,,,,,,,,,,,,,,,,,,,,,,,,,,,,,,,,,,,,,,,,,,,,,,,,,,,,,,,,,,,,,,,,,,,,,,,,,,,,,,,,,,,,,,,,,,,,,,,,,,,,,,,,,,,,,,,,,,,,,,,,,,,,,,,,,,,,,,,,,,,,,,,,,,,,,,,,,,,
,,,,,,,Hardware,General Hardware,Hardware Accessories,,M701B-21XL,M701B-21XL Milw XL Black Heated Work Glove Liners,,,,Milwaukee Accessory (4031),Milwaukee Tool,Milwaukee®,,M701B-21XL,,Industrial & Commercial Supplies>Hardware>General Hardware,"Milwaukee Tool, Milwaukee, Industrial Hardware, M701B-21XL",INDUSTRIAL HARDWARE M701B-21XL,"Milwaukee®, M701B-21XL, Industrial Hardware",Milwaukee® Industrial Hardware Model M701B-21XL. ,Industrial Hardware,,,,,,,,,,,,,,,,,,,,,,,,,,,Industrial Hardware,Size,,,Material,,,,,,,,,,,,,,,,,,,,,,,,,,,,,,,,,,,,,,,,,,,,,,,,,,,,,,,,,,,,,,,,,,,,,,,,,,,,,,,,,,,,,,,,,,,,,,,,,,,,,,,,,,,,,,,,,,,,,,,,,,,,,,,,,,,,,,,,,,,,,,,,,,,,,,,,,,,,,,,,,,,,,,,,,,,,,,,,,,,,,,,,,,,,,,,,,
,,,,,,,Hardware,General Hardware,Hardware Accessories,,MWUG42010124,UTW Pro Heated Glove Blk XS,,,,Tech Gear 5.7 Inc (TECGE),Tech Gear 5.7 Inc,Tech Gear 5.7 Inc,,MWUG42010124,,Industrial & Commercial Supplies>Hardware>General Hardware,"Tech Gear 5.7 Inc, Industrial Hardware, MWUG42010124",INDUSTRIAL HARDWARE MWUG42010124,"Tech Gear 5.7 Inc, MWUG42010124, Industrial Hardware",Tech Gear 5.7 Inc Industrial Hardware Model MWUG42010124. ,Industrial Hardware,,,,,,,,,,,,,,,,,,,,,,,,,,,Industrial Hardware,Size,,,Material,,,,,,,,,,,,,,,,,,,,,,,,,,,,,,,,,,,,,,,,,,,,,,,,,,,,,,,,,,,,,,,,,,,,,,,,,,,,,,,,,,,,,,,,,,,,,,,,,,,,,,,,,,,,,,,,,,,,,,,,,,,,,,,,,,,,,,,,,,,,,,,,,,,,,,,,,,,,,,,,,,,,,,,,,,,,,,,,,,,,,,,,,,,,,,,,,
,,,,,,,Hardware,General Hardware,Hardware Accessories,,MWUG42010224,UTW Pro Heated Glove Blk SM,,,,Tech Gear 5.7 Inc (TECGE),Tech Gear 5.7 Inc,Tech Gear 5.7 Inc,,MWUG42010224,,Industrial & Commercial Supplies>Hardware>General Hardware,"Tech Gear 5.7 Inc, Industrial Hardware, MWUG42010224",INDUSTRIAL HARDWARE MWUG42010224,"Tech Gear 5.7 Inc, MWUG42010224, Industrial Hardware",Tech Gear 5.7 Inc Industrial Hardware Model MWUG42010224. ,Industrial Hardware,,,,,,,,,,,,,,,,,,,,,,,,,,,Industrial Hardware,Size,,,Material,,,,,,,,,,,,,,,,,,,,,,,,,,,,,,,,,,,,,,,,,,,,,,,,,,,,,,,,,,,,,,,,,,,,,,,,,,,,,,,,,,,,,,,,,,,,,,,,,,,,,,,,,,,,,,,,,,,,,,,,,,,,,,,,,,,,,,,,,,,,,,,,,,,,,,,,,,,,,,,,,,,,,,,,,,,,,,,,,,,,,,,,,,,,,,,,,
,,,,,,,Hardware,General Hardware,Hardware Accessories,,MWUG42010324,UTW Pro Heated Glove Blk MD,,,,Tech Gear 5.7 Inc (TECGE),Tech Gear 5.7 Inc,Tech Gear 5.7 Inc,,MWUG42010324,,Industrial & Commercial Supplies>Hardware>General Hardware,"Tech Gear 5.7 Inc, Industrial Hardware, MWUG42010324",INDUSTRIAL HARDWARE MWUG42010324,"Tech Gear 5.7 Inc, MWUG42010324, Industrial Hardware",Tech Gear 5.7 Inc Industrial Hardware Model MWUG42010324. ,Industrial Hardware,,,,,,,,,,,,,,,,,,,,,,,,,,,Industrial Hardware,Size,,,Material,,,,,,,,,,,,,,,,,,,,,,,,,,,,,,,,,,,,,,,,,,,,,,,,,,,,,,,,,,,,,,,,,,,,,,,,,,,,,,,,,,,,,,,,,,,,,,,,,,,,,,,,,,,,,,,,,,,,,,,,,,,,,,,,,,,,,,,,,,,,,,,,,,,,,,,,,,,,,,,,,,,,,,,,,,,,,,,,,,,,,,,,,,,,,,,,,
,,,,,,,Hardware,General Hardware,Hardware Accessories,,MWUG42010424,UTW Pro Heated Glove Blk LG,,,,Tech Gear 5.7 Inc (TECGE),LG Electronics Inc.,LG®,,MWUG42010424,,Industrial & Commercial Supplies>Hardware>General Hardware,"LG Electronics Inc., LG, Industrial Hardware, MWUG42010424",INDUSTRIAL HARDWARE MWUG42010424,"LG®, MWUG42010424, Industrial Hardware",LG® Industrial Hardware Model MWUG42010424. ,Industrial Hardware,,,,,,,,,,,,,,,,,,,,,,,,,,,Industrial Hardware,Size,,,Material,,,,,,,,,,,,,,,,,,,,,,,,,,,,,,,,,,,,,,,,,,,,,,,,,,,,,,,,,,,,,,,,,,,,,,,,,,,,,,,,,,,,,,,,,,,,,,,,,,,,,,,,,,,,,,,,,,,,,,,,,,,,,,,,,,,,,,,,,,,,,,,,,,,,,,,,,,,,,,,,,,,,,,,,,,,,,,,,,,,,,,,,,,,,,,,,,
,,,,,,,Hardware,General Hardware,Hardware Accessories,,MWUG42010524,UTW Pro Heated Glove Blk XL,,,,Tech Gear 5.7 Inc (TECGE),Tech Gear 5.7 Inc,Tech Gear 5.7 Inc,,MWUG42010524,,Industrial & Commercial Supplies>Hardware>General Hardware,"Tech Gear 5.7 Inc, Industrial Hardware, MWUG42010524",INDUSTRIAL HARDWARE MWUG42010524,"Tech Gear 5.7 Inc, MWUG42010524, Industrial Hardware",Tech Gear 5.7 Inc Industrial Hardware Model MWUG42010524. ,Industrial Hardware,,,,,,,,,,,,,,,,,,,,,,,,,,,Industrial Hardware,Size,,,Material,,,,,,,,,,,,,,,,,,,,,,,,,,,,,,,,,,,,,,,,,,,,,,,,,,,,,,,,,,,,,,,,,,,,,,,,,,,,,,,,,,,,,,,,,,,,,,,,,,,,,,,,,,,,,,,,,,,,,,,,,,,,,,,,,,,,,,,,,,,,,,,,,,,,,,,,,,,,,,,,,,,,,,,,,,,,,,,,,,,,,,,,,,,,,,,,,
,,,,,,,Hardware,General Hardware,Hardware Accessories,,MWUG42010624,UTW Pro Heated Glove Blk 2X,,,,Tech Gear 5.7 Inc (TECGE),Tech Gear 5.7 Inc,Tech Gear 5.7 Inc,,MWUG42010624,,Industrial & Commercial Supplies>Hardware>General Hardware,"Tech Gear 5.7 Inc, Industrial Hardware, MWUG42010624",INDUSTRIAL HARDWARE MWUG42010624,"Tech Gear 5.7 Inc, MWUG42010624, Industrial Hardware",Tech Gear 5.7 Inc Industrial Hardware Model MWUG42010624. ,Industrial Hardware,,,,,,,,,,,,,,,,,,,,,,,,,,,Industrial Hardware,Size,,,Material,,,,,,,,,,,,,,,,,,,,,,,,,,,,,,,,,,,,,,,,,,,,,,,,,,,,,,,,,,,,,,,,,,,,,,,,,,,,,,,,,,,,,,,,,,,,,,,,,,,,,,,,,,,,,,,,,,,,,,,,,,,,,,,,,,,,,,,,,,,,,,,,,,,,,,,,,,,,,,,,,,,,,,,,,,,,,,,,,,,,,,,,,,,,,,,,,
,,,,,,,Hardware,General Hardware,Hardware Accessories,,MWUG36010225,MWUG36010225 BLK SM Aerial Snow Heated Glove,,,,Tech Gear 5.7 Inc (TECGE),Tech Gear 5.7 Inc,Tech Gear 5.7 Inc,,MWUG36010225,,Industrial & Commercial Supplies>Hardware>General Hardware,"Tech Gear 5.7 Inc, Industrial Hardware, MWUG36010225",INDUSTRIAL HARDWARE MWUG36010225,"Tech Gear 5.7 Inc, MWUG36010225, Industrial Hardware",Tech Gear 5.7 Inc Industrial Hardware Model MWUG36010225. ,Industrial Hardware,,,,,,,,,,,,,,,,,,,,,,,,,,,Industrial Hardware,Size,,,Material,,,,,,,,,,,,,,,,,,,,,,,,,,,,,,,,,,,,,,,,,,,,,,,,,,,,,,,,,,,,,,,,,,,,,,,,,,,,,,,,,,,,,,,,,,,,,,,,,,,,,,,,,,,,,,,,,,,,,,,,,,,,,,,,,,,,,,,,,,,,,,,,,,,,,,,,,,,,,,,,,,,,,,,,,,,,,,,,,,,,,,,,,,,,,,,,,
,,,,,,,Hardware,General Hardware,Hardware Accessories,,MWUG36010325,MWUG36010325 BLK MD Aerial Snow Heated Glove,,,,Tech Gear 5.7 Inc (TECGE),Tech Gear 5.7 Inc,Tech Gear 5.7 Inc,,MWUG36010325,,Industrial & Commercial Supplies>Hardware>General Hardware,"Tech Gear 5.7 Inc, Industrial Hardware, MWUG36010325",INDUSTRIAL HARDWARE MWUG36010325,"Tech Gear 5.7 Inc, MWUG36010325, Industrial Hardware",Tech Gear 5.7 Inc Industrial Hardware Model MWUG36010325. ,Industrial Hardware,,,,,,,,,,,,,,,,,,,,,,,,,,,Industrial Hardware,Size,,,Material,,,,,,,,,,,,,,,,,,,,,,,,,,,,,,,,,,,,,,,,,,,,,,,,,,,,,,,,,,,,,,,,,,,,,,,,,,,,,,,,,,,,,,,,,,,,,,,,,,,,,,,,,,,,,,,,,,,,,,,,,,,,,,,,,,,,,,,,,,,,,,,,,,,,,,,,,,,,,,,,,,,,,,,,,,,,,,,,,,,,,,,,,,,,,,,,,
,,,,,,,Hardware,General Hardware,Hardware Accessories,,MWUG36010425,MWUG36010425 BLK LG Aerial Snow Heated Glove,,,,Tech Gear 5.7 Inc (TECGE),LG Electronics Inc.,LG®,,MWUG36010425,,Industrial & Commercial Supplies>Hardware>General Hardware,"LG Electronics Inc., LG, Industrial Hardware, MWUG36010425",INDUSTRIAL HARDWARE MWUG36010425,"LG®, MWUG36010425, Industrial Hardware",LG® Industrial Hardware Model MWUG36010425. ,Industrial Hardware,,,,,,,,,,,,,,,,,,,,,,,,,,,Industrial Hardware,Size,,,Material,,,,,,,,,,,,,,,,,,,,,,,,,,,,,,,,,,,,,,,,,,,,,,,,,,,,,,,,,,,,,,,,,,,,,,,,,,,,,,,,,,,,,,,,,,,,,,,,,,,,,,,,,,,,,,,,,,,,,,,,,,,,,,,,,,,,,,,,,,,,,,,,,,,,,,,,,,,,,,,,,,,,,,,,,,,,,,,,,,,,,,,,,,,,,,,,,
,,,,,,,Hardware,General Hardware,Hardware Accessories,,MWUG36010525,MWUG36010525 BLK XL Aerial Snow Heated Glove,,,,Tech Gear 5.7 Inc (TECGE),Tech Gear 5.7 Inc,Tech Gear 5.7 Inc,,MWUG36010525,,Industrial & Commercial Supplies>Hardware>General Hardware,"Tech Gear 5.7 Inc, Industrial Hardware, MWUG36010525",INDUSTRIAL HARDWARE MWUG36010525,"Tech Gear 5.7 Inc, MWUG36010525, Industrial Hardware",Tech Gear 5.7 Inc Industrial Hardware Model MWUG36010525. ,Industrial Hardware,,,,,,,,,,,,,,,,,,,,,,,,,,,Industrial Hardware,Size,,,Material,,,,,,,,,,,,,,,,,,,,,,,,,,,,,,,,,,,,,,,,,,,,,,,,,,,,,,,,,,,,,,,,,,,,,,,,,,,,,,,,,,,,,,,,,,,,,,,,,,,,,,,,,,,,,,,,,,,,,,,,,,,,,,,,,,,,,,,,,,,,,,,,,,,,,,,,,,,,,,,,,,,,,,,,,,,,,,,,,,,,,,,,,,,,,,,,,
,,,,,,,Hardware,General Hardware,Hardware Accessories,,MWUG36010625,MWUG36010625 BLK 2X Aerial Snow Heated Glove,,,,Tech Gear 5.7 Inc (TECGE),Tech Gear 5.7 Inc,Tech Gear 5.7 Inc,,MWUG36010625,,Industrial & Commercial Supplies>Hardware>General Hardware,"Tech Gear 5.7 Inc, Industrial Hardware, MWUG36010625",INDUSTRIAL HARDWARE MWUG36010625,"Tech Gear 5.7 Inc, MWUG36010625, Industrial Hardware",Tech Gear 5.7 Inc Industrial Hardware Model MWUG36010625. ,Industrial Hardware,,,,,,,,,,,,,,,,,,,,,,,,,,,Industrial Hardware,Size,,,Material,,,,,,,,,,,,,,,,,,,,,,,,,,,,,,,,,,,,,,,,,,,,,,,,,,,,,,,,,,,,,,,,,,,,,,,,,,,,,,,,,,,,,,,,,,,,,,,,,,,,,,,,,,,,,,,,,,,,,,,,,,,,,,,,,,,,,,,,,,,,,,,,,,,,,,,,,,,,,,,,,,,,,,,,,,,,,,,,,,,,,,,,,,,,,,,,,
,,,,,,,Hardware,General Hardware,Hardware Accessories,,DPG15,DPG15 Dewalt AM/FM Hearing Protector,,,,Radians (7363),Radians,Radians,,DPG15,,Industrial & Commercial Supplies>Hardware>General Hardware,"Radians, Industrial Hardware, DPG15",INDUSTRIAL HARDWARE DPG15,"Radians, DPG15, Industrial Hardware",Radians Industrial Hardware Model DPG15. ,Industrial Hardware,,,,,,,,,,,,,,,,,,,,,,,,,,,Industrial Hardware,Size,,,Material,,,,,,,,,,,,,,,,,,,,,,,,,,,,,,,,,,,,,,,,,,,,,,,,,,,,,,,,,,,,,,,,,,,,,,,,,,,,,,,,,,,,,,,,,,,,,,,,,,,,,,,,,,,,,,,,,,,,,,,,,,,,,,,,,,,,,,,,,,,,,,,,,,,,,,,,,,,,,,,,,,,,,,,,,,,,,,,,,,,,,,,,,,,,,,,,,
,,,,,,,Hardware,General Hardware,Hardware Accessories,,F200B-21L,F200B-21L Milw M12 Womens - BLK Heated Hoodie Kit L,,,,Milwaukee Accessory (4031),Milwaukee Tool,Milwaukee®,,F200B-21L,,Industrial & Commercial Supplies>Hardware>General Hardware,"Milwaukee Tool, Milwaukee, Industrial Hardware, F200B-21L",INDUSTRIAL HARDWARE F200B-21L,"Milwaukee®, F200B-21L, Industrial Hardware",Milwaukee® Industrial Hardware Model F200B-21L. ,Industrial Hardware,,,,,,,,,,,,,,,,,,,,,,,,,,,Industrial Hardware,Size,,,Material,,,,,,,,,,,,,,,,,,,,,,,,,,,,,,,,,,,,,,,,,,,,,,,,,,,,,,,,,,,,,,,,,,,,,,,,,,,,,,,,,,,,,,,,,,,,,,,,,,,,,,,,,,,,,,,,,,,,,,,,,,,,,,,,,,,,,,,,,,,,,,,,,,,,,,,,,,,,,,,,,,,,,,,,,,,,,,,,,,,,,,,,,,,,,,,,,
,,,,,,,Hardware,General Hardware,Hardware Accessories,,F200B-21M,F200B-21M Milw M12 Womens - BLK Heated Hoodie Kit M,,,,Milwaukee Accessory (4031),Milwaukee Tool,Milwaukee®,,F200B-21M,,Industrial & Commercial Supplies>Hardware>General Hardware,"Milwaukee Tool, Milwaukee, Industrial Hardware, F200B-21M",INDUSTRIAL HARDWARE F200B-21M,"Milwaukee®, F200B-21M, Industrial Hardware",Milwaukee® Industrial Hardware Model F200B-21M. ,Industrial Hardware,,,,,,,,,,,,,,,,,,,,,,,,,,,Industrial Hardware,Size,,,Material,,,,,,,,,,,,,,,,,,,,,,,,,,,,,,,,,,,,,,,,,,,,,,,,,,,,,,,,,,,,,,,,,,,,,,,,,,,,,,,,,,,,,,,,,,,,,,,,,,,,,,,,,,,,,,,,,,,,,,,,,,,,,,,,,,,,,,,,,,,,,,,,,,,,,,,,,,,,,,,,,,,,,,,,,,,,,,,,,,,,,,,,,,,,,,,,,
,,,,,,,Hardware,General Hardware,Hardware Accessories,,M200B-21L,M200B-21L Milw M12 BLK - Heated Hoodie Kit L,,,,Milwaukee Accessory (4031),Milwaukee Tool,Milwaukee®,,M200B-21L,,Industrial & Commercial Supplies>Hardware>General Hardware,"Milwaukee Tool, Milwaukee, Industrial Hardware, M200B-21L",INDUSTRIAL HARDWARE M200B-21L,"Milwaukee®, M200B-21L, Industrial Hardware",Milwaukee® Industrial Hardware Model M200B-21L. ,Industrial Hardware,,,,,,,,,,,,,,,,,,,,,,,,,,,Industrial Hardware,Size,,,Material,,,,,,,,,,,,,,,,,,,,,,,,,,,,,,,,,,,,,,,,,,,,,,,,,,,,,,,,,,,,,,,,,,,,,,,,,,,,,,,,,,,,,,,,,,,,,,,,,,,,,,,,,,,,,,,,,,,,,,,,,,,,,,,,,,,,,,,,,,,,,,,,,,,,,,,,,,,,,,,,,,,,,,,,,,,,,,,,,,,,,,,,,,,,,,,,,
,,,,,,,Hardware,General Hardware,Hardware Accessories,,M200B-21M,M200B-21M Milw M12 BLK - Heated Hoodie Kit M,,,,Milwaukee Accessory (4031),Milwaukee Tool,Milwaukee®,,M200B-21M,,Industrial & Commercial Supplies>Hardware>General Hardware,"Milwaukee Tool, Milwaukee, Industrial Hardware, M200B-21M",INDUSTRIAL HARDWARE M200B-21M,"Milwaukee®, M200B-21M, Industrial Hardware",Milwaukee® Industrial Hardware Model M200B-21M. ,Industrial Hardware,,,,,,,,,,,,,,,,,,,,,,,,,,,Industrial Hardware,Size,,,Material,,,,,,,,,,,,,,,,,,,,,,,,,,,,,,,,,,,,,,,,,,,,,,,,,,,,,,,,,,,,,,,,,,,,,,,,,,,,,,,,,,,,,,,,,,,,,,,,,,,,,,,,,,,,,,,,,,,,,,,,,,,,,,,,,,,,,,,,,,,,,,,,,,,,,,,,,,,,,,,,,,,,,,,,,,,,,,,,,,,,,,,,,,,,,,,,,
,,,,,,,Hardware,General Hardware,Hardware Accessories,,M200B-21XL,M200B-21XL Milw M12 BLK - Heated Hoodie Kit XL,,,,Milwaukee Accessory (4031),Milwaukee Tool,Milwaukee®,,M200B-21XL,,Industrial & Commercial Supplies>Hardware>General Hardware,"Milwaukee Tool, Milwaukee, Industrial Hardware, M200B-21XL",INDUSTRIAL HARDWARE M200B-21XL,"Milwaukee®, M200B-21XL, Industrial Hardware",Milwaukee® Industrial Hardware Model M200B-21XL. ,Industrial Hardware,,,,,,,,,,,,,,,,,,,,,,,,,,,Industrial Hardware,Size,,,Material,,,,,,,,,,,,,,,,,,,,,,,,,,,,,,,,,,,,,,,,,,,,,,,,,,,,,,,,,,,,,,,,,,,,,,,,,,,,,,,,,,,,,,,,,,,,,,,,,,,,,,,,,,,,,,,,,,,,,,,,,,,,,,,,,,,,,,,,,,,,,,,,,,,,,,,,,,,,,,,,,,,,,,,,,,,,,,,,,,,,,,,,,,,,,,,,,
,,,,,,,Hardware,General Hardware,Hardware Accessories,,M200G-21L,M200G-21L Milw M12 Gray - Heated Hoodie Kit L,,,,Milwaukee Accessory (4031),Milwaukee Tool,Milwaukee®,,M200G-21L,,Industrial & Commercial Supplies>Hardware>General Hardware,"Milwaukee Tool, Milwaukee, Industrial Hardware, M200G-21L",INDUSTRIAL HARDWARE M200G-21L,"Milwaukee®, M200G-21L, Industrial Hardware",Milwaukee® Industrial Hardware Model M200G-21L. ,Industrial Hardware,,,,,,,,,,,,,,,,,,,,,,,,,,,Industrial Hardware,Size,,,Material,,,,,,,,,,,,,,,,,,,,,,,,,,,,,,,,,,,,,,,,,,,,,,,,,,,,,,,,,,,,,,,,,,,,,,,,,,,,,,,,,,,,,,,,,,,,,,,,,,,,,,,,,,,,,,,,,,,,,,,,,,,,,,,,,,,,,,,,,,,,,,,,,,,,,,,,,,,,,,,,,,,,,,,,,,,,,,,,,,,,,,,,,,,,,,,,,
,,,,,,,Hardware,General Hardware,Hardware Accessories,,M200G-21M,M200G-21M Milw M12 Gray - Heated Hoodie Kit M,,,,Milwaukee Accessory (4031),Milwaukee Tool,Milwaukee®,,M200G-21M,,Industrial & Commercial Supplies>Hardware>General Hardware,"Milwaukee Tool, Milwaukee, Industrial Hardware, M200G-21M",INDUSTRIAL HARDWARE M200G-21M,"Milwaukee®, M200G-21M, Industrial Hardware",Milwaukee® Industrial Hardware Model M200G-21M. ,Industrial Hardware,,,,,,,,,,,,,,,,,,,,,,,,,,,Industrial Hardware,Size,,,Material,,,,,,,,,,,,,,,,,,,,,,,,,,,,,,,,,,,,,,,,,,,,,,,,,,,,,,,,,,,,,,,,,,,,,,,,,,,,,,,,,,,,,,,,,,,,,,,,,,,,,,,,,,,,,,,,,,,,,,,,,,,,,,,,,,,,,,,,,,,,,,,,,,,,,,,,,,,,,,,,,,,,,,,,,,,,,,,,,,,,,,,,,,,,,,,,,
,,,,,,,Hardware,General Hardware,Hardware Accessories,,M200G-21XL,M200G-21XL Milw M12 Gray - Heated Hoodie Kit XL,,,,Milwaukee Accessory (4031),Milwaukee Tool,Milwaukee®,,M200G-21XL,,Industrial & Commercial Supplies>Hardware>General Hardware,"Milwaukee Tool, Milwaukee, Industrial Hardware, M200G-21XL",INDUSTRIAL HARDWARE M200G-21XL,"Milwaukee®, M200G-21XL, Industrial Hardware",Milwaukee® Industrial Hardware Model M200G-21XL. ,Industrial Hardware,,,,,,,,,,,,,,,,,,,,,,,,,,,Industrial Hardware,Size,,,Material,,,,,,,,,,,,,,,,,,,,,,,,,,,,,,,,,,,,,,,,,,,,,,,,,,,,,,,,,,,,,,,,,,,,,,,,,,,,,,,,,,,,,,,,,,,,,,,,,,,,,,,,,,,,,,,,,,,,,,,,,,,,,,,,,,,,,,,,,,,,,,,,,,,,,,,,,,,,,,,,,,,,,,,,,,,,,,,,,,,,,,,,,,,,,,,,,
,,,,,,,Hardware,General Hardware,Hardware Accessories,,48-11-2330,48-11-2330 Milw Heated Gear Power Source,,,,Milwaukee Accessory (4031),Milwaukee Tool,Milwaukee®,,48-11-2330,,Industrial & Commercial Supplies>Hardware>General Hardware,"Milwaukee Tool, Milwaukee, Industrial Hardware, 48-11-2330",INDUSTRIAL HARDWARE 48-11-2330,"Milwaukee®, 48-11-2330, Industrial Hardware",Milwaukee® Industrial Hardware Model 48-11-2330. ,Industrial Hardware,,,,,,,,,,,,,,,,,,,,,,,,,,,Industrial Hardware,Size,,,Material,,,,,,,,,,,,,,,,,,,,,,,,,,,,,,,,,,,,,,,,,,,,,,,,,,,,,,,,,,,,,,,,,,,,,,,,,,,,,,,,,,,,,,,,,,,,,,,,,,,,,,,,,,,,,,,,,,,,,,,,,,,,,,,,,,,,,,,,,,,,,,,,,,,,,,,,,,,,,,,,,,,,,,,,,,,,,,,,,,,,,,,,,,,,,,,,,
,,,,,,,Hardware,General Hardware,Hardware Accessories,,DCBP250C,DCBP520C Dewalt Starter Kit,,,DEWALT,Black & Decker/dewlt (2585),"Freud America, Inc.",Diablo®,,DCBP250C,,Industrial & Commercial Supplies>Hardware>General Hardware,"Freud America, Inc., Diablo, Industrial Hardware, DCBP250C",INDUSTRIAL HARDWARE DCBP250C,"Diablo®, DCBP250C, Industrial Hardware",Diablo® Industrial Hardware Model DCBP250C. ,Industrial Hardware,,,,,,,,,,,,,,,,,,,,,,,,,,,Industrial Hardware,Size,,,Material,,,,,,,,,,,,,,,,,,,,,,,,,,,,,,,,,,,,,,,,,,,,,,,,,,,,,,,,,,,,,,,,,,,,,,,,,,,,,,,,,,,,,,,,,,,,,,,,,,,,,,,,,,,,,,,,,,,,,,,,,,,,,,,,,,,,,,,,,,,,,,,,,,,,,,,,,,,,,,,,,,,,,,,,,,,,,,,,,,,,,,,,,,,,,,,,,
,,,,,,,Hardware,General Hardware,Hardware Accessories,,5328,5328 Lg. Leather Phone Holster - Clip-on,,,,,LG Electronics Inc.,LG®,,5328,,Industrial & Commercial Supplies>Hardware>General Hardware,"LG Electronics Inc., LG, Industrial Hardware, 5328",INDUSTRIAL HARDWARE 5328,"LG®, 5328, Industrial Hardware",LG® Industrial Hardware Model 5328. ,Industrial Hardware,,,,,,,,,,,,,,,,,,,,,,,,,,,Industrial Hardware,Size,,,Material,,,,,,,,,,,,,,,,,,,,,,,,,,,,,,,,,,,,,,,,,,,,,,,,,,,,,,,,,,,,,,,,,,,,,,,,,,,,,,,,,,,,,,,,,,,,,,,,,,,,,,,,,,,,,,,,,,,,,,,,,,,,,,,,,,,,,,,,,,,,,,,,,,,,,,,,,,,,,,,,,,,,,,,,,,,,,,,,,,,,,,,,,,,,,,,,,
,,,,,,,Hardware,General Hardware,Hardware Accessories,,3200-20,3200-20 Milw Voltage Detector,,,,Milwaukee Accessory (4031),Milwaukee Tool,Milwaukee®,,3200-20,,Industrial & Commercial Supplies>Hardware>General Hardware,"Milwaukee Tool, Milwaukee, Industrial Hardware, 3200-20",INDUSTRIAL HARDWARE 3200-20,"Milwaukee®, 3200-20, Industrial Hardware",Milwaukee® Industrial Hardware Model 3200-20. ,Industrial Hardware,,,,,,,,,,,,,,,,,,,,,,,,,,,Industrial Hardware,Size,,,Material,,,,,,,,,,,,,,,,,,,,,,,,,,,,,,,,,,,,,,,,,,,,,,,,,,,,,,,,,,,,,,,,,,,,,,,,,,,,,,,,,,,,,,,,,,,,,,,,,,,,,,,,,,,,,,,,,,,,,,,,,,,,,,,,,,,,,,,,,,,,,,,,,,,,,,,,,,,,,,,,,,,,,,,,,,,,,,,,,,,,,,,,,,,,,,,,,
,,,,,,,Hardware,General Hardware,Hardware Accessories,,3202-20,3202-20 Milw Voltage Detector w/ LED,,,,Milwaukee Accessory (4031),Milwaukee Tool,Milwaukee®,,3202-20,,Industrial & Commercial Supplies>Hardware>General Hardware,"Milwaukee Tool, Milwaukee, Industrial Hardware, 3202-20",INDUSTRIAL HARDWARE 3202-20,"Milwaukee®, 3202-20, Industrial Hardware",Milwaukee® Industrial Hardware Model 3202-20. ,Industrial Hardware,,,,,,,,,,,,,,,,,,,,,,,,,,,Industrial Hardware,Size,,,Material,,,,,,,,,,,,,,,,,,,,,,,,,,,,,,,,,,,,,,,,,,,,,,,,,,,,,,,,,,,,,,,,,,,,,,,,,,,,,,,,,,,,,,,,,,,,,,,,,,,,,,,,,,,,,,,,,,,,,,,,,,,,,,,,,,,,,,,,,,,,,,,,,,,,,,,,,,,,,,,,,,,,,,,,,,,,,,,,,,,,,,,,,,,,,,,,,
,,,,,,,Hardware,General Hardware,Hardware Accessories,,3203-20,3203-20 Milw Dual Range Voltage Detector w/ LED,,,,Milwaukee Accessory (4031),Milwaukee Tool,Milwaukee®,,3203-20,,Industrial & Commercial Supplies>Hardware>General Hardware,"Milwaukee Tool, Milwaukee, Industrial Hardware, 3203-20",INDUSTRIAL HARDWARE 3203-20,"Milwaukee®, 3203-20, Industrial Hardware",Milwaukee® Industrial Hardware Model 3203-20. ,Industrial Hardware,,,,,,,,,,,,,,,,,,,,,,,,,,,Industrial Hardware,Size,,,Material,,,,,,,,,,,,,,,,,,,,,,,,,,,,,,,,,,,,,,,,,,,,,,,,,,,,,,,,,,,,,,,,,,,,,,,,,,,,,,,,,,,,,,,,,,,,,,,,,,,,,,,,,,,,,,,,,,,,,,,,,,,,,,,,,,,,,,,,,,,,,,,,,,,,,,,,,,,,,,,,,,,,,,,,,,,,,,,,,,,,,,,,,,,,,,,,,
,,,,,,,Hardware,General Hardware,Hardware Accessories,,BC-12300,"BC-12300 BigCal 12""/300mm",,,,Woodpeckers Inc (WOODP),Woodpeckers Inc,Woodpeckers Inc,,BC-12300,,Industrial & Commercial Supplies>Hardware>General Hardware,"Woodpeckers Inc, Industrial Hardware, BC-12300",INDUSTRIAL HARDWARE BC-12300,"Woodpeckers Inc, BC-12300, Industrial Hardware",Woodpeckers Inc Industrial Hardware Model BC-12300. ,Industrial Hardware,,,,,,,,,,,,,,,,,,,,,,,,,,,Industrial Hardware,Size,,,Material,,,,,,,,,,,,,,,,,,,,,,,,,,,,,,,,,,,,,,,,,,,,,,,,,,,,,,,,,,,,,,,,,,,,,,,,,,,,,,,,,,,,,,,,,,,,,,,,,,,,,,,,,,,,,,,,,,,,,,,,,,,,,,,,,,,,,,,,,,,,,,,,,,,,,,,,,,,,,,,,,,,,,,,,,,,,,,,,,,,,,,,,,,,,,,,,,
,,,,,,,Hardware,General Hardware,Hardware Accessories,,BC-24600,"BC-24600 BigCal 24""/600mm",,,,Woodpeckers Inc (WOODP),Woodpeckers Inc,Woodpeckers Inc,,BC-24600,,Industrial & Commercial Supplies>Hardware>General Hardware,"Woodpeckers Inc, Industrial Hardware, BC-24600",INDUSTRIAL HARDWARE BC-24600,"Woodpeckers Inc, BC-24600, Industrial Hardware",Woodpeckers Inc Industrial Hardware Model BC-24600. ,Industrial Hardware,,,,,,,,,,,,,,,,,,,,,,,,,,,Industrial Hardware,Size,,,Material,,,,,,,,,,,,,,,,,,,,,,,,,,,,,,,,,,,,,,,,,,,,,,,,,,,,,,,,,,,,,,,,,,,,,,,,,,,,,,,,,,,,,,,,,,,,,,,,,,,,,,,,,,,,,,,,,,,,,,,,,,,,,,,,,,,,,,,,,,,,,,,,,,,,,,,,,,,,,,,,,,,,,,,,,,,,,,,,,,,,,,,,,,,,,,,,,
,,,,,,,Hardware,General Hardware,Hardware Accessories,,DW08302CG,DW08302CG Dewalt Laser - Green 3 Spot,,,DEWALT,Black & Decker/dewlt (2585),Black & Decker/dewlt,Black & Decker/dewlt,,DW08302CG,,Industrial & Commercial Supplies>Hardware>General Hardware,"Black & Decker/dewlt, Industrial Hardware, DW08302CG",INDUSTRIAL HARDWARE DW08302CG,"Black & Decker/dewlt, DW08302CG, Industrial Hardware",Black & Decker/dewlt Industrial Hardware Model DW08302CG. ,Industrial Hardware,,,,,,,,,,,,,,,,,,,,,,,,,,,Industrial Hardware,Size,,,Material,,,,,,,,,,,,,,,,,,,,,,,,,,,,,,,,,,,,,,,,,,,,,,,,,,,,,,,,,,,,,,,,,,,,,,,,,,,,,,,,,,,,,,,,,,,,,,,,,,,,,,,,,,,,,,,,,,,,,,,,,,,,,,,,,,,,,,,,,,,,,,,,,,,,,,,,,,,,,,,,,,,,,,,,,,,,,,,,,,,,,,,,,,,,,,,,,
,,,,,,,Hardware,General Hardware,Hardware Accessories,,GCL165-42GL,GCL165--42GL Cross Line Laser,,,,Robt Bosch Tool Corp (6564),Robt Bosch Tool Corp,Robt Bosch Tool Corp,,GCL165-42GL,,Industrial & Commercial Supplies>Hardware>General Hardware,"Robt Bosch Tool Corp, Industrial Hardware, GCL165-42GL",INDUSTRIAL HARDWARE GCL165-42GL,"Robt Bosch Tool Corp, GCL165-42GL, Industrial Hardware",Robt Bosch Tool Corp Industrial Hardware Model GCL165-42GL. ,Industrial Hardware,,,,,,,,,,,,,,,,,,,,,,,,,,,Industrial Hardware,Size,,,Material,,,,,,,,,,,,,,,,,,,,,,,,,,,,,,,,,,,,,,,,,,,,,,,,,,,,,,,,,,,,,,,,,,,,,,,,,,,,,,,,,,,,,,,,,,,,,,,,,,,,,,,,,,,,,,,,,,,,,,,,,,,,,,,,,,,,,,,,,,,,,,,,,,,,,,,,,,,,,,,,,,,,,,,,,,,,,,,,,,,,,,,,,,,,,,,,,
,,,,,,,Hardware,General Hardware,Hardware Accessories,,DW08802CG,DW08802CG Dewalt Laser Green - Self-Level Cross Line,,,DEWALT,Black & Decker/dewlt (2585),Black & Decker/dewlt,Black & Decker/dewlt,,DW08802CG,,Industrial & Commercial Supplies>Hardware>General Hardware,"Black & Decker/dewlt, Industrial Hardware, DW08802CG",INDUSTRIAL HARDWARE DW08802CG,"Black & Decker/dewlt, DW08802CG, Industrial Hardware",Black & Decker/dewlt Industrial Hardware Model DW08802CG. ,Industrial Hardware,,,,,,,,,,,,,,,,,,,,,,,,,,,Industrial Hardware,Size,,,Material,,,,,,,,,,,,,,,,,,,,,,,,,,,,,,,,,,,,,,,,,,,,,,,,,,,,,,,,,,,,,,,,,,,,,,,,,,,,,,,,,,,,,,,,,,,,,,,,,,,,,,,,,,,,,,,,,,,,,,,,,,,,,,,,,,,,,,,,,,,,,,,,,,,,,,,,,,,,,,,,,,,,,,,,,,,,,,,,,,,,,,,,,,,,,,,,,
,,,,,,,Hardware,General Hardware,Hardware Accessories,,DW088CG,DW088CG Dewalt Laser - Green Cross Line,,,DEWALT,Black & Decker/dewlt (2585),Black & Decker/dewlt,Black & Decker/dewlt,,DW088CG,,Industrial & Commercial Supplies>Hardware>General Hardware,"Black & Decker/dewlt, Industrial Hardware, DW088CG",INDUSTRIAL HARDWARE DW088CG,"Black & Decker/dewlt, DW088CG, Industrial Hardware",Black & Decker/dewlt Industrial Hardware Model DW088CG. ,Industrial Hardware,,,,,,,,,,,,,,,,,,,,,,,,,,,Industrial Hardware,Size,,,Material,,,,,,,,,,,,,,,,,,,,,,,,,,,,,,,,,,,,,,,,,,,,,,,,,,,,,,,,,,,,,,,,,,,,,,,,,,,,,,,,,,,,,,,,,,,,,,,,,,,,,,,,,,,,,,,,,,,,,,,,,,,,,,,,,,,,,,,,,,,,,,,,,,,,,,,,,,,,,,,,,,,,,,,,,,,,,,,,,,,,,,,,,,,,,,,,,
,,,,,,,Hardware,General Hardware,Hardware Accessories,,DW089CG,DW089CG Dewalt Laser Level - 3 Line 30ft Range,,,DEWALT,Black & Decker/dewlt (2585),Black & Decker/dewlt,Black & Decker/dewlt,,DW089CG,,Industrial & Commercial Supplies>Hardware>General Hardware,"Black & Decker/dewlt, Industrial Hardware, DW089CG",INDUSTRIAL HARDWARE DW089CG,"Black & Decker/dewlt, DW089CG, Industrial Hardware",Black & Decker/dewlt Industrial Hardware Model DW089CG. ,Industrial Hardware,,,,,,,,,,,,,,,,,,,,,,,,,,,Industrial Hardware,Size,,,Material,,,,,,,,,,,,,,,,,,,,,,,,,,,,,,,,,,,,,,,,,,,,,,,,,,,,,,,,,,,,,,,,,,,,,,,,,,,,,,,,,,,,,,,,,,,,,,,,,,,,,,,,,,,,,,,,,,,,,,,,,,,,,,,,,,,,,,,,,,,,,,,,,,,,,,,,,,,,,,,,,,,,,,,,,,,,,,,,,,,,,,,,,,,,,,,,,
,,,,,,,Hardware,General Hardware,Hardware Accessories,,DCLE34520GB,DCLE34520GB Dewalt Laser 20V - Cross Line 5 Spot (Bare),,,DEWALT,Black & Decker/dewlt (2585),Black & Decker/dewlt,Black & Decker/dewlt,,DCLE34520GB,,Industrial & Commercial Supplies>Hardware>General Hardware,"Black & Decker/dewlt, Industrial Hardware, DCLE34520GB",INDUSTRIAL HARDWARE DCLE34520GB,"Black & Decker/dewlt, DCLE34520GB, Industrial Hardware",Black & Decker/dewlt Industrial Hardware Model DCLE34520GB. ,Industrial Hardware,,,,,,,,,,,,,,,,,,,,,,,,,,,Industrial Hardware,Size,,,Material,,,,,,,,,,,,,,,,,,,,,,,,,,,,,,,,,,,,,,,,,,,,,,,,,,,,,,,,,,,,,,,,,,,,,,,,,,,,,,,,,,,,,,,,,,,,,,,,,,,,,,,,,,,,,,,,,,,,,,,,,,,,,,,,,,,,,,,,,,,,,,,,,,,,,,,,,,,,,,,,,,,,,,,,,,,,,,,,,,,,,,,,,,,,,,,,,
,,,,,,,Hardware,General Hardware,Hardware Accessories,,DCLE34031B,DCLE34031B Dewalt Line Laser - 20V Self-Leveling (Bare),,,DEWALT,Black & Decker/dewlt (2585),Black & Decker/dewlt,Black & Decker/dewlt,,DCLE34031B,,Industrial & Commercial Supplies>Hardware>General Hardware,"Black & Decker/dewlt, Industrial Hardware, DCLE34031B",INDUSTRIAL HARDWARE DCLE34031B,"Black & Decker/dewlt, DCLE34031B, Industrial Hardware",Black & Decker/dewlt Industrial Hardware Model DCLE34031B. ,Industrial Hardware,,,,,,,,,,,,,,,,,,,,,,,,,,,Industrial Hardware,Size,,,Material,,,,,,,,,,,,,,,,,,,,,,,,,,,,,,,,,,,,,,,,,,,,,,,,,,,,,,,,,,,,,,,,,,,,,,,,,,,,,,,,,,,,,,,,,,,,,,,,,,,,,,,,,,,,,,,,,,,,,,,,,,,,,,,,,,,,,,,,,,,,,,,,,,,,,,,,,,,,,,,,,,,,,,,,,,,,,,,,,,,,,,,,,,,,,,,,,
,,,,,,,Hardware,General Hardware,Hardware Accessories,,DW0822CG,DW0822CG Dewalt Cross Line - Plumb Spots Laser-Green,,,DEWALT,Black & Decker/dewlt (2585),Black & Decker/dewlt,Black & Decker/dewlt,,DW0822CG,,Industrial & Commercial Supplies>Hardware>General Hardware,"Black & Decker/dewlt, Industrial Hardware, DW0822CG",INDUSTRIAL HARDWARE DW0822CG,"Black & Decker/dewlt, DW0822CG, Industrial Hardware",Black & Decker/dewlt Industrial Hardware Model DW0822CG. ,Industrial Hardware,,,,,,,,,,,,,,,,,,,,,,,,,,,Industrial Hardware,Size,,,Material,,,,,,,,,,,,,,,,,,,,,,,,,,,,,,,,,,,,,,,,,,,,,,,,,,,,,,,,,,,,,,,,,,,,,,,,,,,,,,,,,,,,,,,,,,,,,,,,,,,,,,,,,,,,,,,,,,,,,,,,,,,,,,,,,,,,,,,,,,,,,,,,,,,,,,,,,,,,,,,,,,,,,,,,,,,,,,,,,,,,,,,,,,,,,,,,,
,,,,,,,Hardware,General Hardware,Hardware Accessories,,25459,25459 Mason Line Brd Orange - 500',,,,U S Tape Company (6694),U S Tape Company,U S Tape Company,,25459,,Industrial & Commercial Supplies>Hardware>General Hardware,"U S Tape Company, Industrial Hardware, 25459",INDUSTRIAL HARDWARE 25459,"U S Tape Company, 25459, Industrial Hardware",U S Tape Company Industrial Hardware Model 25459. ,Industrial Hardware,,,,,,,,,,,,,,,,,,,,,,,,,,,Industrial Hardware,Size,,,Material,,,,,,,,,,,,,,,,,,,,,,,,,,,,,,,,,,,,,,,,,,,,,,,,,,,,,,,,,,,,,,,,,,,,,,,,,,,,,,,,,,,,,,,,,,,,,,,,,,,,,,,,,,,,,,,,,,,,,,,,,,,,,,,,,,,,,,,,,,,,,,,,,,,,,,,,,,,,,,,,,,,,,,,,,,,,,,,,,,,,,,,,,,,,,,,,,
,,,,,,,Hardware,General Hardware,Hardware Accessories,,35459,35459 Mason Line Brd Orange - 500' Replacement,,,,U S Tape Company (6694),U S Tape Company,U S Tape Company,,35459,,Industrial & Commercial Supplies>Hardware>General Hardware,"U S Tape Company, Industrial Hardware, 35459",INDUSTRIAL HARDWARE 35459,"U S Tape Company, 35459, Industrial Hardware",U S Tape Company Industrial Hardware Model 35459. ,Industrial Hardware,,,,,,,,,,,,,,,,,,,,,,,,,,,Industrial Hardware,Size,,,Material,,,,,,,,,,,,,,,,,,,,,,,,,,,,,,,,,,,,,,,,,,,,,,,,,,,,,,,,,,,,,,,,,,,,,,,,,,,,,,,,,,,,,,,,,,,,,,,,,,,,,,,,,,,,,,,,,,,,,,,,,,,,,,,,,,,,,,,,,,,,,,,,,,,,,,,,,,,,,,,,,,,,,,,,,,,,,,,,,,,,,,,,,,,,,,,,,
,,,,,,,Hardware,General Hardware,Hardware Accessories,,25759,25759 Mason Line Brd Orange - 1000',,,,U S Tape Company (6694),U S Tape Company,U S Tape Company,,25759,,Industrial & Commercial Supplies>Hardware>General Hardware,"U S Tape Company, Industrial Hardware, 25759",INDUSTRIAL HARDWARE 25759,"U S Tape Company, 25759, Industrial Hardware",U S Tape Company Industrial Hardware Model 25759. ,Industrial Hardware,,,,,,,,,,,,,,,,,,,,,,,,,,,Industrial Hardware,Size,,,Material,,,,,,,,,,,,,,,,,,,,,,,,,,,,,,,,,,,,,,,,,,,,,,,,,,,,,,,,,,,,,,,,,,,,,,,,,,,,,,,,,,,,,,,,,,,,,,,,,,,,,,,,,,,,,,,,,,,,,,,,,,,,,,,,,,,,,,,,,,,,,,,,,,,,,,,,,,,,,,,,,,,,,,,,,,,,,,,,,,,,,,,,,,,,,,,,,
,,,,,,,Hardware,General Hardware,Hardware Accessories,,35112,35112 Mason Line Twist Yellow - 270',,,,U S Tape Company (6694),U S Tape Company,U S Tape Company,,35112,,Industrial & Commercial Supplies>Hardware>General Hardware,"U S Tape Company, Industrial Hardware, 35112",INDUSTRIAL HARDWARE 35112,"U S Tape Company, 35112, Industrial Hardware",U S Tape Company Industrial Hardware Model 35112. ,Industrial Hardware,,,,,,,,,,,,,,,,,,,,,,,,,,,Industrial Hardware,Size,,,Material,,,,,,,,,,,,,,,,,,,,,,,,,,,,,,,,,,,,,,,,,,,,,,,,,,,,,,,,,,,,,,,,,,,,,,,,,,,,,,,,,,,,,,,,,,,,,,,,,,,,,,,,,,,,,,,,,,,,,,,,,,,,,,,,,,,,,,,,,,,,,,,,,,,,,,,,,,,,,,,,,,,,,,,,,,,,,,,,,,,,,,,,,,,,,,,,,
,,,,,,,Hardware,General Hardware,Hardware Accessories,,35115,35115 Mason Line Twist Green - 270',,,,U S Tape Company (6694),U S Tape Company,U S Tape Company,,35115,,Industrial & Commercial Supplies>Hardware>General Hardware,"U S Tape Company, Industrial Hardware, 35115",INDUSTRIAL HARDWARE 35115,"U S Tape Company, 35115, Industrial Hardware",U S Tape Company Industrial Hardware Model 35115. ,Industrial Hardware,,,,,,,,,,,,,,,,,,,,,,,,,,,Industrial Hardware,Size,,,Material,,,,,,,,,,,,,,,,,,,,,,,,,,,,,,,,,,,,,,,,,,,,,,,,,,,,,,,,,,,,,,,,,,,,,,,,,,,,,,,,,,,,,,,,,,,,,,,,,,,,,,,,,,,,,,,,,,,,,,,,,,,,,,,,,,,,,,,,,,,,,,,,,,,,,,,,,,,,,,,,,,,,,,,,,,,,,,,,,,,,,,,,,,,,,,,,,
,,,,,,,Hardware,General Hardware,Hardware Accessories,,25168,25168 Mason Line Brd Green - 250',CENTURY COMPONENTS,,,U S Tape Company (6694),U S Tape Company,U S Tape Company,,25168,,Industrial & Commercial Supplies>Hardware>General Hardware,"U S Tape Company, Industrial Hardware, 25168",INDUSTRIAL HARDWARE 25168,"U S Tape Company, 25168, Industrial Hardware",U S Tape Company Industrial Hardware Model 25168. ,Industrial Hardware,,,,,,,,,,,,,,,,,,,,,,,,,,,Industrial Hardware,Size,,,Material,,,,,,,,,,,,,,,,,,,,,,,,,,,,,,,,,,,,,,,,,,,,,,,,,,,,,,,,,,,,,,,,,,,,,,,,,,,,,,,,,,,,,,,,,,,,,,,,,,,,,,,,,,,,,,,,,,,,,,,,,,,,,,,,,,,,,,,,,,,,,,,,,,,,,,,,,,,,,,,,,,,,,,,,,,,,,,,,,,,,,,,,,,,,,,,,,
,,,,,,,Hardware,General Hardware,Hardware Accessories,,35468,35468 Mason Line Brd Green - 500' Replacement,,,,U S Tape Company (6694),U S Tape Company,U S Tape Company,,35468,,Industrial & Commercial Supplies>Hardware>General Hardware,"U S Tape Company, Industrial Hardware, 35468",INDUSTRIAL HARDWARE 35468,"U S Tape Company, 35468, Industrial Hardware",U S Tape Company Industrial Hardware Model 35468. ,Industrial Hardware,,,,,,,,,,,,,,,,,,,,,,,,,,,Industrial Hardware,Size,,,Material,,,,,,,,,,,,,,,,,,,,,,,,,,,,,,,,,,,,,,,,,,,,,,,,,,,,,,,,,,,,,,,,,,,,,,,,,,,,,,,,,,,,,,,,,,,,,,,,,,,,,,,,,,,,,,,,,,,,,,,,,,,,,,,,,,,,,,,,,,,,,,,,,,,,,,,,,,,,,,,,,,,,,,,,,,,,,,,,,,,,,,,,,,,,,,,,,
,,,,,,,Hardware,General Hardware,Hardware Accessories,,35494,35494 Mason Line Brd Blk/Yellw - 500' Replacement,,,,U S Tape Company (6694),U S Tape Company,U S Tape Company,,35494,,Industrial & Commercial Supplies>Hardware>General Hardware,"U S Tape Company, Industrial Hardware, 35494",INDUSTRIAL HARDWARE 35494,"U S Tape Company, 35494, Industrial Hardware",U S Tape Company Industrial Hardware Model 35494. ,Industrial Hardware,,,,,,,,,,,,,,,,,,,,,,,,,,,Industrial Hardware,Size,,,Material,,,,,,,,,,,,,,,,,,,,,,,,,,,,,,,,,,,,,,,,,,,,,,,,,,,,,,,,,,,,,,,,,,,,,,,,,,,,,,,,,,,,,,,,,,,,,,,,,,,,,,,,,,,,,,,,,,,,,,,,,,,,,,,,,,,,,,,,,,,,,,,,,,,,,,,,,,,,,,,,,,,,,,,,,,,,,,,,,,,,,,,,,,,,,,,,,
,,,,,,,Hardware,General Hardware,Hardware Accessories,,MLSQ0120,"MLSQ0120 Milw 12"" RafterSquare",,,,Milwaukee Accessory (4031),Milwaukee Tool,Milwaukee®,,MLSQ0120,,Industrial & Commercial Supplies>Hardware>General Hardware,"Milwaukee Tool, Milwaukee, Industrial Hardware, MLSQ0120",INDUSTRIAL HARDWARE MLSQ0120,"Milwaukee®, MLSQ0120, Industrial Hardware",Milwaukee® Industrial Hardware Model MLSQ0120. ,Industrial Hardware,,,,,,,,,,,,,,,,,,,,,,,,,,,Industrial Hardware,Size,,,Material,,,,,,,,,,,,,,,,,,,,,,,,,,,,,,,,,,,,,,,,,,,,,,,,,,,,,,,,,,,,,,,,,,,,,,,,,,,,,,,,,,,,,,,,,,,,,,,,,,,,,,,,,,,,,,,,,,,,,,,,,,,,,,,,,,,,,,,,,,,,,,,,,,,,,,,,,,,,,,,,,,,,,,,,,,,,,,,,,,,,,,,,,,,,,,,,,
,,,,,,,Hardware,General Hardware,Hardware Accessories,,MLSQ1120,MLSQ1120 Milw 300mm Rafter - Square (Metric),,,,Milwaukee Accessory (4031),Milwaukee Tool,Milwaukee®,,MLSQ1120,,Industrial & Commercial Supplies>Hardware>General Hardware,"Milwaukee Tool, Milwaukee, Industrial Hardware, MLSQ1120",INDUSTRIAL HARDWARE MLSQ1120,"Milwaukee®, MLSQ1120, Industrial Hardware",Milwaukee® Industrial Hardware Model MLSQ1120. ,Industrial Hardware,,,,,,,,,,,,,,,,,,,,,,,,,,,Industrial Hardware,Size,,,Material,,,,,,,,,,,,,,,,,,,,,,,,,,,,,,,,,,,,,,,,,,,,,,,,,,,,,,,,,,,,,,,,,,,,,,,,,,,,,,,,,,,,,,,,,,,,,,,,,,,,,,,,,,,,,,,,,,,,,,,,,,,,,,,,,,,,,,,,,,,,,,,,,,,,,,,,,,,,,,,,,,,,,,,,,,,,,,,,,,,,,,,,,,,,,,,,,
,,,,,,,Hardware,General Hardware,Hardware Accessories,,55227,"55227 Amana Countersink/Stop 1/8"" Drill TB",,,,Amana Tool Corp (AMATO),Amana Tool Corp,Amana Tool Corp,,55227,,Industrial & Commercial Supplies>Hardware>General Hardware,"Amana Tool Corp, Industrial Hardware, 55227",INDUSTRIAL HARDWARE 55227,"Amana Tool Corp, 55227, Industrial Hardware",Amana Tool Corp Industrial Hardware Model 55227. ,Industrial Hardware,,,,,,,,,,,,,,,,,,,,,,,,,,,Industrial Hardware,Size,,,Material,,,,,,,,,,,,,,,,,,,,,,,,,,,,,,,,,,,,,,,,,,,,,,,,,,,,,,,,,,,,,,,,,,,,,,,,,,,,,,,,,,,,,,,,,,,,,,,,,,,,,,,,,,,,,,,,,,,,,,,,,,,,,,,,,,,,,,,,,,,,,,,,,,,,,,,,,,,,,,,,,,,,,,,,,,,,,,,,,,,,,,,,,,,,,,,,,
,,,,,,,Hardware,General Hardware,Hardware Accessories,,37300952,"095842 Fisch Plug Cutter 3/8""",,,,,Generic Manufacturer,Generic Manufacturer,,37300952,,Industrial & Commercial Supplies>Hardware>General Hardware,"Generic Manufacturer, Industrial Hardware, 37300952",INDUSTRIAL HARDWARE 37300952,"Generic Manufacturer, 37300952, Industrial Hardware",Generic Manufacturer Industrial Hardware Model 37300952. ,Industrial Hardware,,,,,,,,,,,,,,,,,,,,,,,,,,,Industrial Hardware,Size,,,Material,,,,,,,,,,,,,,,,,,,,,,,,,,,,,,,,,,,,,,,,,,,,,,,,,,,,,,,,,,,,,,,,,,,,,,,,,,,,,,,,,,,,,,,,,,,,,,,,,,,,,,,,,,,,,,,,,,,,,,,,,,,,,,,,,,,,,,,,,,,,,,,,,,,,,,,,,,,,,,,,,,,,,,,,,,,,,,,,,,,,,,,,,,,,,,,,,
,,,,,,,Hardware,General Hardware,Hardware Accessories,,6008,6008 Whiteside Router Bit,,,,Whiteside Machine & Repair Co (WHIMA),Whiteside Machine & Repair Co,Whiteside Machine & Repair Co,,6008,,Industrial & Commercial Supplies>Hardware>General Hardware,"Whiteside Machine & Repair Co, Industrial Hardware, 6008",INDUSTRIAL HARDWARE 6008,"Whiteside Machine & Repair Co, 6008, Industrial Hardware",Whiteside Machine & Repair Co Industrial Hardware Model 6008. ,Industrial Hardware,,,,,,,,,,,,,,,,,,,,,,,,,,,Industrial Hardware,Size,,,Material,,,,,,,,,,,,,,,,,,,,,,,,,,,,,,,,,,,,,,,,,,,,,,,,,,,,,,,,,,,,,,,,,,,,,,,,,,,,,,,,,,,,,,,,,,,,,,,,,,,,,,,,,,,,,,,,,,,,,,,,,,,,,,,,,,,,,,,,,,,,,,,,,,,,,,,,,,,,,,,,,,,,,,,,,,,,,,,,,,,,,,,,,,,,,,,,,
,,,,,,,Hardware,General Hardware,Hardware Accessories,,6009,6009 Whiteside Router Bit,,,,Whiteside Machine & Repair Co (WHIMA),Whiteside Machine & Repair Co,Whiteside Machine & Repair Co,,6009,,Industrial & Commercial Supplies>Hardware>General Hardware,"Whiteside Machine & Repair Co, Industrial Hardware, 6009",INDUSTRIAL HARDWARE 6009,"Whiteside Machine & Repair Co, 6009, Industrial Hardware",Whiteside Machine & Repair Co Industrial Hardware Model 6009. ,Industrial Hardware,,,,,,,,,,,,,,,,,,,,,,,,,,,Industrial Hardware,Size,,,Material,,,,,,,,,,,,,,,,,,,,,,,,,,,,,,,,,,,,,,,,,,,,,,,,,,,,,,,,,,,,,,,,,,,,,,,,,,,,,,,,,,,,,,,,,,,,,,,,,,,,,,,,,,,,,,,,,,,,,,,,,,,,,,,,,,,,,,,,,,,,,,,,,,,,,,,,,,,,,,,,,,,,,,,,,,,,,,,,,,,,,,,,,,,,,,,,,
,,,,,,,Hardware,General Hardware,Hardware Accessories,,3000A,3000A Whiteside Router Bit,,,,Whiteside Machine & Repair Co (WHIMA),Whiteside Machine & Repair Co,Whiteside Machine & Repair Co,,3000A,,Industrial & Commercial Supplies>Hardware>General Hardware,"Whiteside Machine & Repair Co, Industrial Hardware, 3000A",INDUSTRIAL HARDWARE 3000A,"Whiteside Machine & Repair Co, 3000A, Industrial Hardware",Whiteside Machine & Repair Co Industrial Hardware Model 3000A. ,Industrial Hardware,,,,,,,,,,,,,,,,,,,,,,,,,,,Industrial Hardware,Size,,,Material,,,,,,,,,,,,,,,,,,,,,,,,,,,,,,,,,,,,,,,,,,,,,,,,,,,,,,,,,,,,,,,,,,,,,,,,,,,,,,,,,,,,,,,,,,,,,,,,,,,,,,,,,,,,,,,,,,,,,,,,,,,,,,,,,,,,,,,,,,,,,,,,,,,,,,,,,,,,,,,,,,,,,,,,,,,,,,,,,,,,,,,,,,,,,,,,,
,,,,,,,Hardware,General Hardware,Hardware Accessories,,MID6630201US,MID6630201US Deos663XCV Sander,,,,Mirka Abrasives Inc (MIRUS),Mirka USA Inc.,Mirka®,,MID6630201US,,Industrial & Commercial Supplies>Hardware>General Hardware,"Mirka USA Inc., Mirka, Industrial Hardware, MID6630201US",INDUSTRIAL HARDWARE MID6630201US,"Mirka®, MID6630201US, Industrial Hardware",Mirka® Industrial Hardware Model MID6630201US. ,Industrial Hardware,,,,,,,,,,,,,,,,,,,,,,,,,,,Industrial Hardware,Size,,,Material,,,,,,,,,,,,,,,,,,,,,,,,,,,,,,,,,,,,,,,,,,,,,,,,,,,,,,,,,,,,,,,,,,,,,,,,,,,,,,,,,,,,,,,,,,,,,,,,,,,,,,,,,,,,,,,,,,,,,,,,,,,,,,,,,,,,,,,,,,,,,,,,,,,,,,,,,,,,,,,,,,,,,,,,,,,,,,,,,,,,,,,,,,,,,,,,,
,,,,,,,Hardware,General Hardware,Hardware Accessories,,DCF6202,DCF6202 Dewalt Collated Attach,,,DEWALT,Black & Decker/dewlt (2585),Black & Decker/dewlt,Black & Decker/dewlt,,DCF6202,,Industrial & Commercial Supplies>Hardware>General Hardware,"Black & Decker/dewlt, Industrial Hardware, DCF6202",INDUSTRIAL HARDWARE DCF6202,"Black & Decker/dewlt, DCF6202, Industrial Hardware",Black & Decker/dewlt Industrial Hardware Model DCF6202. ,Industrial Hardware,,,,,,,,,,,,,,,,,,,,,,,,,,,Industrial Hardware,Size,,,Material,,,,,,,,,,,,,,,,,,,,,,,,,,,,,,,,,,,,,,,,,,,,,,,,,,,,,,,,,,,,,,,,,,,,,,,,,,,,,,,,,,,,,,,,,,,,,,,,,,,,,,,,,,,,,,,,,,,,,,,,,,,,,,,,,,,,,,,,,,,,,,,,,,,,,,,,,,,,,,,,,,,,,,,,,,,,,,,,,,,,,,,,,,,,,,,,,
,,,,,,,Hardware,General Hardware,Hardware Accessories,,25468,25468 Mason Line Brd Green - 500',,,,U S Tape Company (6694),U S Tape Company,U S Tape Company,,25468,,Industrial & Commercial Supplies>Hardware>General Hardware,"U S Tape Company, Industrial Hardware, 25468",INDUSTRIAL HARDWARE 25468,"U S Tape Company, 25468, Industrial Hardware",U S Tape Company Industrial Hardware Model 25468. ,Industrial Hardware,,,,,,,,,,,,,,,,,,,,,,,,,,,Industrial Hardware,Size,,,Material,,,,,,,,,,,,,,,,,,,,,,,,,,,,,,,,,,,,,,,,,,,,,,,,,,,,,,,,,,,,,,,,,,,,,,,,,,,,,,,,,,,,,,,,,,,,,,,,,,,,,,,,,,,,,,,,,,,,,,,,,,,,,,,,,,,,,,,,,,,,,,,,,,,,,,,,,,,,,,,,,,,,,,,,,,,,,,,,,,,,,,,,,,,,,,,,,
,,,,,,,Hardware,General Hardware,Hardware Accessories,,25762,25762 Mason Line Brd Pink - 1000',,,,U S Tape Company (6694),U S Tape Company,U S Tape Company,,25762,,Industrial & Commercial Supplies>Hardware>General Hardware,"U S Tape Company, Industrial Hardware, 25762",INDUSTRIAL HARDWARE 25762,"U S Tape Company, 25762, Industrial Hardware",U S Tape Company Industrial Hardware Model 25762. ,Industrial Hardware,,,,,,,,,,,,,,,,,,,,,,,,,,,Industrial Hardware,Size,,,Material,,,,,,,,,,,,,,,,,,,,,,,,,,,,,,,,,,,,,,,,,,,,,,,,,,,,,,,,,,,,,,,,,,,,,,,,,,,,,,,,,,,,,,,,,,,,,,,,,,,,,,,,,,,,,,,,,,,,,,,,,,,,,,,,,,,,,,,,,,,,,,,,,,,,,,,,,,,,,,,,,,,,,,,,,,,,,,,,,,,,,,,,,,,,,,,,,
,,,,,,,Hardware,General Hardware,Hardware Accessories,,21839NN,"21839NN File Bstd Mill 10""",,,Nicholson,,Generic Manufacturer,Generic Manufacturer,,21839NN,,Industrial & Commercial Supplies>Hardware>General Hardware,"Generic Manufacturer, Industrial Hardware, 21839NN",INDUSTRIAL HARDWARE 21839NN,"Generic Manufacturer, 21839NN, Industrial Hardware",Generic Manufacturer Industrial Hardware Model 21839NN. ,Industrial Hardware,,,,,,,,,,,,,,,,,,,,,,,,,,,Industrial Hardware,Size,,,Material,,,,,,,,,,,,,,,,,,,,,,,,,,,,,,,,,,,,,,,,,,,,,,,,,,,,,,,,,,,,,,,,,,,,,,,,,,,,,,,,,,,,,,,,,,,,,,,,,,,,,,,,,,,,,,,,,,,,,,,,,,,,,,,,,,,,,,,,,,,,,,,,,,,,,,,,,,,,,,,,,,,,,,,,,,,,,,,,,,,,,,,,,,,,,,,,,
,,,,,,,Hardware,General Hardware,Hardware Accessories,,VN56920,"VN56920 10 1/2"" Saw Blade",,,,Marshalltown Trowel (5155),Marshalltown Trowel,Marshalltown Trowel,,VN56920,,Industrial & Commercial Supplies>Hardware>General Hardware,"Marshalltown Trowel, Industrial Hardware, VN56920",INDUSTRIAL HARDWARE VN56920,"Marshalltown Trowel, VN56920, Industrial Hardware",Marshalltown Trowel Industrial Hardware Model VN56920. ,Industrial Hardware,,,,,,,,,,,,,,,,,,,,,,,,,,,Industrial Hardware,Size,,,Material,,,,,,,,,,,,,,,,,,,,,,,,,,,,,,,,,,,,,,,,,,,,,,,,,,,,,,,,,,,,,,,,,,,,,,,,,,,,,,,,,,,,,,,,,,,,,,,,,,,,,,,,,,,,,,,,,,,,,,,,,,,,,,,,,,,,,,,,,,,,,,,,,,,,,,,,,,,,,,,,,,,,,,,,,,,,,,,,,,,,,,,,,,,,,,,,,
,,,,,,,Hardware,General Hardware,Hardware Accessories,,133164,133164 950/9 Hex Plus Spks - Multicolor,,,,Wera Tools NA Inc (WERTO),Wera Tools NA Inc.,Wera®,,133164,,Industrial & Commercial Supplies>Hardware>General Hardware,"Wera Tools NA Inc., Wera, Industrial Hardware, 133164",INDUSTRIAL HARDWARE 133164,"Wera®, 133164, Industrial Hardware",Wera® Industrial Hardware Model 133164. ,Industrial Hardware,,,,,,,,,,,,,,,,,,,,,,,,,,,Industrial Hardware,Size,,,Material,,,,,,,,,,,,,,,,,,,,,,,,,,,,,,,,,,,,,,,,,,,,,,,,,,,,,,,,,,,,,,,,,,,,,,,,,,,,,,,,,,,,,,,,,,,,,,,,,,,,,,,,,,,,,,,,,,,,,,,,,,,,,,,,,,,,,,,,,,,,,,,,,,,,,,,,,,,,,,,,,,,,,,,,,,,,,,,,,,,,,,,,,,,,,,,,,
,,,,,,,Hardware,General Hardware,Hardware Accessories,,DWHT10993,DWHT10993 Folding Knife,,,DEWALT,Black & Decker/dewlt (2585),Black & Decker/dewlt,Black & Decker/dewlt,,DWHT10993,,Industrial & Commercial Supplies>Hardware>General Hardware,"Black & Decker/dewlt, Industrial Hardware, DWHT10993",INDUSTRIAL HARDWARE DWHT10993,"Black & Decker/dewlt, DWHT10993, Industrial Hardware",Black & Decker/dewlt Industrial Hardware Model DWHT10993. ,Industrial Hardware,,,,,,,,,,,,,,,,,,,,,,,,,,,Industrial Hardware,Size,,,Material,,,,,,,,,,,,,,,,,,,,,,,,,,,,,,,,,,,,,,,,,,,,,,,,,,,,,,,,,,,,,,,,,,,,,,,,,,,,,,,,,,,,,,,,,,,,,,,,,,,,,,,,,,,,,,,,,,,,,,,,,,,,,,,,,,,,,,,,,,,,,,,,,,,,,,,,,,,,,,,,,,,,,,,,,,,,,,,,,,,,,,,,,,,,,,,,,
,,,,,,,Hardware,General Hardware,Hardware Accessories,,DWHT10994,DWHT10994 Folding Knife,,,DEWALT,Black & Decker/dewlt (2585),Black & Decker/dewlt,Black & Decker/dewlt,,DWHT10994,,Industrial & Commercial Supplies>Hardware>General Hardware,"Black & Decker/dewlt, Industrial Hardware, DWHT10994",INDUSTRIAL HARDWARE DWHT10994,"Black & Decker/dewlt, DWHT10994, Industrial Hardware",Black & Decker/dewlt Industrial Hardware Model DWHT10994. ,Industrial Hardware,,,,,,,,,,,,,,,,,,,,,,,,,,,Industrial Hardware,Size,,,Material,,,,,,,,,,,,,,,,,,,,,,,,,,,,,,,,,,,,,,,,,,,,,,,,,,,,,,,,,,,,,,,,,,,,,,,,,,,,,,,,,,,,,,,,,,,,,,,,,,,,,,,,,,,,,,,,,,,,,,,,,,,,,,,,,,,,,,,,,,,,,,,,,,,,,,,,,,,,,,,,,,,,,,,,,,,,,,,,,,,,,,,,,,,,,,,,,
,,,,,,,Hardware,General Hardware,Hardware Accessories,,QB22RU,QB22RU Vessel Carrying Bit Holder (Red),,,,Vessel Tools USA Inc (VESTO),Vessel Tools USA Inc,Vessel Tools USA Inc,,QB22RU,,Industrial & Commercial Supplies>Hardware>General Hardware,"Vessel Tools USA Inc, Industrial Hardware, QB22RU",INDUSTRIAL HARDWARE QB22RU,"Vessel Tools USA Inc, QB22RU, Industrial Hardware",Vessel Tools USA Inc Industrial Hardware Model QB22RU. ,Industrial Hardware,,,,,,,,,,,,,,,,,,,,,,,,,,,Industrial Hardware,Size,,,Material,,,,,,,,,,,,,,,,,,,,,,,,,,,,,,,,,,,,,,,,,,,,,,,,,,,,,,,,,,,,,,,,,,,,,,,,,,,,,,,,,,,,,,,,,,,,,,,,,,,,,,,,,,,,,,,,,,,,,,,,,,,,,,,,,,,,,,,,,,,,,,,,,,,,,,,,,,,,,,,,,,,,,,,,,,,,,,,,,,,,,,,,,,,,,,,,,
,,,,,,,Hardware,General Hardware,Hardware Accessories,,QB22KU,QB22KU Vessel Carrying Bit Holder (Black),,,,Vessel Tools USA Inc (VESTO),Vessel Tools USA Inc,Vessel Tools USA Inc,,QB22KU,,Industrial & Commercial Supplies>Hardware>General Hardware,"Vessel Tools USA Inc, Industrial Hardware, QB22KU",INDUSTRIAL HARDWARE QB22KU,"Vessel Tools USA Inc, QB22KU, Industrial Hardware",Vessel Tools USA Inc Industrial Hardware Model QB22KU. ,Industrial Hardware,,,,,,,,,,,,,,,,,,,,,,,,,,,Industrial Hardware,Size,,,Material,,,,,,,,,,,,,,,,,,,,,,,,,,,,,,,,,,,,,,,,,,,,,,,,,,,,,,,,,,,,,,,,,,,,,,,,,,,,,,,,,,,,,,,,,,,,,,,,,,,,,,,,,,,,,,,,,,,,,,,,,,,,,,,,,,,,,,,,,,,,,,,,,,,,,,,,,,,,,,,,,,,,,,,,,,,,,,,,,,,,,,,,,,,,,,,,,
,,,,,,,Hardware,General Hardware,Hardware Accessories,,AVM6EV,AVM6 EV Mini Snip Red,,,,Malco Prod (2370),Malco Prod,Malco Prod,,AVM6EV,,Industrial & Commercial Supplies>Hardware>General Hardware,"Malco Prod, Industrial Hardware, AVM6EV",INDUSTRIAL HARDWARE AVM6EV,"Malco Prod, AVM6EV, Industrial Hardware",Malco Prod Industrial Hardware Model AVM6EV. ,Industrial Hardware,,,,,,,,,,,,,,,,,,,,,,,,,,,Industrial Hardware,Size,,,Material,,,,,,,,,,,,,,,,,,,,,,,,,,,,,,,,,,,,,,,,,,,,,,,,,,,,,,,,,,,,,,,,,,,,,,,,,,,,,,,,,,,,,,,,,,,,,,,,,,,,,,,,,,,,,,,,,,,,,,,,,,,,,,,,,,,,,,,,,,,,,,,,,,,,,,,,,,,,,,,,,,,,,,,,,,,,,,,,,,,,,,,,,,,,,,,,,
,,,,,,,Hardware,General Hardware,Hardware Accessories,,AVM6EV,AVM7 EV Mini Snip Green,,,,Malco Prod (2370),Malco Prod,Malco Prod,,AVM6EV,,Industrial & Commercial Supplies>Hardware>General Hardware,"Malco Prod, Industrial Hardware, AVM6EV",INDUSTRIAL HARDWARE AVM6EV,"Malco Prod, AVM6EV, Industrial Hardware",Malco Prod Industrial Hardware Model AVM6EV. ,Industrial Hardware,,,,,,,,,,,,,,,,,,,,,,,,,,,Industrial Hardware,Size,,,Material,,,,,,,,,,,,,,,,,,,,,,,,,,,,,,,,,,,,,,,,,,,,,,,,,,,,,,,,,,,,,,,,,,,,,,,,,,,,,,,,,,,,,,,,,,,,,,,,,,,,,,,,,,,,,,,,,,,,,,,,,,,,,,,,,,,,,,,,,,,,,,,,,,,,,,,,,,,,,,,,,,,,,,,,,,,,,,,,,,,,,,,,,,,,,,,,,
,,,,,,,Hardware,General Hardware,Hardware Accessories,,DSA0250B,"DSA0250B 1/4"" Square x1/4"" Hex - Socket Adapter",,,Diablo,Freud Inc (2435),"Freud America, Inc.",Diablo®,,DSA0250B,,Industrial & Commercial Supplies>Hardware>General Hardware,"Freud America, Inc., Diablo, Industrial Hardware, DSA0250B",INDUSTRIAL HARDWARE DSA0250B,"Diablo®, DSA0250B, Industrial Hardware",Diablo® Industrial Hardware Model DSA0250B. ,Industrial Hardware,,,,,,,,,,,,,,,,,,,,,,,,,,,Industrial Hardware,Size,,,Material,,,,,,,,,,,,,,,,,,,,,,,,,,,,,,,,,,,,,,,,,,,,,,,,,,,,,,,,,,,,,,,,,,,,,,,,,,,,,,,,,,,,,,,,,,,,,,,,,,,,,,,,,,,,,,,,,,,,,,,,,,,,,,,,,,,,,,,,,,,,,,,,,,,,,,,,,,,,,,,,,,,,,,,,,,,,,,,,,,,,,,,,,,,,,,,,,
,,,,,,,Hardware,General Hardware,Hardware Accessories,,DSA0375B,"DSA0375B 3/8"" Square x1/4"" Hex - Socket Adapter",,,Diablo,Freud Inc (2435),"Freud America, Inc.",Diablo®,,DSA0375B,,Industrial & Commercial Supplies>Hardware>General Hardware,"Freud America, Inc., Diablo, Industrial Hardware, DSA0375B",INDUSTRIAL HARDWARE DSA0375B,"Diablo®, DSA0375B, Industrial Hardware",Diablo® Industrial Hardware Model DSA0375B. ,Industrial Hardware,,,,,,,,,,,,,,,,,,,,,,,,,,,Industrial Hardware,Size,,,Material,,,,,,,,,,,,,,,,,,,,,,,,,,,,,,,,,,,,,,,,,,,,,,,,,,,,,,,,,,,,,,,,,,,,,,,,,,,,,,,,,,,,,,,,,,,,,,,,,,,,,,,,,,,,,,,,,,,,,,,,,,,,,,,,,,,,,,,,,,,,,,,,,,,,,,,,,,,,,,,,,,,,,,,,,,,,,,,,,,,,,,,,,,,,,,,,,
,,,,,,,Hardware,General Hardware,Hardware Accessories,,DSA0500B,"DSA0500B 1/2"" Square x1/4"" Hex - Socket Adapter",,,Diablo,Freud Inc (2435),"Freud America, Inc.",Diablo®,,DSA0500B,,Industrial & Commercial Supplies>Hardware>General Hardware,"Freud America, Inc., Diablo, Industrial Hardware, DSA0500B",INDUSTRIAL HARDWARE DSA0500B,"Diablo®, DSA0500B, Industrial Hardware",Diablo® Industrial Hardware Model DSA0500B. ,Industrial Hardware,,,,,,,,,,,,,,,,,,,,,,,,,,,Industrial Hardware,Size,,,Material,,,,,,,,,,,,,,,,,,,,,,,,,,,,,,,,,,,,,,,,,,,,,,,,,,,,,,,,,,,,,,,,,,,,,,,,,,,,,,,,,,,,,,,,,,,,,,,,,,,,,,,,,,,,,,,,,,,,,,,,,,,,,,,,,,,,,,,,,,,,,,,,,,,,,,,,,,,,,,,,,,,,,,,,,,,,,,,,,,,,,,,,,,,,,,,,,
,,,,,,,Hardware,General Hardware,Hardware Accessories,,42-04-9107,"42-04-9107 Milw 3/8"" Drive Universal Joint",,,,Milwaukee Accessory (4031),Milwaukee Tool,Milwaukee®,,42-04-9107,,Industrial & Commercial Supplies>Hardware>General Hardware,"Milwaukee Tool, Milwaukee, Industrial Hardware, 42-04-9107",INDUSTRIAL HARDWARE 42-04-9107,"Milwaukee®, 42-04-9107, Industrial Hardware",Milwaukee® Industrial Hardware Model 42-04-9107. ,Industrial Hardware,,,,,,,,,,,,,,,,,,,,,,,,,,,Industrial Hardware,Size,,,Material,,,,,,,,,,,,,,,,,,,,,,,,,,,,,,,,,,,,,,,,,,,,,,,,,,,,,,,,,,,,,,,,,,,,,,,,,,,,,,,,,,,,,,,,,,,,,,,,,,,,,,,,,,,,,,,,,,,,,,,,,,,,,,,,,,,,,,,,,,,,,,,,,,,,,,,,,,,,,,,,,,,,,,,,,,,,,,,,,,,,,,,,,,,,,,,,,
,,,,,,,Hardware,General Hardware,Hardware Accessories,,48-22-9491,48-22-9491 Milw 242pc Ratchet & Socket Set 4-Drawer Tool Box,,,,Milwaukee Accessory (4031),Milwaukee Tool,Milwaukee®,,48-22-9491,,Industrial & Commercial Supplies>Hardware>General Hardware,"Milwaukee Tool, Milwaukee, Industrial Hardware, 48-22-9491",INDUSTRIAL HARDWARE 48-22-9491,"Milwaukee®, 48-22-9491, Industrial Hardware",Milwaukee® Industrial Hardware Model 48-22-9491. ,Industrial Hardware,,,,,,,,,,,,,,,,,,,,,,,,,,,Industrial Hardware,Size,,,Material,,,,,,,,,,,,,,,,,,,,,,,,,,,,,,,,,,,,,,,,,,,,,,,,,,,,,,,,,,,,,,,,,,,,,,,,,,,,,,,,,,,,,,,,,,,,,,,,,,,,,,,,,,,,,,,,,,,,,,,,,,,,,,,,,,,,,,,,,,,,,,,,,,,,,,,,,,,,,,,,,,,,,,,,,,,,,,,,,,,,,,,,,,,,,,,,,
,,,,,,,Hardware,General Hardware,Hardware Accessories,,DWMT45422,"DWMT45422 Dewalt 1/4"" Drive - 50pc Mechanics Set",,,,Black & Decker/dewlt (2585),Black & Decker/dewlt,Black & Decker/dewlt,,DWMT45422,,Industrial & Commercial Supplies>Hardware>General Hardware,"Black & Decker/dewlt, Industrial Hardware, DWMT45422",INDUSTRIAL HARDWARE DWMT45422,"Black & Decker/dewlt, DWMT45422, Industrial Hardware",Black & Decker/dewlt Industrial Hardware Model DWMT45422. ,Industrial Hardware,,,,,,,,,,,,,,,,,,,,,,,,,,,Industrial Hardware,Size,,,Material,,,,,,,,,,,,,,,,,,,,,,,,,,,,,,,,,,,,,,,,,,,,,,,,,,,,,,,,,,,,,,,,,,,,,,,,,,,,,,,,,,,,,,,,,,,,,,,,,,,,,,,,,,,,,,,,,,,,,,,,,,,,,,,,,,,,,,,,,,,,,,,,,,,,,,,,,,,,,,,,,,,,,,,,,,,,,,,,,,,,,,,,,,,,,,,,,
,,,,,,,Hardware,General Hardware,Hardware Accessories,,DWMT45424,"DWMT45424 Dewalt 3/8"" Drive - 84pc Mechanics Set",,,,Black & Decker/dewlt (2585),Black & Decker/dewlt,Black & Decker/dewlt,,DWMT45424,,Industrial & Commercial Supplies>Hardware>General Hardware,"Black & Decker/dewlt, Industrial Hardware, DWMT45424",INDUSTRIAL HARDWARE DWMT45424,"Black & Decker/dewlt, DWMT45424, Industrial Hardware",Black & Decker/dewlt Industrial Hardware Model DWMT45424. ,Industrial Hardware,,,,,,,,,,,,,,,,,,,,,,,,,,,Industrial Hardware,Size,,,Material,,,,,,,,,,,,,,,,,,,,,,,,,,,,,,,,,,,,,,,,,,,,,,,,,,,,,,,,,,,,,,,,,,,,,,,,,,,,,,,,,,,,,,,,,,,,,,,,,,,,,,,,,,,,,,,,,,,,,,,,,,,,,,,,,,,,,,,,,,,,,,,,,,,,,,,,,,,,,,,,,,,,,,,,,,,,,,,,,,,,,,,,,,,,,,,,,
,,,,,,,Hardware,General Hardware,Hardware Accessories,,48-22-9483,48-22-9483 Milw Packout 15pc - Metric Wrench Set,,,,Milwaukee Accessory (4031),Milwaukee Tool,Milwaukee®,,48-22-9483,,Industrial & Commercial Supplies>Hardware>General Hardware,"Milwaukee Tool, Milwaukee, Industrial Hardware, 48-22-9483",INDUSTRIAL HARDWARE 48-22-9483,"Milwaukee®, 48-22-9483, Industrial Hardware",Milwaukee® Industrial Hardware Model 48-22-9483. ,Industrial Hardware,,,,,,,,,,,,,,,,,,,,,,,,,,,Industrial Hardware,Size,,,Material,,,,,,,,,,,,,,,,,,,,,,,,,,,,,,,,,,,,,,,,,,,,,,,,,,,,,,,,,,,,,,,,,,,,,,,,,,,,,,,,,,,,,,,,,,,,,,,,,,,,,,,,,,,,,,,,,,,,,,,,,,,,,,,,,,,,,,,,,,,,,,,,,,,,,,,,,,,,,,,,,,,,,,,,,,,,,,,,,,,,,,,,,,,,,,,,,
,,,,,,,Hardware,General Hardware,Hardware Accessories,,48-22-9484,48-22-9484 Milw Packout 15pc - SAE Wrench Set,,,,Milwaukee Accessory (4031),Milwaukee Tool,Milwaukee®,,48-22-9484,,Industrial & Commercial Supplies>Hardware>General Hardware,"Milwaukee Tool, Milwaukee, Industrial Hardware, 48-22-9484",INDUSTRIAL HARDWARE 48-22-9484,"Milwaukee®, 48-22-9484, Industrial Hardware",Milwaukee® Industrial Hardware Model 48-22-9484. ,Industrial Hardware,,,,,,,,,,,,,,,,,,,,,,,,,,,Industrial Hardware,Size,,,Material,,,,,,,,,,,,,,,,,,,,,,,,,,,,,,,,,,,,,,,,,,,,,,,,,,,,,,,,,,,,,,,,,,,,,,,,,,,,,,,,,,,,,,,,,,,,,,,,,,,,,,,,,,,,,,,,,,,,,,,,,,,,,,,,,,,,,,,,,,,,,,,,,,,,,,,,,,,,,,,,,,,,,,,,,,,,,,,,,,,,,,,,,,,,,,,,,
,,,,,,,Hardware,General Hardware,Hardware Accessories,,48-22-9485,48-22-9485 Milw Packout 30pc - Metric & SAE Wrench Set,,,,Milwaukee Accessory (4031),Milwaukee Tool,Milwaukee®,,48-22-9485,,Industrial & Commercial Supplies>Hardware>General Hardware,"Milwaukee Tool, Milwaukee, Industrial Hardware, 48-22-9485",INDUSTRIAL HARDWARE 48-22-9485,"Milwaukee®, 48-22-9485, Industrial Hardware",Milwaukee® Industrial Hardware Model 48-22-9485. ,Industrial Hardware,,,,,,,,,,,,,,,,,,,,,,,,,,,Industrial Hardware,Size,,,Material,,,,,,,,,,,,,,,,,,,,,,,,,,,,,,,,,,,,,,,,,,,,,,,,,,,,,,,,,,,,,,,,,,,,,,,,,,,,,,,,,,,,,,,,,,,,,,,,,,,,,,,,,,,,,,,,,,,,,,,,,,,,,,,,,,,,,,,,,,,,,,,,,,,,,,,,,,,,,,,,,,,,,,,,,,,,,,,,,,,,,,,,,,,,,,,,,
,,,,,,,Hardware,General Hardware,Hardware Accessories,,48-44-2770,48-44-2770 Milw Pole Pruning - Shears Replacement Blade,,,,Milwaukee Accessory (4031),Milwaukee Tool,Milwaukee®,,48-44-2770,,Industrial & Commercial Supplies>Hardware>General Hardware,"Milwaukee Tool, Milwaukee, Industrial Hardware, 48-44-2770",INDUSTRIAL HARDWARE 48-44-2770,"Milwaukee®, 48-44-2770, Industrial Hardware",Milwaukee® Industrial Hardware Model 48-44-2770. ,Industrial Hardware,,,,,,,,,,,,,,,,,,,,,,,,,,,Industrial Hardware,Size,,,Material,,,,,,,,,,,,,,,,,,,,,,,,,,,,,,,,,,,,,,,,,,,,,,,,,,,,,,,,,,,,,,,,,,,,,,,,,,,,,,,,,,,,,,,,,,,,,,,,,,,,,,,,,,,,,,,,,,,,,,,,,,,,,,,,,,,,,,,,,,,,,,,,,,,,,,,,,,,,,,,,,,,,,,,,,,,,,,,,,,,,,,,,,,,,,,,,,
,,,,,,,Hardware,General Hardware,Hardware Accessories,,IWHT48441RC,IWHT48441RC Irwin 100ft - Red Chalk & Reel Set,,,Irwin,Irwin Industrial Tools (5863),Irwin Industrial Tools,Irwin Industrial Tools,,IWHT48441RC,,Industrial & Commercial Supplies>Hardware>General Hardware,"Irwin Industrial Tools, Industrial Hardware, IWHT48441RC",INDUSTRIAL HARDWARE IWHT48441RC,"Irwin Industrial Tools, IWHT48441RC, Industrial Hardware",Irwin Industrial Tools Industrial Hardware Model IWHT48441RC. ,Industrial Hardware,,,,,,,,,,,,,,,,,,,,,,,,,,,Industrial Hardware,Size,,,Material,,,,,,,,,,,,,,,,,,,,,,,,,,,,,,,,,,,,,,,,,,,,,,,,,,,,,,,,,,,,,,,,,,,,,,,,,,,,,,,,,,,,,,,,,,,,,,,,,,,,,,,,,,,,,,,,,,,,,,,,,,,,,,,,,,,,,,,,,,,,,,,,,,,,,,,,,,,,,,,,,,,,,,,,,,,,,,,,,,,,,,,,,,,,,,,,,
,,,,,,,Hardware,General Hardware,Hardware Accessories,,XRU23SM1,"XRU23SM1 Makita 18V 13"" - String Trimmer Kit",,,,Makita Usa Inc (5142),Makita Usa Inc,Makita Usa Inc,,XRU23SM1,,Industrial & Commercial Supplies>Hardware>General Hardware,"Makita Usa Inc, Industrial Hardware, XRU23SM1",INDUSTRIAL HARDWARE XRU23SM1,"Makita Usa Inc, XRU23SM1, Industrial Hardware",Makita Usa Inc Industrial Hardware Model XRU23SM1. ,Industrial Hardware,,,,,,,,,,,,,,,,,,,,,,,,,,,Industrial Hardware,Size,,,Material,,,,,,,,,,,,,,,,,,,,,,,,,,,,,,,,,,,,,,,,,,,,,,,,,,,,,,,,,,,,,,,,,,,,,,,,,,,,,,,,,,,,,,,,,,,,,,,,,,,,,,,,,,,,,,,,,,,,,,,,,,,,,,,,,,,,,,,,,,,,,,,,,,,,,,,,,,,,,,,,,,,,,,,,,,,,,,,,,,,,,,,,,,,,,,,,,
,,,,,,,Hardware,General Hardware,Hardware Accessories,,XRU15PT1,XRU15PT1 Makita String Trimmer,,,,Makita Usa Inc (5142),Makita Usa Inc,Makita Usa Inc,,XRU15PT1,,Industrial & Commercial Supplies>Hardware>General Hardware,"Makita Usa Inc, Industrial Hardware, XRU15PT1",INDUSTRIAL HARDWARE XRU15PT1,"Makita Usa Inc, XRU15PT1, Industrial Hardware",Makita Usa Inc Industrial Hardware Model XRU15PT1. ,Industrial Hardware,,,,,,,,,,,,,,,,,,,,,,,,,,,Industrial Hardware,Size,,,Material,,,,,,,,,,,,,,,,,,,,,,,,,,,,,,,,,,,,,,,,,,,,,,,,,,,,,,,,,,,,,,,,,,,,,,,,,,,,,,,,,,,,,,,,,,,,,,,,,,,,,,,,,,,,,,,,,,,,,,,,,,,,,,,,,,,,,,,,,,,,,,,,,,,,,,,,,,,,,,,,,,,,,,,,,,,,,,,,,,,,,,,,,,,,,,,,,
,,,,,,,Hardware,General Hardware,Hardware Accessories,,XRU23Z,XRU23Z Makita 18V Trimmer Tool - Only,,,,Makita Usa Inc (5142),Makita Usa Inc,Makita Usa Inc,,XRU23Z,,Industrial & Commercial Supplies>Hardware>General Hardware,"Makita Usa Inc, Industrial Hardware, XRU23Z",INDUSTRIAL HARDWARE XRU23Z,"Makita Usa Inc, XRU23Z, Industrial Hardware",Makita Usa Inc Industrial Hardware Model XRU23Z. ,Industrial Hardware,,,,,,,,,,,,,,,,,,,,,,,,,,,Industrial Hardware,Size,,,Material,,,,,,,,,,,,,,,,,,,,,,,,,,,,,,,,,,,,,,,,,,,,,,,,,,,,,,,,,,,,,,,,,,,,,,,,,,,,,,,,,,,,,,,,,,,,,,,,,,,,,,,,,,,,,,,,,,,,,,,,,,,,,,,,,,,,,,,,,,,,,,,,,,,,,,,,,,,,,,,,,,,,,,,,,,,,,,,,,,,,,,,,,,,,,,,,,
,,,,,,,Hardware,General Hardware,Hardware Accessories,,0887-20,0887-20 Milw M18 Brushless Precision Blower,,,,Milwaukee Accessory (4031),Milwaukee Tool,Milwaukee®,,0887-20,,Industrial & Commercial Supplies>Hardware>General Hardware,"Milwaukee Tool, Milwaukee, Industrial Hardware, 0887-20",INDUSTRIAL HARDWARE 0887-20,"Milwaukee®, 0887-20, Industrial Hardware",Milwaukee® Industrial Hardware Model 0887-20. ,Industrial Hardware,,,,,,,,,,,,,,,,,,,,,,,,,,,Industrial Hardware,Size,,,Material,,,,,,,,,,,,,,,,,,,,,,,,,,,,,,,,,,,,,,,,,,,,,,,,,,,,,,,,,,,,,,,,,,,,,,,,,,,,,,,,,,,,,,,,,,,,,,,,,,,,,,,,,,,,,,,,,,,,,,,,,,,,,,,,,,,,,,,,,,,,,,,,,,,,,,,,,,,,,,,,,,,,,,,,,,,,,,,,,,,,,,,,,,,,,,,,,
,,,,,,,Hardware,General Hardware,Hardware Accessories,,DCBL724B,DCBL724B Dewalt 20V Max XR Blower (Bare),,,,Black & Decker/dewlt (2585),"Freud America, Inc.",Diablo®,,DCBL724B,,Industrial & Commercial Supplies>Hardware>General Hardware,"Freud America, Inc., Diablo, Industrial Hardware, DCBL724B",INDUSTRIAL HARDWARE DCBL724B,"Diablo®, DCBL724B, Industrial Hardware",Diablo® Industrial Hardware Model DCBL724B. ,Industrial Hardware,,,,,,,,,,,,,,,,,,,,,,,,,,,Industrial Hardware,Size,,,Material,,,,,,,,,,,,,,,,,,,,,,,,,,,,,,,,,,,,,,,,,,,,,,,,,,,,,,,,,,,,,,,,,,,,,,,,,,,,,,,,,,,,,,,,,,,,,,,,,,,,,,,,,,,,,,,,,,,,,,,,,,,,,,,,,,,,,,,,,,,,,,,,,,,,,,,,,,,,,,,,,,,,,,,,,,,,,,,,,,,,,,,,,,,,,,,,,
,,,,,,,Hardware,General Hardware,Hardware Accessories,,2954-20,2954-20 Milw M18 Bluetooth Jobsite Speaker,,,,Milwaukee Accessory (4031),Milwaukee Tool,Milwaukee®,,2954-20,,Industrial & Commercial Supplies>Hardware>General Hardware,"Milwaukee Tool, Milwaukee, Industrial Hardware, 2954-20",INDUSTRIAL HARDWARE 2954-20,"Milwaukee®, 2954-20, Industrial Hardware",Milwaukee® Industrial Hardware Model 2954-20. ,Industrial Hardware,,,,,,,,,,,,,,,,,,,,,,,,,,,Industrial Hardware,Size,,,Material,,,,,,,,,,,,,,,,,,,,,,,,,,,,,,,,,,,,,,,,,,,,,,,,,,,,,,,,,,,,,,,,,,,,,,,,,,,,,,,,,,,,,,,,,,,,,,,,,,,,,,,,,,,,,,,,,,,,,,,,,,,,,,,,,,,,,,,,,,,,,,,,,,,,,,,,,,,,,,,,,,,,,,,,,,,,,,,,,,,,,,,,,,,,,,,,,
,,,,,,,Hardware,General Hardware,Hardware Accessories,,2955-20,2955-20 Milw M12 Bluetooth - Jobsite Speaker w/Packout,,,,Milwaukee Accessory (4031),Milwaukee Tool,Milwaukee®,,2955-20,,Industrial & Commercial Supplies>Hardware>General Hardware,"Milwaukee Tool, Milwaukee, Industrial Hardware, 2955-20",INDUSTRIAL HARDWARE 2955-20,"Milwaukee®, 2955-20, Industrial Hardware",Milwaukee® Industrial Hardware Model 2955-20. ,Industrial Hardware,,,,,,,,,,,,,,,,,,,,,,,,,,,Industrial Hardware,Size,,,Material,,,,,,,,,,,,,,,,,,,,,,,,,,,,,,,,,,,,,,,,,,,,,,,,,,,,,,,,,,,,,,,,,,,,,,,,,,,,,,,,,,,,,,,,,,,,,,,,,,,,,,,,,,,,,,,,,,,,,,,,,,,,,,,,,,,,,,,,,,,,,,,,,,,,,,,,,,,,,,,,,,,,,,,,,,,,,,,,,,,,,,,,,,,,,,,,,
,,,,,,,Hardware,General Hardware,Hardware Accessories,,9A-219-180,9A-219-180 Abranet 4x6x6,,,,Mirka Abrasives Inc (MIRUS),Mirka USA Inc.,Mirka®,,9A-219-180,,Industrial & Commercial Supplies>Hardware>General Hardware,"Mirka USA Inc., Mirka, Industrial Hardware, 9A-219-180",INDUSTRIAL HARDWARE 9A-219-180,"Mirka®, 9A-219-180, Industrial Hardware",Mirka® Industrial Hardware Model 9A-219-180. ,Industrial Hardware,,,,,,,,,,,,,,,,,,,,,,,,,,,Industrial Hardware,Size,,,Material,,,,,,,,,,,,,,,,,,,,,,,,,,,,,,,,,,,,,,,,,,,,,,,,,,,,,,,,,,,,,,,,,,,,,,,,,,,,,,,,,,,,,,,,,,,,,,,,,,,,,,,,,,,,,,,,,,,,,,,,,,,,,,,,,,,,,,,,,,,,,,,,,,,,,,,,,,,,,,,,,,,,,,,,,,,,,,,,,,,,,,,,,,,,,,,,,
,,,,,,,Hardware,General Hardware,Hardware Accessories,,9A-219-120RP,9A-219-120RP Abranet 4x6x6,,,,Mirka Abrasives Inc (MIRUS),Mirka USA Inc.,Mirka®,,9A-219-120RP,,Industrial & Commercial Supplies>Hardware>General Hardware,"Mirka USA Inc., Mirka, Industrial Hardware, 9A-219-120RP",INDUSTRIAL HARDWARE 9A-219-120RP,"Mirka®, 9A-219-120RP, Industrial Hardware",Mirka® Industrial Hardware Model 9A-219-120RP. ,Industrial Hardware,,,,,,,,,,,,,,,,,,,,,,,,,,,Industrial Hardware,Size,,,Material,,,,,,,,,,,,,,,,,,,,,,,,,,,,,,,,,,,,,,,,,,,,,,,,,,,,,,,,,,,,,,,,,,,,,,,,,,,,,,,,,,,,,,,,,,,,,,,,,,,,,,,,,,,,,,,,,,,,,,,,,,,,,,,,,,,,,,,,,,,,,,,,,,,,,,,,,,,,,,,,,,,,,,,,,,,,,,,,,,,,,,,,,,,,,,,,,
,,,,,,,Hardware,General Hardware,Hardware Accessories,,3033-20,"3033-20 Milw M18 24"" - Hedge Trimmer",,,Milwaukee,Milwaukee Accessory (4031),Milwaukee Tool,Milwaukee®,,3033-20,,Industrial & Commercial Supplies>Hardware>General Hardware,"Milwaukee Tool, Milwaukee, Industrial Hardware, 3033-20",INDUSTRIAL HARDWARE 3033-20,"Milwaukee®, 3033-20, Industrial Hardware",Milwaukee® Industrial Hardware Model 3033-20. ,Industrial Hardware,,,,,,,,,,,,,,,,,,,,,,,,,,,Industrial Hardware,Size,,,Material,,,,,,,,,,,,,,,,,,,,,,,,,,,,,,,,,,,,,,,,,,,,,,,,,,,,,,,,,,,,,,,,,,,,,,,,,,,,,,,,,,,,,,,,,,,,,,,,,,,,,,,,,,,,,,,,,,,,,,,,,,,,,,,,,,,,,,,,,,,,,,,,,,,,,,,,,,,,,,,,,,,,,,,,,,,,,,,,,,,,,,,,,,,,,,,,,
,,,,,,,Hardware,General Hardware,Hardware Accessories,,3033-21,"3033-21 Milw M18 24"" - Hedge Trimmer Kit",,,,Milwaukee Accessory (4031),Milwaukee Tool,Milwaukee®,,3033-21,,Industrial & Commercial Supplies>Hardware>General Hardware,"Milwaukee Tool, Milwaukee, Industrial Hardware, 3033-21",INDUSTRIAL HARDWARE 3033-21,"Milwaukee®, 3033-21, Industrial Hardware",Milwaukee® Industrial Hardware Model 3033-21. ,Industrial Hardware,,,,,,,,,,,,,,,,,,,,,,,,,,,Industrial Hardware,Size,,,Material,,,,,,,,,,,,,,,,,,,,,,,,,,,,,,,,,,,,,,,,,,,,,,,,,,,,,,,,,,,,,,,,,,,,,,,,,,,,,,,,,,,,,,,,,,,,,,,,,,,,,,,,,,,,,,,,,,,,,,,,,,,,,,,,,,,,,,,,,,,,,,,,,,,,,,,,,,,,,,,,,,,,,,,,,,,,,,,,,,,,,,,,,,,,,,,,,
,,,,,,,Hardware,General Hardware,Hardware Accessories,,3034-20,"3034-20 Milw M18 30"" - Hedge Trimmer",,,Milwaukee,Milwaukee Accessory (4031),Milwaukee Tool,Milwaukee®,,3034-20,,Industrial & Commercial Supplies>Hardware>General Hardware,"Milwaukee Tool, Milwaukee, Industrial Hardware, 3034-20",INDUSTRIAL HARDWARE 3034-20,"Milwaukee®, 3034-20, Industrial Hardware",Milwaukee® Industrial Hardware Model 3034-20. ,Industrial Hardware,,,,,,,,,,,,,,,,,,,,,,,,,,,Industrial Hardware,Size,,,Material,,,,,,,,,,,,,,,,,,,,,,,,,,,,,,,,,,,,,,,,,,,,,,,,,,,,,,,,,,,,,,,,,,,,,,,,,,,,,,,,,,,,,,,,,,,,,,,,,,,,,,,,,,,,,,,,,,,,,,,,,,,,,,,,,,,,,,,,,,,,,,,,,,,,,,,,,,,,,,,,,,,,,,,,,,,,,,,,,,,,,,,,,,,,,,,,,
,,,,,,,Hardware,General Hardware,Hardware Accessories,,D25333K,D25333K Dewalt Hammer Drill,,,,Black & Decker/dewlt (2585),Black & Decker/dewlt,Black & Decker/dewlt,,D25333K,,Industrial & Commercial Supplies>Hardware>General Hardware,"Black & Decker/dewlt, Industrial Hardware, D25333K",INDUSTRIAL HARDWARE D25333K,"Black & Decker/dewlt, D25333K, Industrial Hardware",Black & Decker/dewlt Industrial Hardware Model D25333K. ,Industrial Hardware,,,,,,,,,,,,,,,,,,,,,,,,,,,Industrial Hardware,Size,,,Material,,,,,,,,,,,,,,,,,,,,,,,,,,,,,,,,,,,,,,,,,,,,,,,,,,,,,,,,,,,,,,,,,,,,,,,,,,,,,,,,,,,,,,,,,,,,,,,,,,,,,,,,,,,,,,,,,,,,,,,,,,,,,,,,,,,,,,,,,,,,,,,,,,,,,,,,,,,,,,,,,,,,,,,,,,,,,,,,,,,,,,,,,,,,,,,,,
,,,,,,,Hardware,General Hardware,Hardware Accessories,,DCD803B,DCD803B Dewalt Multi-Head Drill Driver,,,,Black & Decker/dewlt (2585),Black & Decker/dewlt,Black & Decker/dewlt,,DCD803B,,Industrial & Commercial Supplies>Hardware>General Hardware,"Black & Decker/dewlt, Industrial Hardware, DCD803B",INDUSTRIAL HARDWARE DCD803B,"Black & Decker/dewlt, DCD803B, Industrial Hardware",Black & Decker/dewlt Industrial Hardware Model DCD803B. ,Industrial Hardware,,,,,,,,,,,,,,,,,,,,,,,,,,,Industrial Hardware,Size,,,Material,,,,,,,,,,,,,,,,,,,,,,,,,,,,,,,,,,,,,,,,,,,,,,,,,,,,,,,,,,,,,,,,,,,,,,,,,,,,,,,,,,,,,,,,,,,,,,,,,,,,,,,,,,,,,,,,,,,,,,,,,,,,,,,,,,,,,,,,,,,,,,,,,,,,,,,,,,,,,,,,,,,,,,,,,,,,,,,,,,,,,,,,,,,,,,,,,
,,,,,,,Hardware,General Hardware,Hardware Accessories,,DCF860B,DCF860B Dewalt 20V Impact - Driver Drill,,,,Black & Decker/dewlt (2585),Black & Decker/dewlt,Black & Decker/dewlt,,DCF860B,,Industrial & Commercial Supplies>Hardware>General Hardware,"Black & Decker/dewlt, Industrial Hardware, DCF860B",INDUSTRIAL HARDWARE DCF860B,"Black & Decker/dewlt, DCF860B, Industrial Hardware",Black & Decker/dewlt Industrial Hardware Model DCF860B. ,Industrial Hardware,,,,,,,,,,,,,,,,,,,,,,,,,,,Industrial Hardware,Size,,,Material,,,,,,,,,,,,,,,,,,,,,,,,,,,,,,,,,,,,,,,,,,,,,,,,,,,,,,,,,,,,,,,,,,,,,,,,,,,,,,,,,,,,,,,,,,,,,,,,,,,,,,,,,,,,,,,,,,,,,,,,,,,,,,,,,,,,,,,,,,,,,,,,,,,,,,,,,,,,,,,,,,,,,,,,,,,,,,,,,,,,,,,,,,,,,,,,,
,,,,,,,Hardware,General Hardware,Hardware Accessories,,3401-20,3401-20 Milw M12 Drill Driver - Brushless Compact (Bare),,,,Milwaukee Accessory (4031),Milwaukee Tool,Milwaukee®,,3401-20,,Industrial & Commercial Supplies>Hardware>General Hardware,"Milwaukee Tool, Milwaukee, Industrial Hardware, 3401-20",INDUSTRIAL HARDWARE 3401-20,"Milwaukee®, 3401-20, Industrial Hardware",Milwaukee® Industrial Hardware Model 3401-20. ,Industrial Hardware,,,,,,,,,,,,,,,,,,,,,,,,,,,Industrial Hardware,Size,,,Material,,,,,,,,,,,,,,,,,,,,,,,,,,,,,,,,,,,,,,,,,,,,,,,,,,,,,,,,,,,,,,,,,,,,,,,,,,,,,,,,,,,,,,,,,,,,,,,,,,,,,,,,,,,,,,,,,,,,,,,,,,,,,,,,,,,,,,,,,,,,,,,,,,,,,,,,,,,,,,,,,,,,,,,,,,,,,,,,,,,,,,,,,,,,,,,,,
,,,,,,,Hardware,General Hardware,Hardware Accessories,,KPTDR050A,KPTDR050A Kreg 20V Ionic Compact Drill,,,,Kreg Tool Company (KRETO),Kreg Tool Company,Kreg Tool Company,,KPTDR050A,,Industrial & Commercial Supplies>Hardware>General Hardware,"Kreg Tool Company, Industrial Hardware, KPTDR050A",INDUSTRIAL HARDWARE KPTDR050A,"Kreg Tool Company, KPTDR050A, Industrial Hardware",Kreg Tool Company Industrial Hardware Model KPTDR050A. ,Industrial Hardware,,,,,,,,,,,,,,,,,,,,,,,,,,,Industrial Hardware,Size,,,Material,,,,,,,,,,,,,,,,,,,,,,,,,,,,,,,,,,,,,,,,,,,,,,,,,,,,,,,,,,,,,,,,,,,,,,,,,,,,,,,,,,,,,,,,,,,,,,,,,,,,,,,,,,,,,,,,,,,,,,,,,,,,,,,,,,,,,,,,,,,,,,,,,,,,,,,,,,,,,,,,,,,,,,,,,,,,,,,,,,,,,,,,,,,,,,,,,
,,,,,,,Hardware,General Hardware,Hardware Accessories,,DCD1007B,"DCD1007B Dewalt 20V Cordless - 1/2"" Hammer Drill (Bare)",,,DEWALT,Black & Decker/dewlt (2585),Black & Decker/dewlt,Black & Decker/dewlt,,DCD1007B,,Industrial & Commercial Supplies>Hardware>General Hardware,"Black & Decker/dewlt, Industrial Hardware, DCD1007B",INDUSTRIAL HARDWARE DCD1007B,"Black & Decker/dewlt, DCD1007B, Industrial Hardware",Black & Decker/dewlt Industrial Hardware Model DCD1007B. ,Industrial Hardware,,,,,,,,,,,,,,,,,,,,,,,,,,,Industrial Hardware,Size,,,Material,,,,,,,,,,,,,,,,,,,,,,,,,,,,,,,,,,,,,,,,,,,,,,,,,,,,,,,,,,,,,,,,,,,,,,,,,,,,,,,,,,,,,,,,,,,,,,,,,,,,,,,,,,,,,,,,,,,,,,,,,,,,,,,,,,,,,,,,,,,,,,,,,,,,,,,,,,,,,,,,,,,,,,,,,,,,,,,,,,,,,,,,,,,,,,,,,
,,,,,,,Hardware,General Hardware,Hardware Accessories,,DCD799B,DCD799B Dewalt Drill,,,,Black & Decker/dewlt (2585),Black & Decker/dewlt,Black & Decker/dewlt,,DCD799B,,Industrial & Commercial Supplies>Hardware>General Hardware,"Black & Decker/dewlt, Industrial Hardware, DCD799B",INDUSTRIAL HARDWARE DCD799B,"Black & Decker/dewlt, DCD799B, Industrial Hardware",Black & Decker/dewlt Industrial Hardware Model DCD799B. ,Industrial Hardware,,,,,,,,,,,,,,,,,,,,,,,,,,,Industrial Hardware,Size,,,Material,,,,,,,,,,,,,,,,,,,,,,,,,,,,,,,,,,,,,,,,,,,,,,,,,,,,,,,,,,,,,,,,,,,,,,,,,,,,,,,,,,,,,,,,,,,,,,,,,,,,,,,,,,,,,,,,,,,,,,,,,,,,,,,,,,,,,,,,,,,,,,,,,,,,,,,,,,,,,,,,,,,,,,,,,,,,,,,,,,,,,,,,,,,,,,,,,
,,,,,,,Hardware,General Hardware,Hardware Accessories,,58006,58006 Voyager Drill Press,,,,King Canada Inc (KINCA),King Canada Inc,King Canada Inc,,58006,,Industrial & Commercial Supplies>Hardware>General Hardware,"King Canada Inc, Industrial Hardware, 58006",INDUSTRIAL HARDWARE 58006,"King Canada Inc, 58006, Industrial Hardware",King Canada Inc Industrial Hardware Model 58006. ,Industrial Hardware,,,,,,,,,,,,,,,,,,,,,,,,,,,Industrial Hardware,Size,,,Material,,,,,,,,,,,,,,,,,,,,,,,,,,,,,,,,,,,,,,,,,,,,,,,,,,,,,,,,,,,,,,,,,,,,,,,,,,,,,,,,,,,,,,,,,,,,,,,,,,,,,,,,,,,,,,,,,,,,,,,,,,,,,,,,,,,,,,,,,,,,,,,,,,,,,,,,,,,,,,,,,,,,,,,,,,,,,,,,,,,,,,,,,,,,,,,,,
,,,,,,,Hardware,General Hardware,Hardware Accessories,,2909-20,2909-20 Milw Roofing Nailer - M18,,,Milwaukee,Milwaukee Accessory (4031),Milwaukee Tool,Milwaukee®,,2909-20,,Industrial & Commercial Supplies>Hardware>General Hardware,"Milwaukee Tool, Milwaukee, Industrial Hardware, 2909-20",INDUSTRIAL HARDWARE 2909-20,"Milwaukee®, 2909-20, Industrial Hardware",Milwaukee® Industrial Hardware Model 2909-20. ,Industrial Hardware,,,,,,,,,,,,,,,,,,,,,,,,,,,Industrial Hardware,Size,,,Material,,,,,,,,,,,,,,,,,,,,,,,,,,,,,,,,,,,,,,,,,,,,,,,,,,,,,,,,,,,,,,,,,,,,,,,,,,,,,,,,,,,,,,,,,,,,,,,,,,,,,,,,,,,,,,,,,,,,,,,,,,,,,,,,,,,,,,,,,,,,,,,,,,,,,,,,,,,,,,,,,,,,,,,,,,,,,,,,,,,,,,,,,,,,,,,,,
,,,,,,,Hardware,General Hardware,Hardware Accessories,,2909-21,2909-21 Milw M18 Coil Roofing - Nailer Kit,,,Milwaukee,Milwaukee Accessory (4031),Milwaukee Tool,Milwaukee®,,2909-21,,Industrial & Commercial Supplies>Hardware>General Hardware,"Milwaukee Tool, Milwaukee, Industrial Hardware, 2909-21",INDUSTRIAL HARDWARE 2909-21,"Milwaukee®, 2909-21, Industrial Hardware",Milwaukee® Industrial Hardware Model 2909-21. ,Industrial Hardware,,,,,,,,,,,,,,,,,,,,,,,,,,,Industrial Hardware,Size,,,Material,,,,,,,,,,,,,,,,,,,,,,,,,,,,,,,,,,,,,,,,,,,,,,,,,,,,,,,,,,,,,,,,,,,,,,,,,,,,,,,,,,,,,,,,,,,,,,,,,,,,,,,,,,,,,,,,,,,,,,,,,,,,,,,,,,,,,,,,,,,,,,,,,,,,,,,,,,,,,,,,,,,,,,,,,,,,,,,,,,,,,,,,,,,,,,,,,
,,,,,,,Hardware,General Hardware,Hardware Accessories,,918200,918200 Paslode CT200S24 18Ga ST Brad Nailer,,,,National Nail Corp (7439),National Nail Corp,National Nail Corp,,918200,,Industrial & Commercial Supplies>Hardware>General Hardware,"National Nail Corp, Industrial Hardware, 918200",INDUSTRIAL HARDWARE 918200,"National Nail Corp, 918200, Industrial Hardware",National Nail Corp Industrial Hardware Model 918200. ,Industrial Hardware,,,,,,,,,,,,,,,,,,,,,,,,,,,Industrial Hardware,Size,,,Material,,,,,,,,,,,,,,,,,,,,,,,,,,,,,,,,,,,,,,,,,,,,,,,,,,,,,,,,,,,,,,,,,,,,,,,,,,,,,,,,,,,,,,,,,,,,,,,,,,,,,,,,,,,,,,,,,,,,,,,,,,,,,,,,,,,,,,,,,,,,,,,,,,,,,,,,,,,,,,,,,,,,,,,,,,,,,,,,,,,,,,,,,,,,,,,,,
,,,,,,,Hardware,General Hardware,Hardware Accessories,,2541-20,2541-20 Milw M12 - Compact Brad Nailer (Bare),,,,Milwaukee Accessory (4031),Milwaukee Tool,Milwaukee®,,2541-20,,Industrial & Commercial Supplies>Hardware>General Hardware,"Milwaukee Tool, Milwaukee, Industrial Hardware, 2541-20",INDUSTRIAL HARDWARE 2541-20,"Milwaukee®, 2541-20, Industrial Hardware",Milwaukee® Industrial Hardware Model 2541-20. ,Industrial Hardware,,,,,,,,,,,,,,,,,,,,,,,,,,,Industrial Hardware,Size,,,Material,,,,,,,,,,,,,,,,,,,,,,,,,,,,,,,,,,,,,,,,,,,,,,,,,,,,,,,,,,,,,,,,,,,,,,,,,,,,,,,,,,,,,,,,,,,,,,,,,,,,,,,,,,,,,,,,,,,,,,,,,,,,,,,,,,,,,,,,,,,,,,,,,,,,,,,,,,,,,,,,,,,,,,,,,,,,,,,,,,,,,,,,,,,,,,,,,
,,,,,,,Hardware,General Hardware,Hardware Accessories,,DCN930B,DCN930B Dewalt 20V 30 Degree - Framing Nailer,,,DEWALT,Black & Decker/dewlt (2585),Black & Decker/dewlt,Black & Decker/dewlt,,DCN930B,,Industrial & Commercial Supplies>Hardware>General Hardware,"Black & Decker/dewlt, Industrial Hardware, DCN930B",INDUSTRIAL HARDWARE DCN930B,"Black & Decker/dewlt, DCN930B, Industrial Hardware",Black & Decker/dewlt Industrial Hardware Model DCN930B. ,Industrial Hardware,,,,,,,,,,,,,,,,,,,,,,,,,,,Industrial Hardware,Size,,,Material,,,,,,,,,,,,,,,,,,,,,,,,,,,,,,,,,,,,,,,,,,,,,,,,,,,,,,,,,,,,,,,,,,,,,,,,,,,,,,,,,,,,,,,,,,,,,,,,,,,,,,,,,,,,,,,,,,,,,,,,,,,,,,,,,,,,,,,,,,,,,,,,,,,,,,,,,,,,,,,,,,,,,,,,,,,,,,,,,,,,,,,,,,,,,,,,,
,,,,,,,Hardware,General Hardware,Hardware Accessories,,DCN930P1,DCN930P1 Dewalt 20V 30 Degree - Framing Nailer Kit,,,DEWALT,Black & Decker/dewlt (2585),Black & Decker/dewlt,Black & Decker/dewlt,,DCN930P1,,Industrial & Commercial Supplies>Hardware>General Hardware,"Black & Decker/dewlt, Industrial Hardware, DCN930P1",INDUSTRIAL HARDWARE DCN930P1,"Black & Decker/dewlt, DCN930P1, Industrial Hardware",Black & Decker/dewlt Industrial Hardware Model DCN930P1. ,Industrial Hardware,,,,,,,,,,,,,,,,,,,,,,,,,,,Industrial Hardware,Size,,,Material,,,,,,,,,,,,,,,,,,,,,,,,,,,,,,,,,,,,,,,,,,,,,,,,,,,,,,,,,,,,,,,,,,,,,,,,,,,,,,,,,,,,,,,,,,,,,,,,,,,,,,,,,,,,,,,,,,,,,,,,,,,,,,,,,,,,,,,,,,,,,,,,,,,,,,,,,,,,,,,,,,,,,,,,,,,,,,,,,,,,,,,,,,,,,,,,,
,,,,,,,Hardware,General Hardware,Hardware Accessories,,XNB04Z,"XNB04Z Makita 18V 2"" Brad Nailer 18GA (Bare)",,,,Makita Usa Inc (5142),Makita Usa Inc,Makita Usa Inc,,XNB04Z,,Industrial & Commercial Supplies>Hardware>General Hardware,"Makita Usa Inc, Industrial Hardware, XNB04Z",INDUSTRIAL HARDWARE XNB04Z,"Makita Usa Inc, XNB04Z, Industrial Hardware",Makita Usa Inc Industrial Hardware Model XNB04Z. ,Industrial Hardware,,,,,,,,,,,,,,,,,,,,,,,,,,,Industrial Hardware,Size,,,Material,,,,,,,,,,,,,,,,,,,,,,,,,,,,,,,,,,,,,,,,,,,,,,,,,,,,,,,,,,,,,,,,,,,,,,,,,,,,,,,,,,,,,,,,,,,,,,,,,,,,,,,,,,,,,,,,,,,,,,,,,,,,,,,,,,,,,,,,,,,,,,,,,,,,,,,,,,,,,,,,,,,,,,,,,,,,,,,,,,,,,,,,,,,,,,,,,
,,,,,,,Hardware,General Hardware,Hardware Accessories,,XNB05Z,"XNB05Z Makita 18V 2-1/2"" Straight Finish Nailer 16GA",,,,Makita Usa Inc (5142),Makita Usa Inc,Makita Usa Inc,,XNB05Z,,Industrial & Commercial Supplies>Hardware>General Hardware,"Makita Usa Inc, Industrial Hardware, XNB05Z",INDUSTRIAL HARDWARE XNB05Z,"Makita Usa Inc, XNB05Z, Industrial Hardware",Makita Usa Inc Industrial Hardware Model XNB05Z. ,Industrial Hardware,,,,,,,,,,,,,,,,,,,,,,,,,,,Industrial Hardware,Size,,,Material,,,,,,,,,,,,,,,,,,,,,,,,,,,,,,,,,,,,,,,,,,,,,,,,,,,,,,,,,,,,,,,,,,,,,,,,,,,,,,,,,,,,,,,,,,,,,,,,,,,,,,,,,,,,,,,,,,,,,,,,,,,,,,,,,,,,,,,,,,,,,,,,,,,,,,,,,,,,,,,,,,,,,,,,,,,,,,,,,,,,,,,,,,,,,,,,,
,,,,,,,Hardware,General Hardware,Hardware Accessories,,XNB06Z,"XNB06Z Makita 18V 2-1/2"" Angled Finish Nailer 16GA",,,,Makita Usa Inc (5142),Makita Usa Inc,Makita Usa Inc,,XNB06Z,,Industrial & Commercial Supplies>Hardware>General Hardware,"Makita Usa Inc, Industrial Hardware, XNB06Z",INDUSTRIAL HARDWARE XNB06Z,"Makita Usa Inc, XNB06Z, Industrial Hardware",Makita Usa Inc Industrial Hardware Model XNB06Z. ,Industrial Hardware,,,,,,,,,,,,,,,,,,,,,,,,,,,Industrial Hardware,Size,,,Material,,,,,,,,,,,,,,,,,,,,,,,,,,,,,,,,,,,,,,,,,,,,,,,,,,,,,,,,,,,,,,,,,,,,,,,,,,,,,,,,,,,,,,,,,,,,,,,,,,,,,,,,,,,,,,,,,,,,,,,,,,,,,,,,,,,,,,,,,,,,,,,,,,,,,,,,,,,,,,,,,,,,,,,,,,,,,,,,,,,,,,,,,,,,,,,,,
,,,,,,,Hardware,General Hardware,Hardware Accessories,,XNB07Z,XNB07Z Makita 18V LXT BL 30 Nailer (Bare),,,,Makita Usa Inc (5142),Makita Usa Inc,Makita Usa Inc,,XNB07Z,,Industrial & Commercial Supplies>Hardware>General Hardware,"Makita Usa Inc, Industrial Hardware, XNB07Z",INDUSTRIAL HARDWARE XNB07Z,"Makita Usa Inc, XNB07Z, Industrial Hardware",Makita Usa Inc Industrial Hardware Model XNB07Z. ,Industrial Hardware,,,,,,,,,,,,,,,,,,,,,,,,,,,Industrial Hardware,Size,,,Material,,,,,,,,,,,,,,,,,,,,,,,,,,,,,,,,,,,,,,,,,,,,,,,,,,,,,,,,,,,,,,,,,,,,,,,,,,,,,,,,,,,,,,,,,,,,,,,,,,,,,,,,,,,,,,,,,,,,,,,,,,,,,,,,,,,,,,,,,,,,,,,,,,,,,,,,,,,,,,,,,,,,,,,,,,,,,,,,,,,,,,,,,,,,,,,,,
,,,,,,,Hardware,General Hardware,Hardware Accessories,,DZN930,DZN930 Dewalt 30 Degree - Framing Magazine,,,,Black & Decker/dewlt (2585),Black & Decker/dewlt,Black & Decker/dewlt,,DZN930,,Industrial & Commercial Supplies>Hardware>General Hardware,"Black & Decker/dewlt, Industrial Hardware, DZN930",INDUSTRIAL HARDWARE DZN930,"Black & Decker/dewlt, DZN930, Industrial Hardware",Black & Decker/dewlt Industrial Hardware Model DZN930. ,Industrial Hardware,,,,,,,,,,,,,,,,,,,,,,,,,,,Industrial Hardware,Size,,,Material,,,,,,,,,,,,,,,,,,,,,,,,,,,,,,,,,,,,,,,,,,,,,,,,,,,,,,,,,,,,,,,,,,,,,,,,,,,,,,,,,,,,,,,,,,,,,,,,,,,,,,,,,,,,,,,,,,,,,,,,,,,,,,,,,,,,,,,,,,,,,,,,,,,,,,,,,,,,,,,,,,,,,,,,,,,,,,,,,,,,,,,,,,,,,,,,,
,,,,,,,Hardware,General Hardware,Hardware Accessories,,220USB25U,220USB25U Vessel Screwdriver w/25pc Bit Set,,,,Vessel Tools USA Inc (VESTO),Vessel Tools USA Inc,Vessel Tools USA Inc,,220USB25U,,Industrial & Commercial Supplies>Hardware>General Hardware,"Vessel Tools USA Inc, Industrial Hardware, 220USB25U",INDUSTRIAL HARDWARE 220USB25U,"Vessel Tools USA Inc, 220USB25U, Industrial Hardware",Vessel Tools USA Inc Industrial Hardware Model 220USB25U. ,Industrial Hardware,,,,,,,,,,,,,,,,,,,,,,,,,,,Industrial Hardware,Size,,,Material,,,,,,,,,,,,,,,,,,,,,,,,,,,,,,,,,,,,,,,,,,,,,,,,,,,,,,,,,,,,,,,,,,,,,,,,,,,,,,,,,,,,,,,,,,,,,,,,,,,,,,,,,,,,,,,,,,,,,,,,,,,,,,,,,,,,,,,,,,,,,,,,,,,,,,,,,,,,,,,,,,,,,,,,,,,,,,,,,,,,,,,,,,,,,,,,,
,,,,,,,Hardware,General Hardware,Hardware Accessories,,XRF03Z,XRF03Z Makita 18V Screwdriver - Autofeed,,,,Makita Usa Inc (5142),Makita Usa Inc,Makita Usa Inc,,XRF03Z,,Industrial & Commercial Supplies>Hardware>General Hardware,"Makita Usa Inc, Industrial Hardware, XRF03Z",INDUSTRIAL HARDWARE XRF03Z,"Makita Usa Inc, XRF03Z, Industrial Hardware",Makita Usa Inc Industrial Hardware Model XRF03Z. ,Industrial Hardware,,,,,,,,,,,,,,,,,,,,,,,,,,,Industrial Hardware,Size,,,Material,,,,,,,,,,,,,,,,,,,,,,,,,,,,,,,,,,,,,,,,,,,,,,,,,,,,,,,,,,,,,,,,,,,,,,,,,,,,,,,,,,,,,,,,,,,,,,,,,,,,,,,,,,,,,,,,,,,,,,,,,,,,,,,,,,,,,,,,,,,,,,,,,,,,,,,,,,,,,,,,,,,,,,,,,,,,,,,,,,,,,,,,,,,,,,,,,
,,,,,,,Hardware,General Hardware,Hardware Accessories,,220USBP5U,220USBP5U Vessel Screwdriver Plus w/5pc Bit Set,,,,Vessel Tools USA Inc (VESTO),Vessel Tools USA Inc,Vessel Tools USA Inc,,220USBP5U,,Industrial & Commercial Supplies>Hardware>General Hardware,"Vessel Tools USA Inc, Industrial Hardware, 220USBP5U",INDUSTRIAL HARDWARE 220USBP5U,"Vessel Tools USA Inc, 220USBP5U, Industrial Hardware",Vessel Tools USA Inc Industrial Hardware Model 220USBP5U. ,Industrial Hardware,,,,,,,,,,,,,,,,,,,,,,,,,,,Industrial Hardware,Size,,,Material,,,,,,,,,,,,,,,,,,,,,,,,,,,,,,,,,,,,,,,,,,,,,,,,,,,,,,,,,,,,,,,,,,,,,,,,,,,,,,,,,,,,,,,,,,,,,,,,,,,,,,,,,,,,,,,,,,,,,,,,,,,,,,,,,,,,,,,,,,,,,,,,,,,,,,,,,,,,,,,,,,,,,,,,,,,,,,,,,,,,,,,,,,,,,,,,,
,,,,,,,Hardware,General Hardware,Hardware Accessories,,49-66-4567,"49-66-4567 Milw 6"" Magnetic - Impact Driver Set 6pc",,,,Milwaukee Accessory (4031),Milwaukee Tool,Milwaukee®,,49-66-4567,,Industrial & Commercial Supplies>Hardware>General Hardware,"Milwaukee Tool, Milwaukee, Industrial Hardware, 49-66-4567",INDUSTRIAL HARDWARE 49-66-4567,"Milwaukee®, 49-66-4567, Industrial Hardware",Milwaukee® Industrial Hardware Model 49-66-4567. ,Industrial Hardware,,,,,,,,,,,,,,,,,,,,,,,,,,,Industrial Hardware,Size,,,Material,,,,,,,,,,,,,,,,,,,,,,,,,,,,,,,,,,,,,,,,,,,,,,,,,,,,,,,,,,,,,,,,,,,,,,,,,,,,,,,,,,,,,,,,,,,,,,,,,,,,,,,,,,,,,,,,,,,,,,,,,,,,,,,,,,,,,,,,,,,,,,,,,,,,,,,,,,,,,,,,,,,,,,,,,,,,,,,,,,,,,,,,,,,,,,,,,
,,,,,,,Hardware,General Hardware,Hardware Accessories,,IBMG90K003,"IBMG90K003 Vessel Impact Ball Torsion Bit Assort 5pc 3.5""",,,,Vessel Tools USA Inc (VESTO),Vessel Tools USA Inc,Vessel Tools USA Inc,,IBMG90K003,,Industrial & Commercial Supplies>Hardware>General Hardware,"Vessel Tools USA Inc, Industrial Hardware, IBMG90K003",INDUSTRIAL HARDWARE IBMG90K003,"Vessel Tools USA Inc, IBMG90K003, Industrial Hardware",Vessel Tools USA Inc Industrial Hardware Model IBMG90K003. ,Industrial Hardware,,,,,,,,,,,,,,,,,,,,,,,,,,,Industrial Hardware,Size,,,Material,,,,,,,,,,,,,,,,,,,,,,,,,,,,,,,,,,,,,,,,,,,,,,,,,,,,,,,,,,,,,,,,,,,,,,,,,,,,,,,,,,,,,,,,,,,,,,,,,,,,,,,,,,,,,,,,,,,,,,,,,,,,,,,,,,,,,,,,,,,,,,,,,,,,,,,,,,,,,,,,,,,,,,,,,,,,,,,,,,,,,,,,,,,,,,,,,
,,,,,,,Hardware,General Hardware,Hardware Accessories,,IBPH250P15T,"IBPH250P15T Vessel Torsion Bit 2"" 15pc",,,,Vessel Tools USA Inc (VESTO),Vessel Tools USA Inc,Vessel Tools USA Inc,,IBPH250P15T,,Industrial & Commercial Supplies>Hardware>General Hardware,"Vessel Tools USA Inc, Industrial Hardware, IBPH250P15T",INDUSTRIAL HARDWARE IBPH250P15T,"Vessel Tools USA Inc, IBPH250P15T, Industrial Hardware",Vessel Tools USA Inc Industrial Hardware Model IBPH250P15T. ,Industrial Hardware,,,,,,,,,,,,,,,,,,,,,,,,,,,Industrial Hardware,Size,,,Material,,,,,,,,,,,,,,,,,,,,,,,,,,,,,,,,,,,,,,,,,,,,,,,,,,,,,,,,,,,,,,,,,,,,,,,,,,,,,,,,,,,,,,,,,,,,,,,,,,,,,,,,,,,,,,,,,,,,,,,,,,,,,,,,,,,,,,,,,,,,,,,,,,,,,,,,,,,,,,,,,,,,,,,,,,,,,,,,,,,,,,,,,,,,,,,,,
,,,,,,,Hardware,General Hardware,Hardware Accessories,,DPH12B,"DPH12B 2"" #1 Phillips Drive - Bit",,,Diablo,Freud Inc (2435),"Freud America, Inc.",Diablo®,,DPH12B,,Industrial & Commercial Supplies>Hardware>General Hardware,"Freud America, Inc., Diablo, Industrial Hardware, DPH12B",INDUSTRIAL HARDWARE DPH12B,"Diablo®, DPH12B, Industrial Hardware",Diablo® Industrial Hardware Model DPH12B. ,Industrial Hardware,,,,,,,,,,,,,,,,,,,,,,,,,,,Industrial Hardware,Size,,,Material,,,,,,,,,,,,,,,,,,,,,,,,,,,,,,,,,,,,,,,,,,,,,,,,,,,,,,,,,,,,,,,,,,,,,,,,,,,,,,,,,,,,,,,,,,,,,,,,,,,,,,,,,,,,,,,,,,,,,,,,,,,,,,,,,,,,,,,,,,,,,,,,,,,,,,,,,,,,,,,,,,,,,,,,,,,,,,,,,,,,,,,,,,,,,,,,,
,,,,,,,Hardware,General Hardware,Hardware Accessories,,DPH135B,"DPH135B 3-1/2"" #1 Phillips - Drive Bit",,,Diablo,Freud Inc (2435),"Freud America, Inc.",Diablo®,,DPH135B,,Industrial & Commercial Supplies>Hardware>General Hardware,"Freud America, Inc., Diablo, Industrial Hardware, DPH135B",INDUSTRIAL HARDWARE DPH135B,"Diablo®, DPH135B, Industrial Hardware",Diablo® Industrial Hardware Model DPH135B. ,Industrial Hardware,,,,,,,,,,,,,,,,,,,,,,,,,,,Industrial Hardware,Size,,,Material,,,,,,,,,,,,,,,,,,,,,,,,,,,,,,,,,,,,,,,,,,,,,,,,,,,,,,,,,,,,,,,,,,,,,,,,,,,,,,,,,,,,,,,,,,,,,,,,,,,,,,,,,,,,,,,,,,,,,,,,,,,,,,,,,,,,,,,,,,,,,,,,,,,,,,,,,,,,,,,,,,,,,,,,,,,,,,,,,,,,,,,,,,,,,,,,,
,,,,,,,Hardware,General Hardware,Hardware Accessories,,DPH21B,"DPH21B 1"" #2 Phillips Drive - Bit",,,Diablo,Freud Inc (2435),"Freud America, Inc.",Diablo®,,DPH21B,,Industrial & Commercial Supplies>Hardware>General Hardware,"Freud America, Inc., Diablo, Industrial Hardware, DPH21B",INDUSTRIAL HARDWARE DPH21B,"Diablo®, DPH21B, Industrial Hardware",Diablo® Industrial Hardware Model DPH21B. ,Industrial Hardware,,,,,,,,,,,,,,,,,,,,,,,,,,,Industrial Hardware,Size,,,Material,,,,,,,,,,,,,,,,,,,,,,,,,,,,,,,,,,,,,,,,,,,,,,,,,,,,,,,,,,,,,,,,,,,,,,,,,,,,,,,,,,,,,,,,,,,,,,,,,,,,,,,,,,,,,,,,,,,,,,,,,,,,,,,,,,,,,,,,,,,,,,,,,,,,,,,,,,,,,,,,,,,,,,,,,,,,,,,,,,,,,,,,,,,,,,,,,
,,,,,,,Hardware,General Hardware,Hardware Accessories,,DPH22B,"DPH22B 2"" #2 Phillips Drive - Bit",,,Diablo,Freud Inc (2435),"Freud America, Inc.",Diablo®,,DPH22B,,Industrial & Commercial Supplies>Hardware>General Hardware,"Freud America, Inc., Diablo, Industrial Hardware, DPH22B",INDUSTRIAL HARDWARE DPH22B,"Diablo®, DPH22B, Industrial Hardware",Diablo® Industrial Hardware Model DPH22B. ,Industrial Hardware,,,,,,,,,,,,,,,,,,,,,,,,,,,Industrial Hardware,Size,,,Material,,,,,,,,,,,,,,,,,,,,,,,,,,,,,,,,,,,,,,,,,,,,,,,,,,,,,,,,,,,,,,,,,,,,,,,,,,,,,,,,,,,,,,,,,,,,,,,,,,,,,,,,,,,,,,,,,,,,,,,,,,,,,,,,,,,,,,,,,,,,,,,,,,,,,,,,,,,,,,,,,,,,,,,,,,,,,,,,,,,,,,,,,,,,,,,,,
,,,,,,,Hardware,General Hardware,Hardware Accessories,,DPH235B,"DPH235B 3-1/2"" #2 Phillips - Drive Bit",,,Diablo,Freud Inc (2435),"Freud America, Inc.",Diablo®,,DPH235B,,Industrial & Commercial Supplies>Hardware>General Hardware,"Freud America, Inc., Diablo, Industrial Hardware, DPH235B",INDUSTRIAL HARDWARE DPH235B,"Diablo®, DPH235B, Industrial Hardware",Diablo® Industrial Hardware Model DPH235B. ,Industrial Hardware,,,,,,,,,,,,,,,,,,,,,,,,,,,Industrial Hardware,Size,,,Material,,,,,,,,,,,,,,,,,,,,,,,,,,,,,,,,,,,,,,,,,,,,,,,,,,,,,,,,,,,,,,,,,,,,,,,,,,,,,,,,,,,,,,,,,,,,,,,,,,,,,,,,,,,,,,,,,,,,,,,,,,,,,,,,,,,,,,,,,,,,,,,,,,,,,,,,,,,,,,,,,,,,,,,,,,,,,,,,,,,,,,,,,,,,,,,,,
,,,,,,,Hardware,General Hardware,Hardware Accessories,,DPH26B,"DPH26B 6"" #2 Phillips Drive - Bit",,,Diablo,Freud Inc (2435),"Freud America, Inc.",Diablo®,,DPH26B,,Industrial & Commercial Supplies>Hardware>General Hardware,"Freud America, Inc., Diablo, Industrial Hardware, DPH26B",INDUSTRIAL HARDWARE DPH26B,"Diablo®, DPH26B, Industrial Hardware",Diablo® Industrial Hardware Model DPH26B. ,Industrial Hardware,,,,,,,,,,,,,,,,,,,,,,,,,,,Industrial Hardware,Size,,,Material,,,,,,,,,,,,,,,,,,,,,,,,,,,,,,,,,,,,,,,,,,,,,,,,,,,,,,,,,,,,,,,,,,,,,,,,,,,,,,,,,,,,,,,,,,,,,,,,,,,,,,,,,,,,,,,,,,,,,,,,,,,,,,,,,,,,,,,,,,,,,,,,,,,,,,,,,,,,,,,,,,,,,,,,,,,,,,,,,,,,,,,,,,,,,,,,,
,,,,,,,Hardware,General Hardware,Hardware Accessories,,DPH2R1B,"DPH2R1B 1"" #2 Phillips Drywall - Screws Drive Bit",,,Diablo,Freud Inc (2435),"Freud America, Inc.",Diablo®,,DPH2R1B,,Industrial & Commercial Supplies>Hardware>General Hardware,"Freud America, Inc., Diablo, Industrial Hardware, DPH2R1B",INDUSTRIAL HARDWARE DPH2R1B,"Diablo®, DPH2R1B, Industrial Hardware",Diablo® Industrial Hardware Model DPH2R1B. ,Industrial Hardware,,,,,,,,,,,,,,,,,,,,,,,,,,,Industrial Hardware,Size,,,Material,,,,,,,,,,,,,,,,,,,,,,,,,,,,,,,,,,,,,,,,,,,,,,,,,,,,,,,,,,,,,,,,,,,,,,,,,,,,,,,,,,,,,,,,,,,,,,,,,,,,,,,,,,,,,,,,,,,,,,,,,,,,,,,,,,,,,,,,,,,,,,,,,,,,,,,,,,,,,,,,,,,,,,,,,,,,,,,,,,,,,,,,,,,,,,,,,
,,,,,,,Hardware,General Hardware,Hardware Accessories,,DPH31B,"DPH31B 1"" #3 Phillips Drive - Bit",,,Diablo,Freud Inc (2435),"Freud America, Inc.",Diablo®,,DPH31B,,Industrial & Commercial Supplies>Hardware>General Hardware,"Freud America, Inc., Diablo, Industrial Hardware, DPH31B",INDUSTRIAL HARDWARE DPH31B,"Diablo®, DPH31B, Industrial Hardware",Diablo® Industrial Hardware Model DPH31B. ,Industrial Hardware,,,,,,,,,,,,,,,,,,,,,,,,,,,Industrial Hardware,Size,,,Material,,,,,,,,,,,,,,,,,,,,,,,,,,,,,,,,,,,,,,,,,,,,,,,,,,,,,,,,,,,,,,,,,,,,,,,,,,,,,,,,,,,,,,,,,,,,,,,,,,,,,,,,,,,,,,,,,,,,,,,,,,,,,,,,,,,,,,,,,,,,,,,,,,,,,,,,,,,,,,,,,,,,,,,,,,,,,,,,,,,,,,,,,,,,,,,,,
,,,,,,,Hardware,General Hardware,Hardware Accessories,,DPH32B,"DPH32B 2"" #3 Phillips Drive - Bit",,,Diablo,Freud Inc (2435),"Freud America, Inc.",Diablo®,,DPH32B,,Industrial & Commercial Supplies>Hardware>General Hardware,"Freud America, Inc., Diablo, Industrial Hardware, DPH32B",INDUSTRIAL HARDWARE DPH32B,"Diablo®, DPH32B, Industrial Hardware",Diablo® Industrial Hardware Model DPH32B. ,Industrial Hardware,,,,,,,,,,,,,,,,,,,,,,,,,,,Industrial Hardware,Size,,,Material,,,,,,,,,,,,,,,,,,,,,,,,,,,,,,,,,,,,,,,,,,,,,,,,,,,,,,,,,,,,,,,,,,,,,,,,,,,,,,,,,,,,,,,,,,,,,,,,,,,,,,,,,,,,,,,,,,,,,,,,,,,,,,,,,,,,,,,,,,,,,,,,,,,,,,,,,,,,,,,,,,,,,,,,,,,,,,,,,,,,,,,,,,,,,,,,,
,,,,,,,Hardware,General Hardware,Hardware Accessories,,DPH335B,"DPH335B 3-1/2"" #3 Phillips - Drive Bit",,,Diablo,Freud Inc (2435),"Freud America, Inc.",Diablo®,,DPH335B,,Industrial & Commercial Supplies>Hardware>General Hardware,"Freud America, Inc., Diablo, Industrial Hardware, DPH335B",INDUSTRIAL HARDWARE DPH335B,"Diablo®, DPH335B, Industrial Hardware",Diablo® Industrial Hardware Model DPH335B. ,Industrial Hardware,,,,,,,,,,,,,,,,,,,,,,,,,,,Industrial Hardware,Size,,,Material,,,,,,,,,,,,,,,,,,,,,,,,,,,,,,,,,,,,,,,,,,,,,,,,,,,,,,,,,,,,,,,,,,,,,,,,,,,,,,,,,,,,,,,,,,,,,,,,,,,,,,,,,,,,,,,,,,,,,,,,,,,,,,,,,,,,,,,,,,,,,,,,,,,,,,,,,,,,,,,,,,,,,,,,,,,,,,,,,,,,,,,,,,,,,,,,,
,,,,,,,Hardware,General Hardware,Hardware Accessories,,DSQ12B,"DSQ12B 2"" #1 Square Drive Bit",,,Diablo,Freud Inc (2435),"Freud America, Inc.",Diablo®,,DSQ12B,,Industrial & Commercial Supplies>Hardware>General Hardware,"Freud America, Inc., Diablo, Industrial Hardware, DSQ12B",INDUSTRIAL HARDWARE DSQ12B,"Diablo®, DSQ12B, Industrial Hardware",Diablo® Industrial Hardware Model DSQ12B. ,Industrial Hardware,,,,,,,,,,,,,,,,,,,,,,,,,,,Industrial Hardware,Size,,,Material,,,,,,,,,,,,,,,,,,,,,,,,,,,,,,,,,,,,,,,,,,,,,,,,,,,,,,,,,,,,,,,,,,,,,,,,,,,,,,,,,,,,,,,,,,,,,,,,,,,,,,,,,,,,,,,,,,,,,,,,,,,,,,,,,,,,,,,,,,,,,,,,,,,,,,,,,,,,,,,,,,,,,,,,,,,,,,,,,,,,,,,,,,,,,,,,,
,,,,,,,Hardware,General Hardware,Hardware Accessories,,DSQ22B,"DSQ22B 2"" #2 Square Drive Bit",,,Diablo,Freud Inc (2435),"Freud America, Inc.",Diablo®,,DSQ22B,,Industrial & Commercial Supplies>Hardware>General Hardware,"Freud America, Inc., Diablo, Industrial Hardware, DSQ22B",INDUSTRIAL HARDWARE DSQ22B,"Diablo®, DSQ22B, Industrial Hardware",Diablo® Industrial Hardware Model DSQ22B. ,Industrial Hardware,,,,,,,,,,,,,,,,,,,,,,,,,,,Industrial Hardware,Size,,,Material,,,,,,,,,,,,,,,,,,,,,,,,,,,,,,,,,,,,,,,,,,,,,,,,,,,,,,,,,,,,,,,,,,,,,,,,,,,,,,,,,,,,,,,,,,,,,,,,,,,,,,,,,,,,,,,,,,,,,,,,,,,,,,,,,,,,,,,,,,,,,,,,,,,,,,,,,,,,,,,,,,,,,,,,,,,,,,,,,,,,,,,,,,,,,,,,,
,,,,,,,Hardware,General Hardware,Hardware Accessories,,DSQ26B,"DSQ26B 6"" #2 Square Drive Bit",,,Diablo,Freud Inc (2435),"Freud America, Inc.",Diablo®,,DSQ26B,,Industrial & Commercial Supplies>Hardware>General Hardware,"Freud America, Inc., Diablo, Industrial Hardware, DSQ26B",INDUSTRIAL HARDWARE DSQ26B,"Diablo®, DSQ26B, Industrial Hardware",Diablo® Industrial Hardware Model DSQ26B. ,Industrial Hardware,,,,,,,,,,,,,,,,,,,,,,,,,,,Industrial Hardware,Size,,,Material,,,,,,,,,,,,,,,,,,,,,,,,,,,,,,,,,,,,,,,,,,,,,,,,,,,,,,,,,,,,,,,,,,,,,,,,,,,,,,,,,,,,,,,,,,,,,,,,,,,,,,,,,,,,,,,,,,,,,,,,,,,,,,,,,,,,,,,,,,,,,,,,,,,,,,,,,,,,,,,,,,,,,,,,,,,,,,,,,,,,,,,,,,,,,,,,,
,,,,,,,Hardware,General Hardware,Hardware Accessories,,DSQ32B,"DSQ32B 2"" #3 Square Drive Bit",,,Diablo,Freud Inc (2435),"Freud America, Inc.",Diablo®,,DSQ32B,,Industrial & Commercial Supplies>Hardware>General Hardware,"Freud America, Inc., Diablo, Industrial Hardware, DSQ32B",INDUSTRIAL HARDWARE DSQ32B,"Diablo®, DSQ32B, Industrial Hardware",Diablo® Industrial Hardware Model DSQ32B. ,Industrial Hardware,,,,,,,,,,,,,,,,,,,,,,,,,,,Industrial Hardware,Size,,,Material,,,,,,,,,,,,,,,,,,,,,,,,,,,,,,,,,,,,,,,,,,,,,,,,,,,,,,,,,,,,,,,,,,,,,,,,,,,,,,,,,,,,,,,,,,,,,,,,,,,,,,,,,,,,,,,,,,,,,,,,,,,,,,,,,,,,,,,,,,,,,,,,,,,,,,,,,,,,,,,,,,,,,,,,,,,,,,,,,,,,,,,,,,,,,,,,,
,,,,,,,Hardware,General Hardware,Hardware Accessories,,DT102B,"DT102B 2"" #10 Torx Drive Bit",,,Diablo,Freud Inc (2435),"Freud America, Inc.",Diablo®,,DT102B,,Industrial & Commercial Supplies>Hardware>General Hardware,"Freud America, Inc., Diablo, Industrial Hardware, DT102B",INDUSTRIAL HARDWARE DT102B,"Diablo®, DT102B, Industrial Hardware",Diablo® Industrial Hardware Model DT102B. ,Industrial Hardware,,,,,,,,,,,,,,,,,,,,,,,,,,,Industrial Hardware,Size,,,Material,,,,,,,,,,,,,,,,,,,,,,,,,,,,,,,,,,,,,,,,,,,,,,,,,,,,,,,,,,,,,,,,,,,,,,,,,,,,,,,,,,,,,,,,,,,,,,,,,,,,,,,,,,,,,,,,,,,,,,,,,,,,,,,,,,,,,,,,,,,,,,,,,,,,,,,,,,,,,,,,,,,,,,,,,,,,,,,,,,,,,,,,,,,,,,,,,
,,,,,,,Hardware,General Hardware,Hardware Accessories,,DT152B,"DT152B 2"" #15 Torx Drive Bit",,,Diablo,Freud Inc (2435),"Freud America, Inc.",Diablo®,,DT152B,,Industrial & Commercial Supplies>Hardware>General Hardware,"Freud America, Inc., Diablo, Industrial Hardware, DT152B",INDUSTRIAL HARDWARE DT152B,"Diablo®, DT152B, Industrial Hardware",Diablo® Industrial Hardware Model DT152B. ,Industrial Hardware,,,,,,,,,,,,,,,,,,,,,,,,,,,Industrial Hardware,Size,,,Material,,,,,,,,,,,,,,,,,,,,,,,,,,,,,,,,,,,,,,,,,,,,,,,,,,,,,,,,,,,,,,,,,,,,,,,,,,,,,,,,,,,,,,,,,,,,,,,,,,,,,,,,,,,,,,,,,,,,,,,,,,,,,,,,,,,,,,,,,,,,,,,,,,,,,,,,,,,,,,,,,,,,,,,,,,,,,,,,,,,,,,,,,,,,,,,,,
,,,,,,,Hardware,General Hardware,Hardware Accessories,,DT1535B,"DT1535B 3-1/2"" #15 Torx Drive - Bit",,,Diablo,Freud Inc (2435),"Freud America, Inc.",Diablo®,,DT1535B,,Industrial & Commercial Supplies>Hardware>General Hardware,"Freud America, Inc., Diablo, Industrial Hardware, DT1535B",INDUSTRIAL HARDWARE DT1535B,"Diablo®, DT1535B, Industrial Hardware",Diablo® Industrial Hardware Model DT1535B. ,Industrial Hardware,,,,,,,,,,,,,,,,,,,,,,,,,,,Industrial Hardware,Size,,,Material,,,,,,,,,,,,,,,,,,,,,,,,,,,,,,,,,,,,,,,,,,,,,,,,,,,,,,,,,,,,,,,,,,,,,,,,,,,,,,,,,,,,,,,,,,,,,,,,,,,,,,,,,,,,,,,,,,,,,,,,,,,,,,,,,,,,,,,,,,,,,,,,,,,,,,,,,,,,,,,,,,,,,,,,,,,,,,,,,,,,,,,,,,,,,,,,,
,,,,,,,Hardware,General Hardware,Hardware Accessories,,DT202B,"DT202B 2"" #20 Torx Drive Bit",,,Diablo,Freud Inc (2435),"Freud America, Inc.",Diablo®,,DT202B,,Industrial & Commercial Supplies>Hardware>General Hardware,"Freud America, Inc., Diablo, Industrial Hardware, DT202B",INDUSTRIAL HARDWARE DT202B,"Diablo®, DT202B, Industrial Hardware",Diablo® Industrial Hardware Model DT202B. ,Industrial Hardware,,,,,,,,,,,,,,,,,,,,,,,,,,,Industrial Hardware,Size,,,Material,,,,,,,,,,,,,,,,,,,,,,,,,,,,,,,,,,,,,,,,,,,,,,,,,,,,,,,,,,,,,,,,,,,,,,,,,,,,,,,,,,,,,,,,,,,,,,,,,,,,,,,,,,,,,,,,,,,,,,,,,,,,,,,,,,,,,,,,,,,,,,,,,,,,,,,,,,,,,,,,,,,,,,,,,,,,,,,,,,,,,,,,,,,,,,,,,
,,,,,,,Hardware,General Hardware,Hardware Accessories,,DT2035B,"DT2035B 3-1/2"" #20 Torx Drive - Bit",,,Diablo,Freud Inc (2435),"Freud America, Inc.",Diablo®,,DT2035B,,Industrial & Commercial Supplies>Hardware>General Hardware,"Freud America, Inc., Diablo, Industrial Hardware, DT2035B",INDUSTRIAL HARDWARE DT2035B,"Diablo®, DT2035B, Industrial Hardware",Diablo® Industrial Hardware Model DT2035B. ,Industrial Hardware,,,,,,,,,,,,,,,,,,,,,,,,,,,Industrial Hardware,Size,,,Material,,,,,,,,,,,,,,,,,,,,,,,,,,,,,,,,,,,,,,,,,,,,,,,,,,,,,,,,,,,,,,,,,,,,,,,,,,,,,,,,,,,,,,,,,,,,,,,,,,,,,,,,,,,,,,,,,,,,,,,,,,,,,,,,,,,,,,,,,,,,,,,,,,,,,,,,,,,,,,,,,,,,,,,,,,,,,,,,,,,,,,,,,,,,,,,,,
,,,,,,,Hardware,General Hardware,Hardware Accessories,,DT206B,"DT206B 6"" #20 Torx Drive Bit",,,Diablo,Freud Inc (2435),"Freud America, Inc.",Diablo®,,DT206B,,Industrial & Commercial Supplies>Hardware>General Hardware,"Freud America, Inc., Diablo, Industrial Hardware, DT206B",INDUSTRIAL HARDWARE DT206B,"Diablo®, DT206B, Industrial Hardware",Diablo® Industrial Hardware Model DT206B. ,Industrial Hardware,,,,,,,,,,,,,,,,,,,,,,,,,,,Industrial Hardware,Size,,,Material,,,,,,,,,,,,,,,,,,,,,,,,,,,,,,,,,,,,,,,,,,,,,,,,,,,,,,,,,,,,,,,,,,,,,,,,,,,,,,,,,,,,,,,,,,,,,,,,,,,,,,,,,,,,,,,,,,,,,,,,,,,,,,,,,,,,,,,,,,,,,,,,,,,,,,,,,,,,,,,,,,,,,,,,,,,,,,,,,,,,,,,,,,,,,,,,,
,,,,,,,Hardware,General Hardware,Hardware Accessories,,DT252B,"DT252B 2"" #25 Trox Drive Bit",,,Diablo,Freud Inc (2435),"Freud America, Inc.",Diablo®,,DT252B,,Industrial & Commercial Supplies>Hardware>General Hardware,"Freud America, Inc., Diablo, Industrial Hardware, DT252B",INDUSTRIAL HARDWARE DT252B,"Diablo®, DT252B, Industrial Hardware",Diablo® Industrial Hardware Model DT252B. ,Industrial Hardware,,,,,,,,,,,,,,,,,,,,,,,,,,,Industrial Hardware,Size,,,Material,,,,,,,,,,,,,,,,,,,,,,,,,,,,,,,,,,,,,,,,,,,,,,,,,,,,,,,,,,,,,,,,,,,,,,,,,,,,,,,,,,,,,,,,,,,,,,,,,,,,,,,,,,,,,,,,,,,,,,,,,,,,,,,,,,,,,,,,,,,,,,,,,,,,,,,,,,,,,,,,,,,,,,,,,,,,,,,,,,,,,,,,,,,,,,,,,
,,,,,,,Hardware,General Hardware,Hardware Accessories,,DT2535B,"DT2535B 3-1/4"" #25 Torx Drive - Bit",,,Diablo,Freud Inc (2435),"Freud America, Inc.",Diablo®,,DT2535B,,Industrial & Commercial Supplies>Hardware>General Hardware,"Freud America, Inc., Diablo, Industrial Hardware, DT2535B",INDUSTRIAL HARDWARE DT2535B,"Diablo®, DT2535B, Industrial Hardware",Diablo® Industrial Hardware Model DT2535B. ,Industrial Hardware,,,,,,,,,,,,,,,,,,,,,,,,,,,Industrial Hardware,Size,,,Material,,,,,,,,,,,,,,,,,,,,,,,,,,,,,,,,,,,,,,,,,,,,,,,,,,,,,,,,,,,,,,,,,,,,,,,,,,,,,,,,,,,,,,,,,,,,,,,,,,,,,,,,,,,,,,,,,,,,,,,,,,,,,,,,,,,,,,,,,,,,,,,,,,,,,,,,,,,,,,,,,,,,,,,,,,,,,,,,,,,,,,,,,,,,,,,,,
,,,,,,,Hardware,General Hardware,Hardware Accessories,,DT256B,"DT256B 6"" #25 Torx Drive Bit",,,Diablo,Freud Inc (2435),"Freud America, Inc.",Diablo®,,DT256B,,Industrial & Commercial Supplies>Hardware>General Hardware,"Freud America, Inc., Diablo, Industrial Hardware, DT256B",INDUSTRIAL HARDWARE DT256B,"Diablo®, DT256B, Industrial Hardware",Diablo® Industrial Hardware Model DT256B. ,Industrial Hardware,,,,,,,,,,,,,,,,,,,,,,,,,,,Industrial Hardware,Size,,,Material,,,,,,,,,,,,,,,,,,,,,,,,,,,,,,,,,,,,,,,,,,,,,,,,,,,,,,,,,,,,,,,,,,,,,,,,,,,,,,,,,,,,,,,,,,,,,,,,,,,,,,,,,,,,,,,,,,,,,,,,,,,,,,,,,,,,,,,,,,,,,,,,,,,,,,,,,,,,,,,,,,,,,,,,,,,,,,,,,,,,,,,,,,,,,,,,,
,,,,,,,Hardware,General Hardware,Hardware Accessories,,DT302B,"DT302B 2"" #30 Torx Drive Bit",,,Diablo,Freud Inc (2435),"Freud America, Inc.",Diablo®,,DT302B,,Industrial & Commercial Supplies>Hardware>General Hardware,"Freud America, Inc., Diablo, Industrial Hardware, DT302B",INDUSTRIAL HARDWARE DT302B,"Diablo®, DT302B, Industrial Hardware",Diablo® Industrial Hardware Model DT302B. ,Industrial Hardware,,,,,,,,,,,,,,,,,,,,,,,,,,,Industrial Hardware,Size,,,Material,,,,,,,,,,,,,,,,,,,,,,,,,,,,,,,,,,,,,,,,,,,,,,,,,,,,,,,,,,,,,,,,,,,,,,,,,,,,,,,,,,,,,,,,,,,,,,,,,,,,,,,,,,,,,,,,,,,,,,,,,,,,,,,,,,,,,,,,,,,,,,,,,,,,,,,,,,,,,,,,,,,,,,,,,,,,,,,,,,,,,,,,,,,,,,,,,
,,,,,,,Hardware,General Hardware,Hardware Accessories,,DT402B,"DT402B 2"" #40 Torx Drive Bit",,,Diablo,Freud Inc (2435),"Freud America, Inc.",Diablo®,,DT402B,,Industrial & Commercial Supplies>Hardware>General Hardware,"Freud America, Inc., Diablo, Industrial Hardware, DT402B",INDUSTRIAL HARDWARE DT402B,"Diablo®, DT402B, Industrial Hardware",Diablo® Industrial Hardware Model DT402B. ,Industrial Hardware,,,,,,,,,,,,,,,,,,,,,,,,,,,Industrial Hardware,Size,,,Material,,,,,,,,,,,,,,,,,,,,,,,,,,,,,,,,,,,,,,,,,,,,,,,,,,,,,,,,,,,,,,,,,,,,,,,,,,,,,,,,,,,,,,,,,,,,,,,,,,,,,,,,,,,,,,,,,,,,,,,,,,,,,,,,,,,,,,,,,,,,,,,,,,,,,,,,,,,,,,,,,,,,,,,,,,,,,,,,,,,,,,,,,,,,,,,,,
,,,,,,,Hardware,General Hardware,Hardware Accessories,,DDWSSB,DDWSSB #2 Drywall Screw Setter,,,Diablo,Freud Inc (2435),"Freud America, Inc.",Diablo®,,DDWSSB,,Industrial & Commercial Supplies>Hardware>General Hardware,"Freud America, Inc., Diablo, Industrial Hardware, DDWSSB",INDUSTRIAL HARDWARE DDWSSB,"Diablo®, DDWSSB, Industrial Hardware",Diablo® Industrial Hardware Model DDWSSB. ,Industrial Hardware,,,,,,,,,,,,,,,,,,,,,,,,,,,Industrial Hardware,Size,,,Material,,,,,,,,,,,,,,,,,,,,,,,,,,,,,,,,,,,,,,,,,,,,,,,,,,,,,,,,,,,,,,,,,,,,,,,,,,,,,,,,,,,,,,,,,,,,,,,,,,,,,,,,,,,,,,,,,,,,,,,,,,,,,,,,,,,,,,,,,,,,,,,,,,,,,,,,,,,,,,,,,,,,,,,,,,,,,,,,,,,,,,,,,,,,,,,,,
,,,,,,,Hardware,General Hardware,Hardware Accessories,,191V02-0,191V02-0 Makita #2 Phillips Bit 5pk,,,,Makita Usa Inc (5142),Makita Usa Inc,Makita Usa Inc,,191V02-0,,Industrial & Commercial Supplies>Hardware>General Hardware,"Makita Usa Inc, Industrial Hardware, 191V02-0",INDUSTRIAL HARDWARE 191V02-0,"Makita Usa Inc, 191V02-0, Industrial Hardware",Makita Usa Inc Industrial Hardware Model 191V02-0. ,Industrial Hardware,,,,,,,,,,,,,,,,,,,,,,,,,,,Industrial Hardware,Size,,,Material,,,,,,,,,,,,,,,,,,,,,,,,,,,,,,,,,,,,,,,,,,,,,,,,,,,,,,,,,,,,,,,,,,,,,,,,,,,,,,,,,,,,,,,,,,,,,,,,,,,,,,,,,,,,,,,,,,,,,,,,,,,,,,,,,,,,,,,,,,,,,,,,,,,,,,,,,,,,,,,,,,,,,,,,,,,,,,,,,,,,,,,,,,,,,,,,,
,,,,,,,Hardware,General Hardware,Hardware Accessories,,XTS02Z,"XTS02Z Makita 18V 1/4"" Narrow Crown Stapler 18GA",,,,Makita Usa Inc (5142),Makita Usa Inc,Makita Usa Inc,,XTS02Z,,Industrial & Commercial Supplies>Hardware>General Hardware,"Makita Usa Inc, Industrial Hardware, XTS02Z",INDUSTRIAL HARDWARE XTS02Z,"Makita Usa Inc, XTS02Z, Industrial Hardware",Makita Usa Inc Industrial Hardware Model XTS02Z. ,Industrial Hardware,,,,,,,,,,,,,,,,,,,,,,,,,,,Industrial Hardware,Size,,,Material,,,,,,,,,,,,,,,,,,,,,,,,,,,,,,,,,,,,,,,,,,,,,,,,,,,,,,,,,,,,,,,,,,,,,,,,,,,,,,,,,,,,,,,,,,,,,,,,,,,,,,,,,,,,,,,,,,,,,,,,,,,,,,,,,,,,,,,,,,,,,,,,,,,,,,,,,,,,,,,,,,,,,,,,,,,,,,,,,,,,,,,,,,,,,,,,,
,,,,,,,Hardware,General Hardware,Hardware Accessories,,DCF809D1,"DCF809D1 Dewalt Atomic 20V 1/4"" Impact Driver Kit",,,DEWALT,Black & Decker/dewlt (2585),Black & Decker/dewlt,Black & Decker/dewlt,,DCF809D1,,Industrial & Commercial Supplies>Hardware>General Hardware,"Black & Decker/dewlt, Industrial Hardware, DCF809D1",INDUSTRIAL HARDWARE DCF809D1,"Black & Decker/dewlt, DCF809D1, Industrial Hardware",Black & Decker/dewlt Industrial Hardware Model DCF809D1. ,Industrial Hardware,,,,,,,,,,,,,,,,,,,,,,,,,,,Industrial Hardware,Size,,,Material,,,,,,,,,,,,,,,,,,,,,,,,,,,,,,,,,,,,,,,,,,,,,,,,,,,,,,,,,,,,,,,,,,,,,,,,,,,,,,,,,,,,,,,,,,,,,,,,,,,,,,,,,,,,,,,,,,,,,,,,,,,,,,,,,,,,,,,,,,,,,,,,,,,,,,,,,,,,,,,,,,,,,,,,,,,,,,,,,,,,,,,,,,,,,,,,,
,,,,,,,Hardware,General Hardware,Hardware Accessories,,2761-20,"2761-20 Milw M18 1/4"" Hex Hydraulic Driver",,,,Milwaukee Accessory (4031),Milwaukee Tool,Milwaukee®,,2761-20,,Industrial & Commercial Supplies>Hardware>General Hardware,"Milwaukee Tool, Milwaukee, Industrial Hardware, 2761-20",INDUSTRIAL HARDWARE 2761-20,"Milwaukee®, 2761-20, Industrial Hardware",Milwaukee® Industrial Hardware Model 2761-20. ,Industrial Hardware,,,,,,,,,,,,,,,,,,,,,,,,,,,Industrial Hardware,Size,,,Material,,,,,,,,,,,,,,,,,,,,,,,,,,,,,,,,,,,,,,,,,,,,,,,,,,,,,,,,,,,,,,,,,,,,,,,,,,,,,,,,,,,,,,,,,,,,,,,,,,,,,,,,,,,,,,,,,,,,,,,,,,,,,,,,,,,,,,,,,,,,,,,,,,,,,,,,,,,,,,,,,,,,,,,,,,,,,,,,,,,,,,,,,,,,,,,,,
,,,,,,,Hardware,General Hardware,Hardware Accessories,,2761-22,2761-22 Milw M18 Surge Kit,,,,Milwaukee Accessory (4031),Milwaukee Tool,Milwaukee®,,2761-22,,Industrial & Commercial Supplies>Hardware>General Hardware,"Milwaukee Tool, Milwaukee, Industrial Hardware, 2761-22",INDUSTRIAL HARDWARE 2761-22,"Milwaukee®, 2761-22, Industrial Hardware",Milwaukee® Industrial Hardware Model 2761-22. ,Industrial Hardware,,,,,,,,,,,,,,,,,,,,,,,,,,,Industrial Hardware,Size,,,Material,,,,,,,,,,,,,,,,,,,,,,,,,,,,,,,,,,,,,,,,,,,,,,,,,,,,,,,,,,,,,,,,,,,,,,,,,,,,,,,,,,,,,,,,,,,,,,,,,,,,,,,,,,,,,,,,,,,,,,,,,,,,,,,,,,,,,,,,,,,,,,,,,,,,,,,,,,,,,,,,,,,,,,,,,,,,,,,,,,,,,,,,,,,,,,,,,
,,,,,,,Hardware,General Hardware,Hardware Accessories,,3450-20,3450-20 Milw M12 Impact Driver - Brushless Compact (Bare),,,,Milwaukee Accessory (4031),Milwaukee Tool,Milwaukee®,,3450-20,,Industrial & Commercial Supplies>Hardware>General Hardware,"Milwaukee Tool, Milwaukee, Industrial Hardware, 3450-20",INDUSTRIAL HARDWARE 3450-20,"Milwaukee®, 3450-20, Industrial Hardware",Milwaukee® Industrial Hardware Model 3450-20. ,Industrial Hardware,,,,,,,,,,,,,,,,,,,,,,,,,,,Industrial Hardware,Size,,,Material,,,,,,,,,,,,,,,,,,,,,,,,,,,,,,,,,,,,,,,,,,,,,,,,,,,,,,,,,,,,,,,,,,,,,,,,,,,,,,,,,,,,,,,,,,,,,,,,,,,,,,,,,,,,,,,,,,,,,,,,,,,,,,,,,,,,,,,,,,,,,,,,,,,,,,,,,,,,,,,,,,,,,,,,,,,,,,,,,,,,,,,,,,,,,,,,,
,,,,,,,Hardware,General Hardware,Hardware Accessories,,KPTDV025A,KPTDV025A Kreg 20V Ionic Compact Impact Driver,,,,Kreg Tool Company (KRETO),Kreg Tool Company,Kreg Tool Company,,KPTDV025A,,Industrial & Commercial Supplies>Hardware>General Hardware,"Kreg Tool Company, Industrial Hardware, KPTDV025A",INDUSTRIAL HARDWARE KPTDV025A,"Kreg Tool Company, KPTDV025A, Industrial Hardware",Kreg Tool Company Industrial Hardware Model KPTDV025A. ,Industrial Hardware,,,,,,,,,,,,,,,,,,,,,,,,,,,Industrial Hardware,Size,,,Material,,,,,,,,,,,,,,,,,,,,,,,,,,,,,,,,,,,,,,,,,,,,,,,,,,,,,,,,,,,,,,,,,,,,,,,,,,,,,,,,,,,,,,,,,,,,,,,,,,,,,,,,,,,,,,,,,,,,,,,,,,,,,,,,,,,,,,,,,,,,,,,,,,,,,,,,,,,,,,,,,,,,,,,,,,,,,,,,,,,,,,,,,,,,,,,,,
,,,,,,,Hardware,General Hardware,Hardware Accessories,,3048-20,"3048-20 Milw M12 1/4"" Impact Wrench w/Friction Ring",,,,Milwaukee Accessory (4031),Milwaukee Tool,Milwaukee®,,3048-20,,Industrial & Commercial Supplies>Hardware>General Hardware,"Milwaukee Tool, Milwaukee, Industrial Hardware, 3048-20",INDUSTRIAL HARDWARE 3048-20,"Milwaukee®, 3048-20, Industrial Hardware",Milwaukee® Industrial Hardware Model 3048-20. ,Industrial Hardware,,,,,,,,,,,,,,,,,,,,,,,,,,,Industrial Hardware,Size,,,Material,,,,,,,,,,,,,,,,,,,,,,,,,,,,,,,,,,,,,,,,,,,,,,,,,,,,,,,,,,,,,,,,,,,,,,,,,,,,,,,,,,,,,,,,,,,,,,,,,,,,,,,,,,,,,,,,,,,,,,,,,,,,,,,,,,,,,,,,,,,,,,,,,,,,,,,,,,,,,,,,,,,,,,,,,,,,,,,,,,,,,,,,,,,,,,,,,
,,,,,,,Hardware,General Hardware,Hardware Accessories,,3049-20,"3049-20 Milw M12 3/8"" Impact Wrench w/Friction Ring",,,,Milwaukee Accessory (4031),Milwaukee Tool,Milwaukee®,,3049-20,,Industrial & Commercial Supplies>Hardware>General Hardware,"Milwaukee Tool, Milwaukee, Industrial Hardware, 3049-20",INDUSTRIAL HARDWARE 3049-20,"Milwaukee®, 3049-20, Industrial Hardware",Milwaukee® Industrial Hardware Model 3049-20. ,Industrial Hardware,,,,,,,,,,,,,,,,,,,,,,,,,,,Industrial Hardware,Size,,,Material,,,,,,,,,,,,,,,,,,,,,,,,,,,,,,,,,,,,,,,,,,,,,,,,,,,,,,,,,,,,,,,,,,,,,,,,,,,,,,,,,,,,,,,,,,,,,,,,,,,,,,,,,,,,,,,,,,,,,,,,,,,,,,,,,,,,,,,,,,,,,,,,,,,,,,,,,,,,,,,,,,,,,,,,,,,,,,,,,,,,,,,,,,,,,,,,,
,,,,,,,Hardware,General Hardware,Hardware Accessories,,2563-20,"2563-20 Milw M12 Stubby 1/2"" Impact Wrench",,,,Milwaukee Accessory (4031),Milwaukee Tool,Milwaukee®,,2563-20,,Industrial & Commercial Supplies>Hardware>General Hardware,"Milwaukee Tool, Milwaukee, Industrial Hardware, 2563-20",INDUSTRIAL HARDWARE 2563-20,"Milwaukee®, 2563-20, Industrial Hardware",Milwaukee® Industrial Hardware Model 2563-20. ,Industrial Hardware,,,,,,,,,,,,,,,,,,,,,,,,,,,Industrial Hardware,Size,,,Material,,,,,,,,,,,,,,,,,,,,,,,,,,,,,,,,,,,,,,,,,,,,,,,,,,,,,,,,,,,,,,,,,,,,,,,,,,,,,,,,,,,,,,,,,,,,,,,,,,,,,,,,,,,,,,,,,,,,,,,,,,,,,,,,,,,,,,,,,,,,,,,,,,,,,,,,,,,,,,,,,,,,,,,,,,,,,,,,,,,,,,,,,,,,,,,,,
,,,,,,,Hardware,General Hardware,Hardware Accessories,,DCF961B,"Dewalt DCF961B 20V 1/2"" Impact - Bare Tool",,,DEWALT,Black & Decker/dewlt (2585),Black & Decker/dewlt,Black & Decker/dewlt,,DCF961B,,Industrial & Commercial Supplies>Hardware>General Hardware,"Black & Decker/dewlt, Industrial Hardware, DCF961B",INDUSTRIAL HARDWARE DCF961B,"Black & Decker/dewlt, DCF961B, Industrial Hardware",Black & Decker/dewlt Industrial Hardware Model DCF961B. ,Industrial Hardware,,,,,,,,,,,,,,,,,,,,,,,,,,,Industrial Hardware,Size,,,Material,,,,,,,,,,,,,,,,,,,,,,,,,,,,,,,,,,,,,,,,,,,,,,,,,,,,,,,,,,,,,,,,,,,,,,,,,,,,,,,,,,,,,,,,,,,,,,,,,,,,,,,,,,,,,,,,,,,,,,,,,,,,,,,,,,,,,,,,,,,,,,,,,,,,,,,,,,,,,,,,,,,,,,,,,,,,,,,,,,,,,,,,,,,,,,,,,
,,,,,,,Hardware,General Hardware,Hardware Accessories,,DCF964B,"DCF964B Dewalt 20V 3/4"" Impact - Wrench (Bare)",,,DEWALT,Black & Decker/dewlt (2585),Black & Decker/dewlt,Black & Decker/dewlt,,DCF964B,,Industrial & Commercial Supplies>Hardware>General Hardware,"Black & Decker/dewlt, Industrial Hardware, DCF964B",INDUSTRIAL HARDWARE DCF964B,"Black & Decker/dewlt, DCF964B, Industrial Hardware",Black & Decker/dewlt Industrial Hardware Model DCF964B. ,Industrial Hardware,,,,,,,,,,,,,,,,,,,,,,,,,,,Industrial Hardware,Size,,,Material,,,,,,,,,,,,,,,,,,,,,,,,,,,,,,,,,,,,,,,,,,,,,,,,,,,,,,,,,,,,,,,,,,,,,,,,,,,,,,,,,,,,,,,,,,,,,,,,,,,,,,,,,,,,,,,,,,,,,,,,,,,,,,,,,,,,,,,,,,,,,,,,,,,,,,,,,,,,,,,,,,,,,,,,,,,,,,,,,,,,,,,,,,,,,,,,,
,,,,,,,Hardware,General Hardware,Hardware Accessories,,2563P-20,"2563P-20 Milw M12 1/2"" Stubby - Impact Wrench w/Pin Detent",,,,Milwaukee Accessory (4031),Milwaukee Tool,Milwaukee®,,2563P-20,,Industrial & Commercial Supplies>Hardware>General Hardware,"Milwaukee Tool, Milwaukee, Industrial Hardware, 2563P-20",INDUSTRIAL HARDWARE 2563P-20,"Milwaukee®, 2563P-20, Industrial Hardware",Milwaukee® Industrial Hardware Model 2563P-20. ,Industrial Hardware,,,,,,,,,,,,,,,,,,,,,,,,,,,Industrial Hardware,Size,,,Material,,,,,,,,,,,,,,,,,,,,,,,,,,,,,,,,,,,,,,,,,,,,,,,,,,,,,,,,,,,,,,,,,,,,,,,,,,,,,,,,,,,,,,,,,,,,,,,,,,,,,,,,,,,,,,,,,,,,,,,,,,,,,,,,,,,,,,,,,,,,,,,,,,,,,,,,,,,,,,,,,,,,,,,,,,,,,,,,,,,,,,,,,,,,,,,,,
,,,,,,,Hardware,General Hardware,Hardware Accessories,,DCF921P2,DCF921P2 Dewalt 20V 1/2 Impact,,,,Black & Decker/dewlt (2585),Black & Decker/dewlt,Black & Decker/dewlt,,DCF921P2,,Industrial & Commercial Supplies>Hardware>General Hardware,"Black & Decker/dewlt, Industrial Hardware, DCF921P2",INDUSTRIAL HARDWARE DCF921P2,"Black & Decker/dewlt, DCF921P2, Industrial Hardware",Black & Decker/dewlt Industrial Hardware Model DCF921P2. ,Industrial Hardware,,,,,,,,,,,,,,,,,,,,,,,,,,,Industrial Hardware,Size,,,Material,,,,,,,,,,,,,,,,,,,,,,,,,,,,,,,,,,,,,,,,,,,,,,,,,,,,,,,,,,,,,,,,,,,,,,,,,,,,,,,,,,,,,,,,,,,,,,,,,,,,,,,,,,,,,,,,,,,,,,,,,,,,,,,,,,,,,,,,,,,,,,,,,,,,,,,,,,,,,,,,,,,,,,,,,,,,,,,,,,,,,,,,,,,,,,,,,
,,,,,,,Hardware,General Hardware,Hardware Accessories,,XLT03Z,"XLT03Z Makita 3/8"" 18V Angle Impact",,,,Makita Usa Inc (5142),Makita Usa Inc,Makita Usa Inc,,XLT03Z,,Industrial & Commercial Supplies>Hardware>General Hardware,"Makita Usa Inc, Industrial Hardware, XLT03Z",INDUSTRIAL HARDWARE XLT03Z,"Makita Usa Inc, XLT03Z, Industrial Hardware",Makita Usa Inc Industrial Hardware Model XLT03Z. ,Industrial Hardware,,,,,,,,,,,,,,,,,,,,,,,,,,,Industrial Hardware,Size,,,Material,,,,,,,,,,,,,,,,,,,,,,,,,,,,,,,,,,,,,,,,,,,,,,,,,,,,,,,,,,,,,,,,,,,,,,,,,,,,,,,,,,,,,,,,,,,,,,,,,,,,,,,,,,,,,,,,,,,,,,,,,,,,,,,,,,,,,,,,,,,,,,,,,,,,,,,,,,,,,,,,,,,,,,,,,,,,,,,,,,,,,,,,,,,,,,,,,
,,,,,,,Hardware,General Hardware,Hardware Accessories,,XLT04Z,"XLT04Z Makita 1/4"" 18V Angle Impact",,,,Makita Usa Inc (5142),Makita Usa Inc,Makita Usa Inc,,XLT04Z,,Industrial & Commercial Supplies>Hardware>General Hardware,"Makita Usa Inc, Industrial Hardware, XLT04Z",INDUSTRIAL HARDWARE XLT04Z,"Makita Usa Inc, XLT04Z, Industrial Hardware",Makita Usa Inc Industrial Hardware Model XLT04Z. ,Industrial Hardware,,,,,,,,,,,,,,,,,,,,,,,,,,,Industrial Hardware,Size,,,Material,,,,,,,,,,,,,,,,,,,,,,,,,,,,,,,,,,,,,,,,,,,,,,,,,,,,,,,,,,,,,,,,,,,,,,,,,,,,,,,,,,,,,,,,,,,,,,,,,,,,,,,,,,,,,,,,,,,,,,,,,,,,,,,,,,,,,,,,,,,,,,,,,,,,,,,,,,,,,,,,,,,,,,,,,,,,,,,,,,,,,,,,,,,,,,,,,
,,,,,,,Hardware,General Hardware,Hardware Accessories,,XLT05Z,"XLT05Z Makita 1/2"" 18V Angle Impact",,,,Makita Usa Inc (5142),Makita Usa Inc,Makita Usa Inc,,XLT05Z,,Industrial & Commercial Supplies>Hardware>General Hardware,"Makita Usa Inc, Industrial Hardware, XLT05Z",INDUSTRIAL HARDWARE XLT05Z,"Makita Usa Inc, XLT05Z, Industrial Hardware",Makita Usa Inc Industrial Hardware Model XLT05Z. ,Industrial Hardware,,,,,,,,,,,,,,,,,,,,,,,,,,,Industrial Hardware,Size,,,Material,,,,,,,,,,,,,,,,,,,,,,,,,,,,,,,,,,,,,,,,,,,,,,,,,,,,,,,,,,,,,,,,,,,,,,,,,,,,,,,,,,,,,,,,,,,,,,,,,,,,,,,,,,,,,,,,,,,,,,,,,,,,,,,,,,,,,,,,,,,,,,,,,,,,,,,,,,,,,,,,,,,,,,,,,,,,,,,,,,,,,,,,,,,,,,,,,
,,,,,,,Hardware,General Hardware,Hardware Accessories,,DCF510B,Dewalt DCF510B 20V Rachet - Interchangeable Anvil,,,DEWALT,Black & Decker/dewlt (2585),Black & Decker/dewlt,Black & Decker/dewlt,,DCF510B,,Industrial & Commercial Supplies>Hardware>General Hardware,"Black & Decker/dewlt, Industrial Hardware, DCF510B",INDUSTRIAL HARDWARE DCF510B,"Black & Decker/dewlt, DCF510B, Industrial Hardware",Black & Decker/dewlt Industrial Hardware Model DCF510B. ,Industrial Hardware,,,,,,,,,,,,,,,,,,,,,,,,,,,Industrial Hardware,Size,,,Material,,,,,,,,,,,,,,,,,,,,,,,,,,,,,,,,,,,,,,,,,,,,,,,,,,,,,,,,,,,,,,,,,,,,,,,,,,,,,,,,,,,,,,,,,,,,,,,,,,,,,,,,,,,,,,,,,,,,,,,,,,,,,,,,,,,,,,,,,,,,,,,,,,,,,,,,,,,,,,,,,,,,,,,,,,,,,,,,,,,,,,,,,,,,,,,,,
,,,,,,,Hardware,General Hardware,Hardware Accessories,,3052-20,"3052-20 Milw M12 Fuel 1/4"" Rachet",,,,Milwaukee Accessory (4031),Milwaukee Tool,Milwaukee®,,3052-20,,Industrial & Commercial Supplies>Hardware>General Hardware,"Milwaukee Tool, Milwaukee, Industrial Hardware, 3052-20",INDUSTRIAL HARDWARE 3052-20,"Milwaukee®, 3052-20, Industrial Hardware",Milwaukee® Industrial Hardware Model 3052-20. ,Industrial Hardware,,,,,,,,,,,,,,,,,,,,,,,,,,,Industrial Hardware,Size,,,Material,,,,,,,,,,,,,,,,,,,,,,,,,,,,,,,,,,,,,,,,,,,,,,,,,,,,,,,,,,,,,,,,,,,,,,,,,,,,,,,,,,,,,,,,,,,,,,,,,,,,,,,,,,,,,,,,,,,,,,,,,,,,,,,,,,,,,,,,,,,,,,,,,,,,,,,,,,,,,,,,,,,,,,,,,,,,,,,,,,,,,,,,,,,,,,,,,
,,,,,,,Hardware,General Hardware,Hardware Accessories,,3054-20,"3054-20 Milw M12 1/2"" Ratchet (Bare)",,,,Milwaukee Accessory (4031),Milwaukee Tool,Milwaukee®,,3054-20,,Industrial & Commercial Supplies>Hardware>General Hardware,"Milwaukee Tool, Milwaukee, Industrial Hardware, 3054-20",INDUSTRIAL HARDWARE 3054-20,"Milwaukee®, 3054-20, Industrial Hardware",Milwaukee® Industrial Hardware Model 3054-20. ,Industrial Hardware,,,,,,,,,,,,,,,,,,,,,,,,,,,Industrial Hardware,Size,,,Material,,,,,,,,,,,,,,,,,,,,,,,,,,,,,,,,,,,,,,,,,,,,,,,,,,,,,,,,,,,,,,,,,,,,,,,,,,,,,,,,,,,,,,,,,,,,,,,,,,,,,,,,,,,,,,,,,,,,,,,,,,,,,,,,,,,,,,,,,,,,,,,,,,,,,,,,,,,,,,,,,,,,,,,,,,,,,,,,,,,,,,,,,,,,,,,,,
,,,,,,,Hardware,General Hardware,Hardware Accessories,,DCF513EB,"DCF513EB Dewalt 3/8"" Open Head Rachet",,,,Black & Decker/dewlt (2585),Black & Decker/dewlt,Black & Decker/dewlt,,DCF513EB,,Industrial & Commercial Supplies>Hardware>General Hardware,"Black & Decker/dewlt, Industrial Hardware, DCF513EB",INDUSTRIAL HARDWARE DCF513EB,"Black & Decker/dewlt, DCF513EB, Industrial Hardware",Black & Decker/dewlt Industrial Hardware Model DCF513EB. ,Industrial Hardware,,,,,,,,,,,,,,,,,,,,,,,,,,,Industrial Hardware,Size,,,Material,,,,,,,,,,,,,,,,,,,,,,,,,,,,,,,,,,,,,,,,,,,,,,,,,,,,,,,,,,,,,,,,,,,,,,,,,,,,,,,,,,,,,,,,,,,,,,,,,,,,,,,,,,,,,,,,,,,,,,,,,,,,,,,,,,,,,,,,,,,,,,,,,,,,,,,,,,,,,,,,,,,,,,,,,,,,,,,,,,,,,,,,,,,,,,,,,
,,,,,,,Hardware,General Hardware,Hardware Accessories,,XVP01Z,"XVP01Z Makita 18V 3"" Polisher/ 2"" Sander",,,,Makita Usa Inc (5142),Makita Usa Inc,Makita Usa Inc,,XVP01Z,,Industrial & Commercial Supplies>Hardware>General Hardware,"Makita Usa Inc, Industrial Hardware, XVP01Z",INDUSTRIAL HARDWARE XVP01Z,"Makita Usa Inc, XVP01Z, Industrial Hardware",Makita Usa Inc Industrial Hardware Model XVP01Z. ,Industrial Hardware,,,,,,,,,,,,,,,,,,,,,,,,,,,Industrial Hardware,Size,,,Material,,,,,,,,,,,,,,,,,,,,,,,,,,,,,,,,,,,,,,,,,,,,,,,,,,,,,,,,,,,,,,,,,,,,,,,,,,,,,,,,,,,,,,,,,,,,,,,,,,,,,,,,,,,,,,,,,,,,,,,,,,,,,,,,,,,,,,,,,,,,,,,,,,,,,,,,,,,,,,,,,,,,,,,,,,,,,,,,,,,,,,,,,,,,,,,,,
,,,,,,,Hardware,General Hardware,Hardware Accessories,,DCM200B,DCM200B Dewalt 1/2in x 18in - Band File,,,DEWALT,Black & Decker/dewlt (2585),Black & Decker/dewlt,Black & Decker/dewlt,,DCM200B,,Industrial & Commercial Supplies>Hardware>General Hardware,"Black & Decker/dewlt, Industrial Hardware, DCM200B",INDUSTRIAL HARDWARE DCM200B,"Black & Decker/dewlt, DCM200B, Industrial Hardware",Black & Decker/dewlt Industrial Hardware Model DCM200B. ,Industrial Hardware,,,,,,,,,,,,,,,,,,,,,,,,,,,Industrial Hardware,Size,,,Material,,,,,,,,,,,,,,,,,,,,,,,,,,,,,,,,,,,,,,,,,,,,,,,,,,,,,,,,,,,,,,,,,,,,,,,,,,,,,,,,,,,,,,,,,,,,,,,,,,,,,,,,,,,,,,,,,,,,,,,,,,,,,,,,,,,,,,,,,,,,,,,,,,,,,,,,,,,,,,,,,,,,,,,,,,,,,,,,,,,,,,,,,,,,,,,,,
,,,,,,,Hardware,General Hardware,Hardware Accessories,,DCG410B,"DCG410B Dewalt 20V 4-1/2""-5"" - Angle Grinder (Bare)",,,DEWALT,Black & Decker/dewlt (2585),Black & Decker/dewlt,Black & Decker/dewlt,,DCG410B,,Industrial & Commercial Supplies>Hardware>General Hardware,"Black & Decker/dewlt, Industrial Hardware, DCG410B",INDUSTRIAL HARDWARE DCG410B,"Black & Decker/dewlt, DCG410B, Industrial Hardware",Black & Decker/dewlt Industrial Hardware Model DCG410B. ,Industrial Hardware,,,,,,,,,,,,,,,,,,,,,,,,,,,Industrial Hardware,Size,,,Material,,,,,,,,,,,,,,,,,,,,,,,,,,,,,,,,,,,,,,,,,,,,,,,,,,,,,,,,,,,,,,,,,,,,,,,,,,,,,,,,,,,,,,,,,,,,,,,,,,,,,,,,,,,,,,,,,,,,,,,,,,,,,,,,,,,,,,,,,,,,,,,,,,,,,,,,,,,,,,,,,,,,,,,,,,,,,,,,,,,,,,,,,,,,,,,,,
,,,,,,,Hardware,General Hardware,Hardware Accessories,,DCG460B,"DCG460B Dewalt 60V Grinder - 7-9""",,,DEWALT,Black & Decker/dewlt (2585),Black & Decker/dewlt,Black & Decker/dewlt,,DCG460B,,Industrial & Commercial Supplies>Hardware>General Hardware,"Black & Decker/dewlt, Industrial Hardware, DCG460B",INDUSTRIAL HARDWARE DCG460B,"Black & Decker/dewlt, DCG460B, Industrial Hardware",Black & Decker/dewlt Industrial Hardware Model DCG460B. ,Industrial Hardware,,,,,,,,,,,,,,,,,,,,,,,,,,,Industrial Hardware,Size,,,Material,,,,,,,,,,,,,,,,,,,,,,,,,,,,,,,,,,,,,,,,,,,,,,,,,,,,,,,,,,,,,,,,,,,,,,,,,,,,,,,,,,,,,,,,,,,,,,,,,,,,,,,,,,,,,,,,,,,,,,,,,,,,,,,,,,,,,,,,,,,,,,,,,,,,,,,,,,,,,,,,,,,,,,,,,,,,,,,,,,,,,,,,,,,,,,,,,
,,,,,,,Hardware,General Hardware,Hardware Accessories,,DCG402B,"DCG402B Dewalt 20V 4.5"" Angle Grinder (Bare)",,,,Black & Decker/dewlt (2585),Black & Decker/dewlt,Black & Decker/dewlt,,DCG402B,,Industrial & Commercial Supplies>Hardware>General Hardware,"Black & Decker/dewlt, Industrial Hardware, DCG402B",INDUSTRIAL HARDWARE DCG402B,"Black & Decker/dewlt, DCG402B, Industrial Hardware",Black & Decker/dewlt Industrial Hardware Model DCG402B. ,Industrial Hardware,,,,,,,,,,,,,,,,,,,,,,,,,,,Industrial Hardware,Size,,,Material,,,,,,,,,,,,,,,,,,,,,,,,,,,,,,,,,,,,,,,,,,,,,,,,,,,,,,,,,,,,,,,,,,,,,,,,,,,,,,,,,,,,,,,,,,,,,,,,,,,,,,,,,,,,,,,,,,,,,,,,,,,,,,,,,,,,,,,,,,,,,,,,,,,,,,,,,,,,,,,,,,,,,,,,,,,,,,,,,,,,,,,,,,,,,,,,,
,,,,,,,Hardware,General Hardware,Hardware Accessories,,3485-20,"3485-20 Milw M12 1/4"" Right Angle Die Grinder",,,,Milwaukee Accessory (4031),Milwaukee Tool,Milwaukee®,,3485-20,,Industrial & Commercial Supplies>Hardware>General Hardware,"Milwaukee Tool, Milwaukee, Industrial Hardware, 3485-20",INDUSTRIAL HARDWARE 3485-20,"Milwaukee®, 3485-20, Industrial Hardware",Milwaukee® Industrial Hardware Model 3485-20. ,Industrial Hardware,,,,,,,,,,,,,,,,,,,,,,,,,,,Industrial Hardware,Size,,,Material,,,,,,,,,,,,,,,,,,,,,,,,,,,,,,,,,,,,,,,,,,,,,,,,,,,,,,,,,,,,,,,,,,,,,,,,,,,,,,,,,,,,,,,,,,,,,,,,,,,,,,,,,,,,,,,,,,,,,,,,,,,,,,,,,,,,,,,,,,,,,,,,,,,,,,,,,,,,,,,,,,,,,,,,,,,,,,,,,,,,,,,,,,,,,,,,,
,,,,,,,Hardware,General Hardware,Hardware Accessories,,DCG420B,DCG420B Dewalt 20V Die Grinder (Bare),,,,Black & Decker/dewlt (2585),Black & Decker/dewlt,Black & Decker/dewlt,,DCG420B,,Industrial & Commercial Supplies>Hardware>General Hardware,"Black & Decker/dewlt, Industrial Hardware, DCG420B",INDUSTRIAL HARDWARE DCG420B,"Black & Decker/dewlt, DCG420B, Industrial Hardware",Black & Decker/dewlt Industrial Hardware Model DCG420B. ,Industrial Hardware,,,,,,,,,,,,,,,,,,,,,,,,,,,Industrial Hardware,Size,,,Material,,,,,,,,,,,,,,,,,,,,,,,,,,,,,,,,,,,,,,,,,,,,,,,,,,,,,,,,,,,,,,,,,,,,,,,,,,,,,,,,,,,,,,,,,,,,,,,,,,,,,,,,,,,,,,,,,,,,,,,,,,,,,,,,,,,,,,,,,,,,,,,,,,,,,,,,,,,,,,,,,,,,,,,,,,,,,,,,,,,,,,,,,,,,,,,,,
,,,,,,,Hardware,General Hardware,Hardware Accessories,,DCG422B,DCG422B Dewalt 20V Right Angle Die Grinder (Bare),,,,Black & Decker/dewlt (2585),Black & Decker/dewlt,Black & Decker/dewlt,,DCG422B,,Industrial & Commercial Supplies>Hardware>General Hardware,"Black & Decker/dewlt, Industrial Hardware, DCG422B",INDUSTRIAL HARDWARE DCG422B,"Black & Decker/dewlt, DCG422B, Industrial Hardware",Black & Decker/dewlt Industrial Hardware Model DCG422B. ,Industrial Hardware,,,,,,,,,,,,,,,,,,,,,,,,,,,Industrial Hardware,Size,,,Material,,,,,,,,,,,,,,,,,,,,,,,,,,,,,,,,,,,,,,,,,,,,,,,,,,,,,,,,,,,,,,,,,,,,,,,,,,,,,,,,,,,,,,,,,,,,,,,,,,,,,,,,,,,,,,,,,,,,,,,,,,,,,,,,,,,,,,,,,,,,,,,,,,,,,,,,,,,,,,,,,,,,,,,,,,,,,,,,,,,,,,,,,,,,,,,,,
,,,,,,,Hardware,General Hardware,Hardware Accessories,,924422,924422 Mafell Carpentry - Planing Machine ZH 320 Ec 120V,,,,,Generic Manufacturer,Generic Manufacturer,,924422,,Industrial & Commercial Supplies>Hardware>General Hardware,"Generic Manufacturer, Industrial Hardware, 924422",INDUSTRIAL HARDWARE 924422,"Generic Manufacturer, 924422, Industrial Hardware",Generic Manufacturer Industrial Hardware Model 924422. ,Industrial Hardware,,,,,,,,,,,,,,,,,,,,,,,,,,,Industrial Hardware,Size,,,Material,,,,,,,,,,,,,,,,,,,,,,,,,,,,,,,,,,,,,,,,,,,,,,,,,,,,,,,,,,,,,,,,,,,,,,,,,,,,,,,,,,,,,,,,,,,,,,,,,,,,,,,,,,,,,,,,,,,,,,,,,,,,,,,,,,,,,,,,,,,,,,,,,,,,,,,,,,,,,,,,,,,,,,,,,,,,,,,,,,,,,,,,,,,,,,,,,
,,,,,,,Hardware,General Hardware,Hardware Accessories,,DCW620B,DCW620B Dewalt 20V Plunge - Router,,,,Black & Decker/dewlt (2585),Black & Decker/dewlt,Black & Decker/dewlt,,DCW620B,,Industrial & Commercial Supplies>Hardware>General Hardware,"Black & Decker/dewlt, Industrial Hardware, DCW620B",INDUSTRIAL HARDWARE DCW620B,"Black & Decker/dewlt, DCW620B, Industrial Hardware",Black & Decker/dewlt Industrial Hardware Model DCW620B. ,Industrial Hardware,,,,,,,,,,,,,,,,,,,,,,,,,,,Industrial Hardware,Size,,,Material,,,,,,,,,,,,,,,,,,,,,,,,,,,,,,,,,,,,,,,,,,,,,,,,,,,,,,,,,,,,,,,,,,,,,,,,,,,,,,,,,,,,,,,,,,,,,,,,,,,,,,,,,,,,,,,,,,,,,,,,,,,,,,,,,,,,,,,,,,,,,,,,,,,,,,,,,,,,,,,,,,,,,,,,,,,,,,,,,,,,,,,,,,,,,,,,,
,,,,,,,Hardware,General Hardware,Hardware Accessories,,2535-20,"2535-20 Milw 3"" Orbit Sander - M12",,,,Milwaukee Accessory (4031),Milwaukee Tool,Milwaukee®,,2535-20,,Industrial & Commercial Supplies>Hardware>General Hardware,"Milwaukee Tool, Milwaukee, Industrial Hardware, 2535-20",INDUSTRIAL HARDWARE 2535-20,"Milwaukee®, 2535-20, Industrial Hardware",Milwaukee® Industrial Hardware Model 2535-20. ,Industrial Hardware,,,,,,,,,,,,,,,,,,,,,,,,,,,Industrial Hardware,Size,,,Material,,,,,,,,,,,,,,,,,,,,,,,,,,,,,,,,,,,,,,,,,,,,,,,,,,,,,,,,,,,,,,,,,,,,,,,,,,,,,,,,,,,,,,,,,,,,,,,,,,,,,,,,,,,,,,,,,,,,,,,,,,,,,,,,,,,,,,,,,,,,,,,,,,,,,,,,,,,,,,,,,,,,,,,,,,,,,,,,,,,,,,,,,,,,,,,,,
,,,,,,,Hardware,General Hardware,Hardware Accessories,,2837-20,"2837-20 Milw M18 5"" Sander - Orbital (Bare)",,,Milwaukee,Milwaukee Accessory (4031),Milwaukee Tool,Milwaukee®,,2837-20,,Industrial & Commercial Supplies>Hardware>General Hardware,"Milwaukee Tool, Milwaukee, Industrial Hardware, 2837-20",INDUSTRIAL HARDWARE 2837-20,"Milwaukee®, 2837-20, Industrial Hardware",Milwaukee® Industrial Hardware Model 2837-20. ,Industrial Hardware,,,,,,,,,,,,,,,,,,,,,,,,,,,Industrial Hardware,Size,,,Material,,,,,,,,,,,,,,,,,,,,,,,,,,,,,,,,,,,,,,,,,,,,,,,,,,,,,,,,,,,,,,,,,,,,,,,,,,,,,,,,,,,,,,,,,,,,,,,,,,,,,,,,,,,,,,,,,,,,,,,,,,,,,,,,,,,,,,,,,,,,,,,,,,,,,,,,,,,,,,,,,,,,,,,,,,,,,,,,,,,,,,,,,,,,,,,,,
,,,,,,,Hardware,General Hardware,Hardware Accessories,,577728,577728 Festool Cordless Sander - ETSC 2 150 I-Plus,,,,Festool USA (FESTO),Festool USA,Festool USA,,577728,,Industrial & Commercial Supplies>Hardware>General Hardware,"Festool USA, Industrial Hardware, 577728",INDUSTRIAL HARDWARE 577728,"Festool USA, 577728, Industrial Hardware",Festool USA Industrial Hardware Model 577728. ,Industrial Hardware,,,,,,,,,,,,,,,,,,,,,,,,,,,Industrial Hardware,Size,,,Material,,,,,,,,,,,,,,,,,,,,,,,,,,,,,,,,,,,,,,,,,,,,,,,,,,,,,,,,,,,,,,,,,,,,,,,,,,,,,,,,,,,,,,,,,,,,,,,,,,,,,,,,,,,,,,,,,,,,,,,,,,,,,,,,,,,,,,,,,,,,,,,,,,,,,,,,,,,,,,,,,,,,,,,,,,,,,,,,,,,,,,,,,,,,,,,,,
,,,,,,,Hardware,General Hardware,Hardware Accessories,,577738,577738 Festool Cordless Sander - ETSC 2 125 I-Plus,,,,Festool USA (FESTO),Festool USA,Festool USA,,577738,,Industrial & Commercial Supplies>Hardware>General Hardware,"Festool USA, Industrial Hardware, 577738",INDUSTRIAL HARDWARE 577738,"Festool USA, 577738, Industrial Hardware",Festool USA Industrial Hardware Model 577738. ,Industrial Hardware,,,,,,,,,,,,,,,,,,,,,,,,,,,Industrial Hardware,Size,,,Material,,,,,,,,,,,,,,,,,,,,,,,,,,,,,,,,,,,,,,,,,,,,,,,,,,,,,,,,,,,,,,,,,,,,,,,,,,,,,,,,,,,,,,,,,,,,,,,,,,,,,,,,,,,,,,,,,,,,,,,,,,,,,,,,,,,,,,,,,,,,,,,,,,,,,,,,,,,,,,,,,,,,,,,,,,,,,,,,,,,,,,,,,,,,,,,,,
,,,,,,,Hardware,General Hardware,Hardware Accessories,,KPTRS500A,"KPTRS500A Kreg 20V Ionic 5"" Random Orbit Sander",,,,Kreg Tool Company (KRETO),Kreg Tool Company,Kreg Tool Company,,KPTRS500A,,Industrial & Commercial Supplies>Hardware>General Hardware,"Kreg Tool Company, Industrial Hardware, KPTRS500A",INDUSTRIAL HARDWARE KPTRS500A,"Kreg Tool Company, KPTRS500A, Industrial Hardware",Kreg Tool Company Industrial Hardware Model KPTRS500A. ,Industrial Hardware,,,,,,,,,,,,,,,,,,,,,,,,,,,Industrial Hardware,Size,,,Material,,,,,,,,,,,,,,,,,,,,,,,,,,,,,,,,,,,,,,,,,,,,,,,,,,,,,,,,,,,,,,,,,,,,,,,,,,,,,,,,,,,,,,,,,,,,,,,,,,,,,,,,,,,,,,,,,,,,,,,,,,,,,,,,,,,,,,,,,,,,,,,,,,,,,,,,,,,,,,,,,,,,,,,,,,,,,,,,,,,,,,,,,,,,,,,,,
,,,,,,,Hardware,General Hardware,Hardware Accessories,,24-35M-320,"24-35M-320 Iridium Grip - 3.2"" x 5.2"" Grip",,,,Mirka Abrasives Inc (MIRUS),Mirka USA Inc.,Mirka®,,24-35M-320,,Industrial & Commercial Supplies>Hardware>General Hardware,"Mirka USA Inc., Mirka, Industrial Hardware, 24-35M-320",INDUSTRIAL HARDWARE 24-35M-320,"Mirka®, 24-35M-320, Industrial Hardware",Mirka® Industrial Hardware Model 24-35M-320. ,Industrial Hardware,,,,,,,,,,,,,,,,,,,,,,,,,,,Industrial Hardware,Size,,,Material,,,,,,,,,,,,,,,,,,,,,,,,,,,,,,,,,,,,,,,,,,,,,,,,,,,,,,,,,,,,,,,,,,,,,,,,,,,,,,,,,,,,,,,,,,,,,,,,,,,,,,,,,,,,,,,,,,,,,,,,,,,,,,,,,,,,,,,,,,,,,,,,,,,,,,,,,,,,,,,,,,,,,,,,,,,,,,,,,,,,,,,,,,,,,,,,,
,,,,,,,Hardware,General Hardware,Hardware Accessories,,9A-129-120,9A-129-120 Abranet 3x4 - 50 Sheets/Box,,,,Mirka Abrasives Inc (MIRUS),Mirka USA Inc.,Mirka®,,9A-129-120,,Industrial & Commercial Supplies>Hardware>General Hardware,"Mirka USA Inc., Mirka, Industrial Hardware, 9A-129-120",INDUSTRIAL HARDWARE 9A-129-120,"Mirka®, 9A-129-120, Industrial Hardware",Mirka® Industrial Hardware Model 9A-129-120. ,Industrial Hardware,,,,,,,,,,,,,,,,,,,,,,,,,,,Industrial Hardware,Size,,,Material,,,,,,,,,,,,,,,,,,,,,,,,,,,,,,,,,,,,,,,,,,,,,,,,,,,,,,,,,,,,,,,,,,,,,,,,,,,,,,,,,,,,,,,,,,,,,,,,,,,,,,,,,,,,,,,,,,,,,,,,,,,,,,,,,,,,,,,,,,,,,,,,,,,,,,,,,,,,,,,,,,,,,,,,,,,,,,,,,,,,,,,,,,,,,,,,,
,,,,,,,Hardware,General Hardware,Hardware Accessories,,578800,578800 Festool 80x133 M GR PRO/10,,,,Festool USA (FESTO),Festool USA,Festool USA,,578800,,Industrial & Commercial Supplies>Hardware>General Hardware,"Festool USA, Industrial Hardware, 578800",INDUSTRIAL HARDWARE 578800,"Festool USA, 578800, Industrial Hardware",Festool USA Industrial Hardware Model 578800. ,Industrial Hardware,,,,,,,,,,,,,,,,,,,,,,,,,,,Industrial Hardware,Size,,,Material,,,,,,,,,,,,,,,,,,,,,,,,,,,,,,,,,,,,,,,,,,,,,,,,,,,,,,,,,,,,,,,,,,,,,,,,,,,,,,,,,,,,,,,,,,,,,,,,,,,,,,,,,,,,,,,,,,,,,,,,,,,,,,,,,,,,,,,,,,,,,,,,,,,,,,,,,,,,,,,,,,,,,,,,,,,,,,,,,,,,,,,,,,,,,,,,,
,,,,,,,Hardware,General Hardware,Hardware Accessories,,578801,578801 Festool 80x133 F GR PRO/10,,,,Festool USA (FESTO),Festool USA,Festool USA,,578801,,Industrial & Commercial Supplies>Hardware>General Hardware,"Festool USA, Industrial Hardware, 578801",INDUSTRIAL HARDWARE 578801,"Festool USA, 578801, Industrial Hardware",Festool USA Industrial Hardware Model 578801. ,Industrial Hardware,,,,,,,,,,,,,,,,,,,,,,,,,,,Industrial Hardware,Size,,,Material,,,,,,,,,,,,,,,,,,,,,,,,,,,,,,,,,,,,,,,,,,,,,,,,,,,,,,,,,,,,,,,,,,,,,,,,,,,,,,,,,,,,,,,,,,,,,,,,,,,,,,,,,,,,,,,,,,,,,,,,,,,,,,,,,,,,,,,,,,,,,,,,,,,,,,,,,,,,,,,,,,,,,,,,,,,,,,,,,,,,,,,,,,,,,,,,,
,,,,,,,Hardware,General Hardware,Hardware Accessories,,578802,578802 Festool 80x133 S GR PRO/10,,,,Festool USA (FESTO),Festool USA,Festool USA,,578802,,Industrial & Commercial Supplies>Hardware>General Hardware,"Festool USA, Industrial Hardware, 578802",INDUSTRIAL HARDWARE 578802,"Festool USA, 578802, Industrial Hardware",Festool USA Industrial Hardware Model 578802. ,Industrial Hardware,,,,,,,,,,,,,,,,,,,,,,,,,,,Industrial Hardware,Size,,,Material,,,,,,,,,,,,,,,,,,,,,,,,,,,,,,,,,,,,,,,,,,,,,,,,,,,,,,,,,,,,,,,,,,,,,,,,,,,,,,,,,,,,,,,,,,,,,,,,,,,,,,,,,,,,,,,,,,,,,,,,,,,,,,,,,,,,,,,,,,,,,,,,,,,,,,,,,,,,,,,,,,,,,,,,,,,,,,,,,,,,,,,,,,,,,,,,,
,,,,,,,Hardware,General Hardware,Hardware Accessories,,578808,578808 Festool 3x4 M GR PRO/10,,,,Festool USA (FESTO),Festool USA,Festool USA,,578808,,Industrial & Commercial Supplies>Hardware>General Hardware,"Festool USA, Industrial Hardware, 578808",INDUSTRIAL HARDWARE 578808,"Festool USA, 578808, Industrial Hardware",Festool USA Industrial Hardware Model 578808. ,Industrial Hardware,,,,,,,,,,,,,,,,,,,,,,,,,,,Industrial Hardware,Size,,,Material,,,,,,,,,,,,,,,,,,,,,,,,,,,,,,,,,,,,,,,,,,,,,,,,,,,,,,,,,,,,,,,,,,,,,,,,,,,,,,,,,,,,,,,,,,,,,,,,,,,,,,,,,,,,,,,,,,,,,,,,,,,,,,,,,,,,,,,,,,,,,,,,,,,,,,,,,,,,,,,,,,,,,,,,,,,,,,,,,,,,,,,,,,,,,,,,,
,,,,,,,Hardware,General Hardware,Hardware Accessories,,578809,578809 Festool 3x4 F GR PRO/10,,,,Festool USA (FESTO),Festool USA,Festool USA,,578809,,Industrial & Commercial Supplies>Hardware>General Hardware,"Festool USA, Industrial Hardware, 578809",INDUSTRIAL HARDWARE 578809,"Festool USA, 578809, Industrial Hardware",Festool USA Industrial Hardware Model 578809. ,Industrial Hardware,,,,,,,,,,,,,,,,,,,,,,,,,,,Industrial Hardware,Size,,,Material,,,,,,,,,,,,,,,,,,,,,,,,,,,,,,,,,,,,,,,,,,,,,,,,,,,,,,,,,,,,,,,,,,,,,,,,,,,,,,,,,,,,,,,,,,,,,,,,,,,,,,,,,,,,,,,,,,,,,,,,,,,,,,,,,,,,,,,,,,,,,,,,,,,,,,,,,,,,,,,,,,,,,,,,,,,,,,,,,,,,,,,,,,,,,,,,,
,,,,,,,Hardware,General Hardware,Hardware Accessories,,578810,578810 Festool 3x4 S GR PRO/10,,,,Festool USA (FESTO),Festool USA,Festool USA,,578810,,Industrial & Commercial Supplies>Hardware>General Hardware,"Festool USA, Industrial Hardware, 578810",INDUSTRIAL HARDWARE 578810,"Festool USA, 578810, Industrial Hardware",Festool USA Industrial Hardware Model 578810. ,Industrial Hardware,,,,,,,,,,,,,,,,,,,,,,,,,,,Industrial Hardware,Size,,,Material,,,,,,,,,,,,,,,,,,,,,,,,,,,,,,,,,,,,,,,,,,,,,,,,,,,,,,,,,,,,,,,,,,,,,,,,,,,,,,,,,,,,,,,,,,,,,,,,,,,,,,,,,,,,,,,,,,,,,,,,,,,,,,,,,,,,,,,,,,,,,,,,,,,,,,,,,,,,,,,,,,,,,,,,,,,,,,,,,,,,,,,,,,,,,,,,,
,,,,,,,Hardware,General Hardware,Hardware Accessories,,578811,578811 Festool 3x4 GR PRO/10-Set,,,,Festool USA (FESTO),Festool USA,Festool USA,,578811,,Industrial & Commercial Supplies>Hardware>General Hardware,"Festool USA, Industrial Hardware, 578811",INDUSTRIAL HARDWARE 578811,"Festool USA, 578811, Industrial Hardware",Festool USA Industrial Hardware Model 578811. ,Industrial Hardware,,,,,,,,,,,,,,,,,,,,,,,,,,,Industrial Hardware,Size,,,Material,,,,,,,,,,,,,,,,,,,,,,,,,,,,,,,,,,,,,,,,,,,,,,,,,,,,,,,,,,,,,,,,,,,,,,,,,,,,,,,,,,,,,,,,,,,,,,,,,,,,,,,,,,,,,,,,,,,,,,,,,,,,,,,,,,,,,,,,,,,,,,,,,,,,,,,,,,,,,,,,,,,,,,,,,,,,,,,,,,,,,,,,,,,,,,,,,
,,,,,,,Hardware,General Hardware,Hardware Accessories,,578192,578192 Festool D 150 GR SYS - Systainer Abrasive Set,,,,Festool USA (FESTO),Festool USA,Festool USA,,578192,,Industrial & Commercial Supplies>Hardware>General Hardware,"Festool USA, Industrial Hardware, 578192",INDUSTRIAL HARDWARE ALUMINUM OXIDEA 5781,"Festool USA, 578192, Industrial Hardware, 1 Mounting","Festool USA Industrial Hardware Model 578192. Width: 578192 in in, Length: 150 in in, Abrasive Material: Aluminum Oxide, Package Quantity: 1 pc","Industrial Hardware, 1 Mounting",,,,,,,,,,,,,,,,,,,,,,,,,,,Industrial Hardware,Grit,,,Width,578192 in,in,Length,150 in,in,Arbor Size,,,Abrasive Material,Aluminum Oxide,,Package Quantity,1,pc,,,,,,,,,,,,,,,,,,,,,,,,,,,,,,,,,,,,,,,,,,,,,,,,,,,,,,,,,,,,,,,,,,,,,,,,,,,,,,,,,,,,,,,,,,,,,,,,,,,,,,,,,,,,,,,,,,,,,,,,,,,,,,,,,,,,,,,,,,,,,,,,,,,,,,,,,,,,,,,,,,,,,,,,,,,,,,,,,,,
,,,,,,,Hardware,General Hardware,Hardware Accessories,,578806,578806 Festool Delta S GR PRO/10,,,,Festool USA (FESTO),Festool USA,Festool USA,,578806,,Industrial & Commercial Supplies>Hardware>General Hardware,"Festool USA, Industrial Hardware, 578806",INDUSTRIAL HARDWARE 578806,"Festool USA, 578806, Industrial Hardware",Festool USA Industrial Hardware Model 578806. ,Industrial Hardware,,,,,,,,,,,,,,,,,,,,,,,,,,,Industrial Hardware,Size,,,Material,,,,,,,,,,,,,,,,,,,,,,,,,,,,,,,,,,,,,,,,,,,,,,,,,,,,,,,,,,,,,,,,,,,,,,,,,,,,,,,,,,,,,,,,,,,,,,,,,,,,,,,,,,,,,,,,,,,,,,,,,,,,,,,,,,,,,,,,,,,,,,,,,,,,,,,,,,,,,,,,,,,,,,,,,,,,,,,,,,,,,,,,,,,,,,,,,
,,,,,,,Hardware,General Hardware,Hardware Accessories,,D0860X,"D0860X Diablo 8-1/4"" 60 Tooth - Fine Finish Saw Blade",,,,Freud Inc (2435),"Freud America, Inc.",Freud®,,D0860X,,Industrial & Commercial Supplies>Hardware>General Hardware,"Freud America, Inc., Freud, Industrial Hardware, D0860X",INDUSTRIAL HARDWARE D0860X,"Freud®, D0860X, Industrial Hardware",Freud® Industrial Hardware Model D0860X. ,Industrial Hardware,,,,,,,,,,,,,,,,,,,,,,,,,,,Industrial Hardware,Size,,,Material,,,,,,,,,,,,,,,,,,,,,,,,,,,,,,,,,,,,,,,,,,,,,,,,,,,,,,,,,,,,,,,,,,,,,,,,,,,,,,,,,,,,,,,,,,,,,,,,,,,,,,,,,,,,,,,,,,,,,,,,,,,,,,,,,,,,,,,,,,,,,,,,,,,,,,,,,,,,,,,,,,,,,,,,,,,,,,,,,,,,,,,,,,,,,,,,,
,,,,,,,Hardware,General Hardware,Hardware Accessories,,48-40-0740,48-40-0740 Milw 7-1/4in. 24T - Framing Circ Saw Blade,,,Milwaukee,Milwaukee Accessory (4031),Milwaukee Tool,Milwaukee®,,48-40-0740,,Industrial & Commercial Supplies>Hardware>General Hardware,"Milwaukee Tool, Milwaukee, Industrial Hardware, 48-40-0740",INDUSTRIAL HARDWARE 48-40-0740,"Milwaukee®, 48-40-0740, Industrial Hardware",Milwaukee® Industrial Hardware Model 48-40-0740. ,Industrial Hardware,,,,,,,,,,,,,,,,,,,,,,,,,,,Industrial Hardware,Size,,,Material,,,,,,,,,,,,,,,,,,,,,,,,,,,,,,,,,,,,,,,,,,,,,,,,,,,,,,,,,,,,,,,,,,,,,,,,,,,,,,,,,,,,,,,,,,,,,,,,,,,,,,,,,,,,,,,,,,,,,,,,,,,,,,,,,,,,,,,,,,,,,,,,,,,,,,,,,,,,,,,,,,,,,,,,,,,,,,,,,,,,,,,,,,,,,,,,,
,,,,,,,Hardware,General Hardware,Hardware Accessories,,48-41-0740,48-41-0740 Milw7-1/4 24TFrming - Blade,,,,Milwaukee Accessory (4031),Milwaukee Tool,Milwaukee®,,48-41-0740,,Industrial & Commercial Supplies>Hardware>General Hardware,"Milwaukee Tool, Milwaukee, Industrial Hardware, 48-41-0740",INDUSTRIAL HARDWARE 48-41-0740,"Milwaukee®, 48-41-0740, Industrial Hardware",Milwaukee® Industrial Hardware Model 48-41-0740. ,Industrial Hardware,,,,,,,,,,,,,,,,,,,,,,,,,,,Industrial Hardware,Size,,,Material,,,,,,,,,,,,,,,,,,,,,,,,,,,,,,,,,,,,,,,,,,,,,,,,,,,,,,,,,,,,,,,,,,,,,,,,,,,,,,,,,,,,,,,,,,,,,,,,,,,,,,,,,,,,,,,,,,,,,,,,,,,,,,,,,,,,,,,,,,,,,,,,,,,,,,,,,,,,,,,,,,,,,,,,,,,,,,,,,,,,,,,,,,,,,,,,,
,,,,,,,Hardware,General Hardware,Hardware Accessories,,A-96095,"A-96095 Makita 5-7/8"" 32T Saw Blade",,,,Makita Usa Inc (5142),Makita Usa Inc,Makita Usa Inc,,A-96095,,Industrial & Commercial Supplies>Hardware>General Hardware,"Makita Usa Inc, Industrial Hardware, A-96095",INDUSTRIAL HARDWARE A-96095,"Makita Usa Inc, A-96095, Industrial Hardware",Makita Usa Inc Industrial Hardware Model A-96095. ,Industrial Hardware,,,,,,,,,,,,,,,,,,,,,,,,,,,Industrial Hardware,Size,,,Material,,,,,,,,,,,,,,,,,,,,,,,,,,,,,,,,,,,,,,,,,,,,,,,,,,,,,,,,,,,,,,,,,,,,,,,,,,,,,,,,,,,,,,,,,,,,,,,,,,,,,,,,,,,,,,,,,,,,,,,,,,,,,,,,,,,,,,,,,,,,,,,,,,,,,,,,,,,,,,,,,,,,,,,,,,,,,,,,,,,,,,,,,,,,,,,,,
,,,,,,,Hardware,General Hardware,Hardware Accessories,,D0760UX,"D0760UX Diablo 7-1/4"" 60T Circ - Saw Blade",,,Diablo,Freud Inc (2435),"Freud America, Inc.",Diablo®,,D0760UX,,Industrial & Commercial Supplies>Hardware>General Hardware,"Freud America, Inc., Diablo, Industrial Hardware, D0760UX",INDUSTRIAL HARDWARE D0760UX,"Diablo®, D0760UX, Industrial Hardware",Diablo® Industrial Hardware Model D0760UX. ,Industrial Hardware,,,,,,,,,,,,,,,,,,,,,,,,,,,Industrial Hardware,Size,,,Material,,,,,,,,,,,,,,,,,,,,,,,,,,,,,,,,,,,,,,,,,,,,,,,,,,,,,,,,,,,,,,,,,,,,,,,,,,,,,,,,,,,,,,,,,,,,,,,,,,,,,,,,,,,,,,,,,,,,,,,,,,,,,,,,,,,,,,,,,,,,,,,,,,,,,,,,,,,,,,,,,,,,,,,,,,,,,,,,,,,,,,,,,,,,,,,,,
,,,,,,,Hardware,General Hardware,Hardware Accessories,,230.312.08,230.312.08 CMT Locked Dado Pro Set,,,,CMT USA Inc (CMTUS),CMT USA Inc,CMT USA Inc,,230.312.08,,Industrial & Commercial Supplies>Hardware>General Hardware,"CMT USA Inc, Industrial Hardware, 230.312.08",INDUSTRIAL HARDWARE 230.312.08,"CMT USA Inc, 230.312.08, Industrial Hardware",CMT USA Inc Industrial Hardware Model 230.312.08. ,Industrial Hardware,,,,,,,,,,,,,,,,,,,,,,,,,,,Industrial Hardware,Size,,,Material,,,,,,,,,,,,,,,,,,,,,,,,,,,,,,,,,,,,,,,,,,,,,,,,,,,,,,,,,,,,,,,,,,,,,,,,,,,,,,,,,,,,,,,,,,,,,,,,,,,,,,,,,,,,,,,,,,,,,,,,,,,,,,,,,,,,,,,,,,,,,,,,,,,,,,,,,,,,,,,,,,,,,,,,,,,,,,,,,,,,,,,,,,,,,,,,,
,,,,,,,Hardware,General Hardware,Hardware Accessories,,D0708LF,"D0708LF Saw Blade 7-1/4""x8 - Laminate & Wood Flooring",,,,Freud Inc (2435),"Freud America, Inc.",Freud®,,D0708LF,,Industrial & Commercial Supplies>Hardware>General Hardware,"Freud America, Inc., Freud, Industrial Hardware, D0708LF",INDUSTRIAL HARDWARE D0708LF,"Freud®, D0708LF, Industrial Hardware",Freud® Industrial Hardware Model D0708LF. ,Industrial Hardware,,,,,,,,,,,,,,,,,,,,,,,,,,,Industrial Hardware,Size,,,Material,,,,,,,,,,,,,,,,,,,,,,,,,,,,,,,,,,,,,,,,,,,,,,,,,,,,,,,,,,,,,,,,,,,,,,,,,,,,,,,,,,,,,,,,,,,,,,,,,,,,,,,,,,,,,,,,,,,,,,,,,,,,,,,,,,,,,,,,,,,,,,,,,,,,,,,,,,,,,,,,,,,,,,,,,,,,,,,,,,,,,,,,,,,,,,,,,
,,,,,,,Plumbing,Pipe & Tubing,Fittings,,D1012LF,"D1012LF Saw Blade 10""x12Teeth - Laminate & Wood Flooring",,,,Freud Inc (2435),"Freud America, Inc.",Freud®,,D1012LF,,"Plumbing>Pipe, Tube & Hose Fittings>Fittings","Freud America, Inc., Freud, Fitting, Tee, D1012LF",FITTING CARBON STEELV D1012LF,"Freud®, Tee, D1012LF, Fitting","Freud® Fitting Model D1012LF. Fitting Type: Tee, Connection Type: Threaded, Nominal Size: 1012 in, Material: Carbon Steel","Tee, Fitting",,,,,,,,,,,,,,,,,,,,,,,,,,,Fitting,Fitting Type,Tee,,Connection Type,Threaded,,Nominal Size,1012,in,Material,Carbon Steel,,,,,,,,,,,,,,,,,,,,,,,,,,,,,,,,,,,,,,,,,,,,,,,,,,,,,,,,,,,,,,,,,,,,,,,,,,,,,,,,,,,,,,,,,,,,,,,,,,,,,,,,,,,,,,,,,,,,,,,,,,,,,,,,,,,,,,,,,,,,,,,,,,,,,,,,,,,,,,,,,,,,,,,,,,,,,,,,,,,,,,,,,,
,,,,,,,Plumbing,Pipe & Tubing,Fittings,,D1216LF,"D1216LF Saw Blade 12""x16Teeth - Laminate & Wood Flooring",,,,Freud Inc (2435),"Freud America, Inc.",Freud®,,D1216LF,,"Plumbing>Pipe, Tube & Hose Fittings>Fittings","Freud America, Inc., Freud, Fitting, Tee, D1216LF",FITTING CARBON STEELV D1216LF,"Freud®, Tee, D1216LF, Fitting","Freud® Fitting Model D1216LF. Fitting Type: Tee, Connection Type: Threaded, Nominal Size: 1216 in, Material: Carbon Steel","Tee, Fitting",,,,,,,,,,,,,,,,,,,,,,,,,,,Fitting,Fitting Type,Tee,,Connection Type,Threaded,,Nominal Size,1216,in,Material,Carbon Steel,,,,,,,,,,,,,,,,,,,,,,,,,,,,,,,,,,,,,,,,,,,,,,,,,,,,,,,,,,,,,,,,,,,,,,,,,,,,,,,,,,,,,,,,,,,,,,,,,,,,,,,,,,,,,,,,,,,,,,,,,,,,,,,,,,,,,,,,,,,,,,,,,,,,,,,,,,,,,,,,,,,,,,,,,,,,,,,,,,,,,,,,,,
,,,,,,,Hardware,General Hardware,Hardware Accessories,,DWA47421,"DWA47421 Dewalt 14"" Segmented - Rim Diamond Blade",,,DEWALT,Black & Decker/dewlt (2585),Black & Decker/dewlt,Black & Decker/dewlt,,DWA47421,,Industrial & Commercial Supplies>Hardware>General Hardware,"Black & Decker/dewlt, Industrial Hardware, DWA47421",INDUSTRIAL HARDWARE DWA47421,"Black & Decker/dewlt, DWA47421, Industrial Hardware",Black & Decker/dewlt Industrial Hardware Model DWA47421. ,Industrial Hardware,,,,,,,,,,,,,,,,,,,,,,,,,,,Industrial Hardware,Size,,,Material,,,,,,,,,,,,,,,,,,,,,,,,,,,,,,,,,,,,,,,,,,,,,,,,,,,,,,,,,,,,,,,,,,,,,,,,,,,,,,,,,,,,,,,,,,,,,,,,,,,,,,,,,,,,,,,,,,,,,,,,,,,,,,,,,,,,,,,,,,,,,,,,,,,,,,,,,,,,,,,,,,,,,,,,,,,,,,,,,,,,,,,,,,,,,,,,,
,,,,,,,Hardware,General Hardware,Hardware Accessories,,DWA4769,"DWA4769 Dewalt Rim Glass Tile - Blade 10""",,,,Black & Decker/dewlt (2585),Black & Decker/dewlt,Black & Decker/dewlt,,DWA4769,,Industrial & Commercial Supplies>Hardware>General Hardware,"Black & Decker/dewlt, Industrial Hardware, DWA4769",INDUSTRIAL HARDWARE DWA4769,"Black & Decker/dewlt, DWA4769, Industrial Hardware",Black & Decker/dewlt Industrial Hardware Model DWA4769. ,Industrial Hardware,,,,,,,,,,,,,,,,,,,,,,,,,,,Industrial Hardware,Size,,,Material,,,,,,,,,,,,,,,,,,,,,,,,,,,,,,,,,,,,,,,,,,,,,,,,,,,,,,,,,,,,,,,,,,,,,,,,,,,,,,,,,,,,,,,,,,,,,,,,,,,,,,,,,,,,,,,,,,,,,,,,,,,,,,,,,,,,,,,,,,,,,,,,,,,,,,,,,,,,,,,,,,,,,,,,,,,,,,,,,,,,,,,,,,,,,,,,,
,,,,,,,Hardware,General Hardware,Hardware Accessories,,49-93-9204,"49-93-9204 Milw 4-1/2"" Diamond - Tile Blade",,,,Milwaukee Accessory (4031),Milwaukee Tool,Milwaukee®,,49-93-9204,,Industrial & Commercial Supplies>Hardware>General Hardware,"Milwaukee Tool, Milwaukee, Industrial Hardware, 49-93-9204",INDUSTRIAL HARDWARE 49-93-9204,"Milwaukee®, 49-93-9204, Industrial Hardware",Milwaukee® Industrial Hardware Model 49-93-9204. ,Industrial Hardware,,,,,,,,,,,,,,,,,,,,,,,,,,,Industrial Hardware,Size,,,Material,,,,,,,,,,,,,,,,,,,,,,,,,,,,,,,,,,,,,,,,,,,,,,,,,,,,,,,,,,,,,,,,,,,,,,,,,,,,,,,,,,,,,,,,,,,,,,,,,,,,,,,,,,,,,,,,,,,,,,,,,,,,,,,,,,,,,,,,,,,,,,,,,,,,,,,,,,,,,,,,,,,,,,,,,,,,,,,,,,,,,,,,,,,,,,,,,
,,,,,,,Hardware,General Hardware,Hardware Accessories,,49-93-9207,"49-93-9207 Milw 7"" Diamond - Tile Blade",,,,Milwaukee Accessory (4031),Milwaukee Tool,Milwaukee®,,49-93-9207,,Industrial & Commercial Supplies>Hardware>General Hardware,"Milwaukee Tool, Milwaukee, Industrial Hardware, 49-93-9207",INDUSTRIAL HARDWARE 49-93-9207,"Milwaukee®, 49-93-9207, Industrial Hardware",Milwaukee® Industrial Hardware Model 49-93-9207. ,Industrial Hardware,,,,,,,,,,,,,,,,,,,,,,,,,,,Industrial Hardware,Size,,,Material,,,,,,,,,,,,,,,,,,,,,,,,,,,,,,,,,,,,,,,,,,,,,,,,,,,,,,,,,,,,,,,,,,,,,,,,,,,,,,,,,,,,,,,,,,,,,,,,,,,,,,,,,,,,,,,,,,,,,,,,,,,,,,,,,,,,,,,,,,,,,,,,,,,,,,,,,,,,,,,,,,,,,,,,,,,,,,,,,,,,,,,,,,,,,,,,,
,,,,,,,Hardware,General Hardware,Hardware Accessories,,49-93-9210,"49-93-9210 Milw 10"" Diamond - Tile Blade",,,,Milwaukee Accessory (4031),Milwaukee Tool,Milwaukee®,,49-93-9210,,Industrial & Commercial Supplies>Hardware>General Hardware,"Milwaukee Tool, Milwaukee, Industrial Hardware, 49-93-9210",INDUSTRIAL HARDWARE 49-93-9210,"Milwaukee®, 49-93-9210, Industrial Hardware",Milwaukee® Industrial Hardware Model 49-93-9210. ,Industrial Hardware,,,,,,,,,,,,,,,,,,,,,,,,,,,Industrial Hardware,Size,,,Material,,,,,,,,,,,,,,,,,,,,,,,,,,,,,,,,,,,,,,,,,,,,,,,,,,,,,,,,,,,,,,,,,,,,,,,,,,,,,,,,,,,,,,,,,,,,,,,,,,,,,,,,,,,,,,,,,,,,,,,,,,,,,,,,,,,,,,,,,,,,,,,,,,,,,,,,,,,,,,,,,,,,,,,,,,,,,,,,,,,,,,,,,,,,,,,,,
,,,,,,,Hardware,General Hardware,Hardware Accessories,,49-93-9202,"49-93-9202 Milw 4"" Diamond - Tile Blade",,,,Milwaukee Accessory (4031),Milwaukee Tool,Milwaukee®,,49-93-9202,,Industrial & Commercial Supplies>Hardware>General Hardware,"Milwaukee Tool, Milwaukee, Industrial Hardware, 49-93-9202",INDUSTRIAL HARDWARE 49-93-9202,"Milwaukee®, 49-93-9202, Industrial Hardware",Milwaukee® Industrial Hardware Model 49-93-9202. ,Industrial Hardware,,,,,,,,,,,,,,,,,,,,,,,,,,,Industrial Hardware,Size,,,Material,,,,,,,,,,,,,,,,,,,,,,,,,,,,,,,,,,,,,,,,,,,,,,,,,,,,,,,,,,,,,,,,,,,,,,,,,,,,,,,,,,,,,,,,,,,,,,,,,,,,,,,,,,,,,,,,,,,,,,,,,,,,,,,,,,,,,,,,,,,,,,,,,,,,,,,,,,,,,,,,,,,,,,,,,,,,,,,,,,,,,,,,,,,,,,,,,
,,,,,,,Hardware,General Hardware,Hardware Accessories,,49-93-9205,"49-93-9205 Milw 5"" Diamond - Tile Blade",,,,Milwaukee Accessory (4031),Milwaukee Tool,Milwaukee®,,49-93-9205,,Industrial & Commercial Supplies>Hardware>General Hardware,"Milwaukee Tool, Milwaukee, Industrial Hardware, 49-93-9205",INDUSTRIAL HARDWARE 49-93-9205,"Milwaukee®, 49-93-9205, Industrial Hardware",Milwaukee® Industrial Hardware Model 49-93-9205. ,Industrial Hardware,,,,,,,,,,,,,,,,,,,,,,,,,,,Industrial Hardware,Size,,,Material,,,,,,,,,,,,,,,,,,,,,,,,,,,,,,,,,,,,,,,,,,,,,,,,,,,,,,,,,,,,,,,,,,,,,,,,,,,,,,,,,,,,,,,,,,,,,,,,,,,,,,,,,,,,,,,,,,,,,,,,,,,,,,,,,,,,,,,,,,,,,,,,,,,,,,,,,,,,,,,,,,,,,,,,,,,,,,,,,,,,,,,,,,,,,,,,,
,,,,,,,Hardware,General Hardware,Hardware Accessories,,49-22-4702,49-22-4702 Milw 13pc Quik-Lock Hole Dozer Kit,,,,Milwaukee Accessory (4031),Milwaukee Tool,Milwaukee®,,49-22-4702,,Industrial & Commercial Supplies>Hardware>General Hardware,"Milwaukee Tool, Milwaukee, Industrial Hardware, 49-22-4702",INDUSTRIAL HARDWARE 49-22-4702,"Milwaukee®, 49-22-4702, Industrial Hardware",Milwaukee® Industrial Hardware Model 49-22-4702. ,Industrial Hardware,,,,,,,,,,,,,,,,,,,,,,,,,,,Industrial Hardware,Size,,,Material,,,,,,,,,,,,,,,,,,,,,,,,,,,,,,,,,,,,,,,,,,,,,,,,,,,,,,,,,,,,,,,,,,,,,,,,,,,,,,,,,,,,,,,,,,,,,,,,,,,,,,,,,,,,,,,,,,,,,,,,,,,,,,,,,,,,,,,,,,,,,,,,,,,,,,,,,,,,,,,,,,,,,,,,,,,,,,,,,,,,,,,,,,,,,,,,,
,,,,,,,Hardware,General Hardware,Hardware Accessories,,DJT155HHM,"DJT155HHM Diablo 3-3/5"" 10 TPI - Jig Saw Blade",,,,Freud Inc (2435),"Freud America, Inc.",Freud®,,DJT155HHM,,Industrial & Commercial Supplies>Hardware>General Hardware,"Freud America, Inc., Freud, Industrial Hardware, DJT155HHM",INDUSTRIAL HARDWARE DJT155HHM,"Freud®, DJT155HHM, Industrial Hardware",Freud® Industrial Hardware Model DJT155HHM. ,Industrial Hardware,,,,,,,,,,,,,,,,,,,,,,,,,,,Industrial Hardware,Size,,,Material,,,,,,,,,,,,,,,,,,,,,,,,,,,,,,,,,,,,,,,,,,,,,,,,,,,,,,,,,,,,,,,,,,,,,,,,,,,,,,,,,,,,,,,,,,,,,,,,,,,,,,,,,,,,,,,,,,,,,,,,,,,,,,,,,,,,,,,,,,,,,,,,,,,,,,,,,,,,,,,,,,,,,,,,,,,,,,,,,,,,,,,,,,,,,,,,,
,,,,,,,Hardware,General Hardware,Hardware Accessories,,790.82,790.820 CMT Planer Blade 2pc,,,,CMT USA Inc (CMTUS),CMT USA Inc,CMT USA Inc,,790.82,,Industrial & Commercial Supplies>Hardware>General Hardware,"CMT USA Inc, Industrial Hardware, 790.82",INDUSTRIAL HARDWARE 790.82,"CMT USA Inc, 790.82, Industrial Hardware",CMT USA Inc Industrial Hardware Model 790.82. ,Industrial Hardware,,,,,,,,,,,,,,,,,,,,,,,,,,,Industrial Hardware,Size,,,Material,,,,,,,,,,,,,,,,,,,,,,,,,,,,,,,,,,,,,,,,,,,,,,,,,,,,,,,,,,,,,,,,,,,,,,,,,,,,,,,,,,,,,,,,,,,,,,,,,,,,,,,,,,,,,,,,,,,,,,,,,,,,,,,,,,,,,,,,,,,,,,,,,,,,,,,,,,,,,,,,,,,,,,,,,,,,,,,,,,,,,,,,,,,,,,,,,
,,,,,,,Hardware,General Hardware,Hardware Accessories,,794.321,794.321 HS Planer Knives 3pc,,,,CMT USA Inc (CMTUS),CMT USA Inc,CMT USA Inc,,794.321,,Industrial & Commercial Supplies>Hardware>General Hardware,"CMT USA Inc, Industrial Hardware, 794.321",INDUSTRIAL HARDWARE 794.321,"CMT USA Inc, 794.321, Industrial Hardware",CMT USA Inc Industrial Hardware Model 794.321. ,Industrial Hardware,,,,,,,,,,,,,,,,,,,,,,,,,,,Industrial Hardware,Size,,,Material,,,,,,,,,,,,,,,,,,,,,,,,,,,,,,,,,,,,,,,,,,,,,,,,,,,,,,,,,,,,,,,,,,,,,,,,,,,,,,,,,,,,,,,,,,,,,,,,,,,,,,,,,,,,,,,,,,,,,,,,,,,,,,,,,,,,,,,,,,,,,,,,,,,,,,,,,,,,,,,,,,,,,,,,,,,,,,,,,,,,,,,,,,,,,,,,,
,,,,,,,Hardware,General Hardware,Hardware Accessories,,49-22-5641,49-22-5641 Milw Packout 15pc - Sawzall Blade Kit,,,,Milwaukee Accessory (4031),Milwaukee Tool,Milwaukee®,,49-22-5641,,Industrial & Commercial Supplies>Hardware>General Hardware,"Milwaukee Tool, Milwaukee, Industrial Hardware, 49-22-5641",INDUSTRIAL HARDWARE 49-22-5641,"Milwaukee®, 49-22-5641, Industrial Hardware",Milwaukee® Industrial Hardware Model 49-22-5641. ,Industrial Hardware,,,,,,,,,,,,,,,,,,,,,,,,,,,Industrial Hardware,Size,,,Material,,,,,,,,,,,,,,,,,,,,,,,,,,,,,,,,,,,,,,,,,,,,,,,,,,,,,,,,,,,,,,,,,,,,,,,,,,,,,,,,,,,,,,,,,,,,,,,,,,,,,,,,,,,,,,,,,,,,,,,,,,,,,,,,,,,,,,,,,,,,,,,,,,,,,,,,,,,,,,,,,,,,,,,,,,,,,,,,,,,,,,,,,,,,,,,,,
,,,,,,,Hardware,General Hardware,Hardware Accessories,,D0604TSH,"D0604TSH Diablo 6-1/2"" 4-Tooth - Cement Track Saw Blade",,,,Freud Inc (2435),"Freud America, Inc.",Freud®,,D0604TSH,,Industrial & Commercial Supplies>Hardware>General Hardware,"Freud America, Inc., Freud, Industrial Hardware, D0604TSH",INDUSTRIAL HARDWARE D0604TSH,"Freud®, D0604TSH, Industrial Hardware",Freud® Industrial Hardware Model D0604TSH. ,Industrial Hardware,,,,,,,,,,,,,,,,,,,,,,,,,,,Industrial Hardware,Size,,,Material,,,,,,,,,,,,,,,,,,,,,,,,,,,,,,,,,,,,,,,,,,,,,,,,,,,,,,,,,,,,,,,,,,,,,,,,,,,,,,,,,,,,,,,,,,,,,,,,,,,,,,,,,,,,,,,,,,,,,,,,,,,,,,,,,,,,,,,,,,,,,,,,,,,,,,,,,,,,,,,,,,,,,,,,,,,,,,,,,,,,,,,,,,,,,,,,,
,,,,,,,Hardware,General Hardware,Hardware Accessories,,D0620TSR,"D0620TSR Diablo 6-1/2""20 Tooth - Framing Saw Blade",,,,Freud Inc (2435),"Freud America, Inc.",Freud®,,D0620TSR,,Industrial & Commercial Supplies>Hardware>General Hardware,"Freud America, Inc., Freud, Industrial Hardware, D0620TSR",INDUSTRIAL HARDWARE D0620TSR,"Freud®, D0620TSR, Industrial Hardware",Freud® Industrial Hardware Model D0620TSR. ,Industrial Hardware,,,,,,,,,,,,,,,,,,,,,,,,,,,Industrial Hardware,Size,,,Material,,,,,,,,,,,,,,,,,,,,,,,,,,,,,,,,,,,,,,,,,,,,,,,,,,,,,,,,,,,,,,,,,,,,,,,,,,,,,,,,,,,,,,,,,,,,,,,,,,,,,,,,,,,,,,,,,,,,,,,,,,,,,,,,,,,,,,,,,,,,,,,,,,,,,,,,,,,,,,,,,,,,,,,,,,,,,,,,,,,,,,,,,,,,,,,,,
,,,,,,,Hardware,General Hardware,Hardware Accessories,,D0648TSF,"D0648TSF Diablo 6-1/2""48 Tooth - Plywood Track Saw Blade",,,,Freud Inc (2435),"Freud America, Inc.",Freud®,,D0648TSF,,Industrial & Commercial Supplies>Hardware>General Hardware,"Freud America, Inc., Freud, Industrial Hardware, D0648TSF",INDUSTRIAL HARDWARE D0648TSF,"Freud®, D0648TSF, Industrial Hardware",Freud® Industrial Hardware Model D0648TSF. ,Industrial Hardware,,,,,,,,,,,,,,,,,,,,,,,,,,,Industrial Hardware,Size,,,Material,,,,,,,,,,,,,,,,,,,,,,,,,,,,,,,,,,,,,,,,,,,,,,,,,,,,,,,,,,,,,,,,,,,,,,,,,,,,,,,,,,,,,,,,,,,,,,,,,,,,,,,,,,,,,,,,,,,,,,,,,,,,,,,,,,,,,,,,,,,,,,,,,,,,,,,,,,,,,,,,,,,,,,,,,,,,,,,,,,,,,,,,,,,,,,,,,
,,,,,,,Hardware,General Hardware,Hardware Accessories,,D0652TSL,"D0652TSL Diablo 6-1/2""52 Tooth - Laminate Track Saw Blade",,,,Freud Inc (2435),"Freud America, Inc.",Freud®,,D0652TSL,,Industrial & Commercial Supplies>Hardware>General Hardware,"Freud America, Inc., Freud, Industrial Hardware, D0652TSL",INDUSTRIAL HARDWARE D0652TSL,"Freud®, D0652TSL, Industrial Hardware",Freud® Industrial Hardware Model D0652TSL. ,Industrial Hardware,,,,,,,,,,,,,,,,,,,,,,,,,,,Industrial Hardware,Size,,,Material,,,,,,,,,,,,,,,,,,,,,,,,,,,,,,,,,,,,,,,,,,,,,,,,,,,,,,,,,,,,,,,,,,,,,,,,,,,,,,,,,,,,,,,,,,,,,,,,,,,,,,,,,,,,,,,,,,,,,,,,,,,,,,,,,,,,,,,,,,,,,,,,,,,,,,,,,,,,,,,,,,,,,,,,,,,,,,,,,,,,,,,,,,,,,,,,,
,,,,,,,Hardware,General Hardware,Hardware Accessories,,JT1-549,"JT1-549 JWBS18SFX 18"" Bandsaw - 1.75HP 1PH 115V",,,,JPW Industries (JPWIN),JPW Industries,JPW Industries,,JT1-549,,Industrial & Commercial Supplies>Hardware>General Hardware,"JPW Industries, Industrial Hardware, JT1-549",INDUSTRIAL HARDWARE JT1-549,"JPW Industries, JT1-549, Industrial Hardware",JPW Industries Industrial Hardware Model JT1-549. ,Industrial Hardware,,,,,,,,,,,,,,,,,,,,,,,,,,,Industrial Hardware,Size,,,Material,,,,,,,,,,,,,,,,,,,,,,,,,,,,,,,,,,,,,,,,,,,,,,,,,,,,,,,,,,,,,,,,,,,,,,,,,,,,,,,,,,,,,,,,,,,,,,,,,,,,,,,,,,,,,,,,,,,,,,,,,,,,,,,,,,,,,,,,,,,,,,,,,,,,,,,,,,,,,,,,,,,,,,,,,,,,,,,,,,,,,,,,,,,,,,,,,
,,,,,,,Hardware,General Hardware,Hardware Accessories,,JT1-1371,"JWBS14-SFX-BLK Jet 14"" Bandsaw - JT1-1371",,,,JPW Industries (JPWIN),JPW Industries,JPW Industries,,JT1-1371,,Industrial & Commercial Supplies>Hardware>General Hardware,"JPW Industries, Industrial Hardware, JT1-1371",INDUSTRIAL HARDWARE JT1-1371,"JPW Industries, JT1-1371, Industrial Hardware",JPW Industries Industrial Hardware Model JT1-1371. ,Industrial Hardware,,,,,,,,,,,,,,,,,,,,,,,,,,,Industrial Hardware,Size,,,Material,,,,,,,,,,,,,,,,,,,,,,,,,,,,,,,,,,,,,,,,,,,,,,,,,,,,,,,,,,,,,,,,,,,,,,,,,,,,,,,,,,,,,,,,,,,,,,,,,,,,,,,,,,,,,,,,,,,,,,,,,,,,,,,,,,,,,,,,,,,,,,,,,,,,,,,,,,,,,,,,,,,,,,,,,,,,,,,,,,,,,,,,,,,,,,,,,
,,,,,,,Hardware,General Hardware,Hardware Accessories,,JT9-714400K,"JWBS-14SFX 14"" Bandsaw JTP-714400K",,,,JPW Industries (JPWIN),JPW Industries,JPW Industries,,JT9-714400K,,Industrial & Commercial Supplies>Hardware>General Hardware,"JPW Industries, Industrial Hardware, JT9-714400K",INDUSTRIAL HARDWARE JT9-714400K,"JPW Industries, JT9-714400K, Industrial Hardware",JPW Industries Industrial Hardware Model JT9-714400K. ,Industrial Hardware,,,,,,,,,,,,,,,,,,,,,,,,,,,Industrial Hardware,Size,,,Material,,,,,,,,,,,,,,,,,,,,,,,,,,,,,,,,,,,,,,,,,,,,,,,,,,,,,,,,,,,,,,,,,,,,,,,,,,,,,,,,,,,,,,,,,,,,,,,,,,,,,,,,,,,,,,,,,,,,,,,,,,,,,,,,,,,,,,,,,,,,,,,,,,,,,,,,,,,,,,,,,,,,,,,,,,,,,,,,,,,,,,,,,,,,,,,,,
,,,,,,,Hardware,General Hardware,Hardware Accessories,,2834-21HD,"2834-21HD Milw M18 7-1/4"" Circ - Saw Kit",,,Milwaukee,Milwaukee Accessory (4031),Milwaukee Tool,Milwaukee®,,2834-21HD,,Industrial & Commercial Supplies>Hardware>General Hardware,"Milwaukee Tool, Milwaukee, Industrial Hardware, 2834-21HD",INDUSTRIAL HARDWARE 2834-21HD,"Milwaukee®, 2834-21HD, Industrial Hardware",Milwaukee® Industrial Hardware Model 2834-21HD. ,Industrial Hardware,,,,,,,,,,,,,,,,,,,,,,,,,,,Industrial Hardware,Size,,,Material,,,,,,,,,,,,,,,,,,,,,,,,,,,,,,,,,,,,,,,,,,,,,,,,,,,,,,,,,,,,,,,,,,,,,,,,,,,,,,,,,,,,,,,,,,,,,,,,,,,,,,,,,,,,,,,,,,,,,,,,,,,,,,,,,,,,,,,,,,,,,,,,,,,,,,,,,,,,,,,,,,,,,,,,,,,,,,,,,,,,,,,,,,,,,,,,,
,,,,,,,Hardware,General Hardware,Hardware Accessories,,DCS383B,"DCS383B Dewalt 20V 7-1/4"" - Metal Cutting Circ Saw",,,,Black & Decker/dewlt (2585),Black & Decker/dewlt,Black & Decker/dewlt,,DCS383B,,Industrial & Commercial Supplies>Hardware>General Hardware,"Black & Decker/dewlt, Industrial Hardware, DCS383B",INDUSTRIAL HARDWARE DCS383B,"Black & Decker/dewlt, DCS383B, Industrial Hardware",Black & Decker/dewlt Industrial Hardware Model DCS383B. ,Industrial Hardware,,,,,,,,,,,,,,,,,,,,,,,,,,,Industrial Hardware,Size,,,Material,,,,,,,,,,,,,,,,,,,,,,,,,,,,,,,,,,,,,,,,,,,,,,,,,,,,,,,,,,,,,,,,,,,,,,,,,,,,,,,,,,,,,,,,,,,,,,,,,,,,,,,,,,,,,,,,,,,,,,,,,,,,,,,,,,,,,,,,,,,,,,,,,,,,,,,,,,,,,,,,,,,,,,,,,,,,,,,,,,,,,,,,,,,,,,,,,
,,,,,,,Hardware,General Hardware,Hardware Accessories,,DCS590B,"DCS590B Dewalt 20V Cordless - 7-1/4"" Circular Saw (Bare)",,,DEWALT,Black & Decker/dewlt (2585),Black & Decker/dewlt,Black & Decker/dewlt,,DCS590B,,Industrial & Commercial Supplies>Hardware>General Hardware,"Black & Decker/dewlt, Industrial Hardware, DCS590B",INDUSTRIAL HARDWARE DCS590B,"Black & Decker/dewlt, DCS590B, Industrial Hardware",Black & Decker/dewlt Industrial Hardware Model DCS590B. ,Industrial Hardware,,,,,,,,,,,,,,,,,,,,,,,,,,,Industrial Hardware,Size,,,Material,,,,,,,,,,,,,,,,,,,,,,,,,,,,,,,,,,,,,,,,,,,,,,,,,,,,,,,,,,,,,,,,,,,,,,,,,,,,,,,,,,,,,,,,,,,,,,,,,,,,,,,,,,,,,,,,,,,,,,,,,,,,,,,,,,,,,,,,,,,,,,,,,,,,,,,,,,,,,,,,,,,,,,,,,,,,,,,,,,,,,,,,,,,,,,,,,
,,,,,,,Hardware,General Hardware,Hardware Accessories,,KPTCS725A,"KPTCS725A Kreg 20V Ionic 7-1/4"" Circ Saw",,,,Kreg Tool Company (KRETO),Kreg Tool Company,Kreg Tool Company,,KPTCS725A,,Industrial & Commercial Supplies>Hardware>General Hardware,"Kreg Tool Company, Industrial Hardware, KPTCS725A",INDUSTRIAL HARDWARE KPTCS725A,"Kreg Tool Company, KPTCS725A, Industrial Hardware",Kreg Tool Company Industrial Hardware Model KPTCS725A. ,Industrial Hardware,,,,,,,,,,,,,,,,,,,,,,,,,,,Industrial Hardware,Size,,,Material,,,,,,,,,,,,,,,,,,,,,,,,,,,,,,,,,,,,,,,,,,,,,,,,,,,,,,,,,,,,,,,,,,,,,,,,,,,,,,,,,,,,,,,,,,,,,,,,,,,,,,,,,,,,,,,,,,,,,,,,,,,,,,,,,,,,,,,,,,,,,,,,,,,,,,,,,,,,,,,,,,,,,,,,,,,,,,,,,,,,,,,,,,,,,,,,,
,,,,,,,Hardware,General Hardware,Hardware Accessories,,KPTCS450A,"KPTCS450A Kreg 20V Ionic 4-1/2"" Circ Saw",,,,Kreg Tool Company (KRETO),Kreg Tool Company,Kreg Tool Company,,KPTCS450A,,Industrial & Commercial Supplies>Hardware>General Hardware,"Kreg Tool Company, Industrial Hardware, KPTCS450A",INDUSTRIAL HARDWARE KPTCS450A,"Kreg Tool Company, KPTCS450A, Industrial Hardware",Kreg Tool Company Industrial Hardware Model KPTCS450A. ,Industrial Hardware,,,,,,,,,,,,,,,,,,,,,,,,,,,Industrial Hardware,Size,,,Material,,,,,,,,,,,,,,,,,,,,,,,,,,,,,,,,,,,,,,,,,,,,,,,,,,,,,,,,,,,,,,,,,,,,,,,,,,,,,,,,,,,,,,,,,,,,,,,,,,,,,,,,,,,,,,,,,,,,,,,,,,,,,,,,,,,,,,,,,,,,,,,,,,,,,,,,,,,,,,,,,,,,,,,,,,,,,,,,,,,,,,,,,,,,,,,,,
,,,,,,,Hardware,General Hardware,Hardware Accessories,,2545-20,2545-20 Milw M12 Jig Saw,,,Milwaukee,Milwaukee Accessory (4031),Milwaukee Tool,Milwaukee®,,2545-20,,Industrial & Commercial Supplies>Hardware>General Hardware,"Milwaukee Tool, Milwaukee, Industrial Hardware, 2545-20",INDUSTRIAL HARDWARE 2545-20,"Milwaukee®, 2545-20, Industrial Hardware",Milwaukee® Industrial Hardware Model 2545-20. ,Industrial Hardware,,,,,,,,,,,,,,,,,,,,,,,,,,,Industrial Hardware,Size,,,Material,,,,,,,,,,,,,,,,,,,,,,,,,,,,,,,,,,,,,,,,,,,,,,,,,,,,,,,,,,,,,,,,,,,,,,,,,,,,,,,,,,,,,,,,,,,,,,,,,,,,,,,,,,,,,,,,,,,,,,,,,,,,,,,,,,,,,,,,,,,,,,,,,,,,,,,,,,,,,,,,,,,,,,,,,,,,,,,,,,,,,,,,,,,,,,,,,
,,,,,,,Hardware,General Hardware,Hardware Accessories,,KPTJS100A,KPTJS100A Kreg 20V Ionic Barrel Grip Jigsaw,,,,Kreg Tool Company (KRETO),Kreg Tool Company,Kreg Tool Company,,KPTJS100A,,Industrial & Commercial Supplies>Hardware>General Hardware,"Kreg Tool Company, Industrial Hardware, KPTJS100A",INDUSTRIAL HARDWARE KPTJS100A,"Kreg Tool Company, KPTJS100A, Industrial Hardware",Kreg Tool Company Industrial Hardware Model KPTJS100A. ,Industrial Hardware,,,,,,,,,,,,,,,,,,,,,,,,,,,Industrial Hardware,Size,,,Material,,,,,,,,,,,,,,,,,,,,,,,,,,,,,,,,,,,,,,,,,,,,,,,,,,,,,,,,,,,,,,,,,,,,,,,,,,,,,,,,,,,,,,,,,,,,,,,,,,,,,,,,,,,,,,,,,,,,,,,,,,,,,,,,,,,,,,,,,,,,,,,,,,,,,,,,,,,,,,,,,,,,,,,,,,,,,,,,,,,,,,,,,,,,,,,,,
,,,,,,,Hardware,General Hardware,Hardware Accessories,,DCS714B,"DCS714B Dewalt 20V Miter Saw - (Bare) 10"" Double Bevel Fixed",,,,Black & Decker/dewlt (2585),Black & Decker/dewlt,Black & Decker/dewlt,,DCS714B,,Industrial & Commercial Supplies>Hardware>General Hardware,"Black & Decker/dewlt, Industrial Hardware, DCS714B",INDUSTRIAL HARDWARE DCS714B,"Black & Decker/dewlt, DCS714B, Industrial Hardware",Black & Decker/dewlt Industrial Hardware Model DCS714B. ,Industrial Hardware,,,,,,,,,,,,,,,,,,,,,,,,,,,Industrial Hardware,Size,,,Material,,,,,,,,,,,,,,,,,,,,,,,,,,,,,,,,,,,,,,,,,,,,,,,,,,,,,,,,,,,,,,,,,,,,,,,,,,,,,,,,,,,,,,,,,,,,,,,,,,,,,,,,,,,,,,,,,,,,,,,,,,,,,,,,,,,,,,,,,,,,,,,,,,,,,,,,,,,,,,,,,,,,,,,,,,,,,,,,,,,,,,,,,,,,,,,,,
,,,,,,,Hardware,General Hardware,Hardware Accessories,,DCS785B,"DCS785B Dewalt 20V Miter Saw - Kit 12"" Double Bevel Sliding",,,,Black & Decker/dewlt (2585),Black & Decker/dewlt,Black & Decker/dewlt,,DCS785B,,Industrial & Commercial Supplies>Hardware>General Hardware,"Black & Decker/dewlt, Industrial Hardware, DCS785B",INDUSTRIAL HARDWARE DCS785B,"Black & Decker/dewlt, DCS785B, Industrial Hardware",Black & Decker/dewlt Industrial Hardware Model DCS785B. ,Industrial Hardware,,,,,,,,,,,,,,,,,,,,,,,,,,,Industrial Hardware,Size,,,Material,,,,,,,,,,,,,,,,,,,,,,,,,,,,,,,,,,,,,,,,,,,,,,,,,,,,,,,,,,,,,,,,,,,,,,,,,,,,,,,,,,,,,,,,,,,,,,,,,,,,,,,,,,,,,,,,,,,,,,,,,,,,,,,,,,,,,,,,,,,,,,,,,,,,,,,,,,,,,,,,,,,,,,,,,,,,,,,,,,,,,,,,,,,,,,,,,
,,,,,,,Hardware,General Hardware,Hardware Accessories,,GSL02M1,"GSL02M1 Makita Miter Saw - 40V 8-1/2""",,,,Makita Usa Inc (5142),Makita Usa Inc,Makita Usa Inc,,GSL02M1,,Industrial & Commercial Supplies>Hardware>General Hardware,"Makita Usa Inc, Industrial Hardware, GSL02M1",INDUSTRIAL HARDWARE GSL02M1,"Makita Usa Inc, GSL02M1, Industrial Hardware",Makita Usa Inc Industrial Hardware Model GSL02M1. ,Industrial Hardware,,,,,,,,,,,,,,,,,,,,,,,,,,,Industrial Hardware,Size,,,Material,,,,,,,,,,,,,,,,,,,,,,,,,,,,,,,,,,,,,,,,,,,,,,,,,,,,,,,,,,,,,,,,,,,,,,,,,,,,,,,,,,,,,,,,,,,,,,,,,,,,,,,,,,,,,,,,,,,,,,,,,,,,,,,,,,,,,,,,,,,,,,,,,,,,,,,,,,,,,,,,,,,,,,,,,,,,,,,,,,,,,,,,,,,,,,,,,
,,,,,,,Hardware,General Hardware,Hardware Accessories,,DW7029,DW7029 Dewalt Miter Saw - Stand Support/Stop,,,,Black & Decker/dewlt (2585),Black & Decker/dewlt,Black & Decker/dewlt,,DW7029,,Industrial & Commercial Supplies>Hardware>General Hardware,"Black & Decker/dewlt, Industrial Hardware, DW7029",INDUSTRIAL HARDWARE DW7029,"Black & Decker/dewlt, DW7029, Industrial Hardware",Black & Decker/dewlt Industrial Hardware Model DW7029. ,Industrial Hardware,,,,,,,,,,,,,,,,,,,,,,,,,,,Industrial Hardware,Size,,,Material,,,,,,,,,,,,,,,,,,,,,,,,,,,,,,,,,,,,,,,,,,,,,,,,,,,,,,,,,,,,,,,,,,,,,,,,,,,,,,,,,,,,,,,,,,,,,,,,,,,,,,,,,,,,,,,,,,,,,,,,,,,,,,,,,,,,,,,,,,,,,,,,,,,,,,,,,,,,,,,,,,,,,,,,,,,,,,,,,,,,,,,,,,,,,,,,,
,,,,,,,Hardware,General Hardware,Hardware Accessories,,DCS384B,DCS384B Dewalt 20V Brushless - Cordless Recip Saw (Bare),,,DEWALT,Black & Decker/dewlt (2585),Black & Decker/dewlt,Black & Decker/dewlt,,DCS384B,,Industrial & Commercial Supplies>Hardware>General Hardware,"Black & Decker/dewlt, Industrial Hardware, DCS384B",INDUSTRIAL HARDWARE DCS384B,"Black & Decker/dewlt, DCS384B, Industrial Hardware",Black & Decker/dewlt Industrial Hardware Model DCS384B. ,Industrial Hardware,,,,,,,,,,,,,,,,,,,,,,,,,,,Industrial Hardware,Size,,,Material,,,,,,,,,,,,,,,,,,,,,,,,,,,,,,,,,,,,,,,,,,,,,,,,,,,,,,,,,,,,,,,,,,,,,,,,,,,,,,,,,,,,,,,,,,,,,,,,,,,,,,,,,,,,,,,,,,,,,,,,,,,,,,,,,,,,,,,,,,,,,,,,,,,,,,,,,,,,,,,,,,,,,,,,,,,,,,,,,,,,,,,,,,,,,,,,,
,,,,,,,Hardware,General Hardware,Hardware Accessories,,XRJ08Z,XRJ08Z Makita 18V Recip Saw - Bare Tool,,,,Makita Usa Inc (5142),Makita Usa Inc,Makita Usa Inc,,XRJ08Z,,Industrial & Commercial Supplies>Hardware>General Hardware,"Makita Usa Inc, Industrial Hardware, XRJ08Z",INDUSTRIAL HARDWARE XRJ08Z,"Makita Usa Inc, XRJ08Z, Industrial Hardware",Makita Usa Inc Industrial Hardware Model XRJ08Z. ,Industrial Hardware,,,,,,,,,,,,,,,,,,,,,,,,,,,Industrial Hardware,Size,,,Material,,,,,,,,,,,,,,,,,,,,,,,,,,,,,,,,,,,,,,,,,,,,,,,,,,,,,,,,,,,,,,,,,,,,,,,,,,,,,,,,,,,,,,,,,,,,,,,,,,,,,,,,,,,,,,,,,,,,,,,,,,,,,,,,,,,,,,,,,,,,,,,,,,,,,,,,,,,,,,,,,,,,,,,,,,,,,,,,,,,,,,,,,,,,,,,,,
,,,,,,,Hardware,General Hardware,Hardware Accessories,,G0771Z,"Grizzly G0771Z 30"" Table Saw",,,,Woodstock Intl (3658),Woodstock Intl,Woodstock Intl,,G0771Z,,Industrial & Commercial Supplies>Hardware>General Hardware,"Woodstock Intl, Industrial Hardware, G0771Z",INDUSTRIAL HARDWARE G0771Z,"Woodstock Intl, G0771Z, Industrial Hardware",Woodstock Intl Industrial Hardware Model G0771Z. ,Industrial Hardware,,,,,,,,,,,,,,,,,,,,,,,,,,,Industrial Hardware,Size,,,Material,,,,,,,,,,,,,,,,,,,,,,,,,,,,,,,,,,,,,,,,,,,,,,,,,,,,,,,,,,,,,,,,,,,,,,,,,,,,,,,,,,,,,,,,,,,,,,,,,,,,,,,,,,,,,,,,,,,,,,,,,,,,,,,,,,,,,,,,,,,,,,,,,,,,,,,,,,,,,,,,,,,,,,,,,,,,,,,,,,,,,,,,,,,,,,,,,
,,,,,,,Hardware,General Hardware,Hardware Accessories,,TS1017,TS1017 Table Saw Zero-Clearance Insert,,,,Robt Bosch Tool Corp (6564),Robt Bosch Tool Corp,Robt Bosch Tool Corp,,TS1017,,Industrial & Commercial Supplies>Hardware>General Hardware,"Robt Bosch Tool Corp, Industrial Hardware, TS1017",INDUSTRIAL HARDWARE TS1017,"Robt Bosch Tool Corp, TS1017, Industrial Hardware",Robt Bosch Tool Corp Industrial Hardware Model TS1017. ,Industrial Hardware,,,,,,,,,,,,,,,,,,,,,,,,,,,Industrial Hardware,Size,,,Material,,,,,,,,,,,,,,,,,,,,,,,,,,,,,,,,,,,,,,,,,,,,,,,,,,,,,,,,,,,,,,,,,,,,,,,,,,,,,,,,,,,,,,,,,,,,,,,,,,,,,,,,,,,,,,,,,,,,,,,,,,,,,,,,,,,,,,,,,,,,,,,,,,,,,,,,,,,,,,,,,,,,,,,,,,,,,,,,,,,,,,,,,,,,,,,,,
,,,,,,,Hardware,General Hardware,Hardware Accessories,,XT524,"XT524 24"" XT XTENDER Fence",,,,Bow Products (BOWPR),Bow Products,Bow Products,,XT524,,Industrial & Commercial Supplies>Hardware>General Hardware,"Bow Products, Industrial Hardware, XT524",INDUSTRIAL HARDWARE XT524,"Bow Products, XT524, Industrial Hardware",Bow Products Industrial Hardware Model XT524. ,Industrial Hardware,,,,,,,,,,,,,,,,,,,,,,,,,,,Industrial Hardware,Size,,,Material,,,,,,,,,,,,,,,,,,,,,,,,,,,,,,,,,,,,,,,,,,,,,,,,,,,,,,,,,,,,,,,,,,,,,,,,,,,,,,,,,,,,,,,,,,,,,,,,,,,,,,,,,,,,,,,,,,,,,,,,,,,,,,,,,,,,,,,,,,,,,,,,,,,,,,,,,,,,,,,,,,,,,,,,,,,,,,,,,,,,,,,,,,,,,,,,,
,,,,,,,Hardware,General Hardware,Hardware Accessories,,XT536,"XT536 36"" XT XTENDER Fence",,,,Bow Products (BOWPR),Bow Products,Bow Products,,XT536,,Industrial & Commercial Supplies>Hardware>General Hardware,"Bow Products, Industrial Hardware, XT536",INDUSTRIAL HARDWARE XT536,"Bow Products, XT536, Industrial Hardware",Bow Products Industrial Hardware Model XT536. ,Industrial Hardware,,,,,,,,,,,,,,,,,,,,,,,,,,,Industrial Hardware,Size,,,Material,,,,,,,,,,,,,,,,,,,,,,,,,,,,,,,,,,,,,,,,,,,,,,,,,,,,,,,,,,,,,,,,,,,,,,,,,,,,,,,,,,,,,,,,,,,,,,,,,,,,,,,,,,,,,,,,,,,,,,,,,,,,,,,,,,,,,,,,,,,,,,,,,,,,,,,,,,,,,,,,,,,,,,,,,,,,,,,,,,,,,,,,,,,,,,,,,
,,,,,,,Hardware,General Hardware,Hardware Accessories,,XT546,"XT546 46"" XT XTENDER Fence",,,,Bow Products (BOWPR),Bow Products,Bow Products,,XT546,,Industrial & Commercial Supplies>Hardware>General Hardware,"Bow Products, Industrial Hardware, XT546",INDUSTRIAL HARDWARE XT546,"Bow Products, XT546, Industrial Hardware",Bow Products Industrial Hardware Model XT546. ,Industrial Hardware,,,,,,,,,,,,,,,,,,,,,,,,,,,Industrial Hardware,Size,,,Material,,,,,,,,,,,,,,,,,,,,,,,,,,,,,,,,,,,,,,,,,,,,,,,,,,,,,,,,,,,,,,,,,,,,,,,,,,,,,,,,,,,,,,,,,,,,,,,,,,,,,,,,,,,,,,,,,,,,,,,,,,,,,,,,,,,,,,,,,,,,,,,,,,,,,,,,,,,,,,,,,,,,,,,,,,,,,,,,,,,,,,,,,,,,,,,,,
,,,,,,,Hardware,General Hardware,Hardware Accessories,,XTP235,"35"" XTP XTENDER PRO Fence - XTP235",,,,Bow Products (BOWPR),Bow Products,Bow Products,,XTP235,,Industrial & Commercial Supplies>Hardware>General Hardware,"Bow Products, Industrial Hardware, XTP235",INDUSTRIAL HARDWARE XTP235,"Bow Products, XTP235, Industrial Hardware",Bow Products Industrial Hardware Model XTP235. ,Industrial Hardware,,,,,,,,,,,,,,,,,,,,,,,,,,,Industrial Hardware,Size,,,Material,,,,,,,,,,,,,,,,,,,,,,,,,,,,,,,,,,,,,,,,,,,,,,,,,,,,,,,,,,,,,,,,,,,,,,,,,,,,,,,,,,,,,,,,,,,,,,,,,,,,,,,,,,,,,,,,,,,,,,,,,,,,,,,,,,,,,,,,,,,,,,,,,,,,,,,,,,,,,,,,,,,,,,,,,,,,,,,,,,,,,,,,,,,,,,,,,
,,,,,,,Hardware,General Hardware,Hardware Accessories,,TGP2-FA,TGP2-FA T-Glide Fence Professional,,,,Saw Stop LLC (SAWST),Saw Stop LLC,Saw Stop LLC,,TGP2-FA,,Industrial & Commercial Supplies>Hardware>General Hardware,"Saw Stop LLC, Industrial Hardware, TGP2-FA",INDUSTRIAL HARDWARE TGP2-FA,"Saw Stop LLC, TGP2-FA, Industrial Hardware",Saw Stop LLC Industrial Hardware Model TGP2-FA. ,Industrial Hardware,,,,,,,,,,,,,,,,,,,,,,,,,,,Industrial Hardware,Size,,,Material,,,,,,,,,,,,,,,,,,,,,,,,,,,,,,,,,,,,,,,,,,,,,,,,,,,,,,,,,,,,,,,,,,,,,,,,,,,,,,,,,,,,,,,,,,,,,,,,,,,,,,,,,,,,,,,,,,,,,,,,,,,,,,,,,,,,,,,,,,,,,,,,,,,,,,,,,,,,,,,,,,,,,,,,,,,,,,,,,,,,,,,,,,,,,,,,,
,,,,,,,Hardware,General Hardware,Hardware Accessories,,ATGI-FA,ATGI-FA T-Glide Advanced Fence Industrial,,,,Saw Stop LLC (SAWST),Saw Stop LLC,Saw Stop LLC,,ATGI-FA,,Industrial & Commercial Supplies>Hardware>General Hardware,"Saw Stop LLC, Industrial Hardware, ATGI-FA",INDUSTRIAL HARDWARE ATGI-FA,"Saw Stop LLC, ATGI-FA, Industrial Hardware",Saw Stop LLC Industrial Hardware Model ATGI-FA. ,Industrial Hardware,,,,,,,,,,,,,,,,,,,,,,,,,,,Industrial Hardware,Size,,,Material,,,,,,,,,,,,,,,,,,,,,,,,,,,,,,,,,,,,,,,,,,,,,,,,,,,,,,,,,,,,,,,,,,,,,,,,,,,,,,,,,,,,,,,,,,,,,,,,,,,,,,,,,,,,,,,,,,,,,,,,,,,,,,,,,,,,,,,,,,,,,,,,,,,,,,,,,,,,,,,,,,,,,,,,,,,,,,,,,,,,,,,,,,,,,,,,,
,,,,,,,Hardware,General Hardware,Hardware Accessories,,ATGP-FA,ATGP-FA T-Glide Advance Fence Professional,,,,Saw Stop LLC (SAWST),Saw Stop LLC,Saw Stop LLC,,ATGP-FA,,Industrial & Commercial Supplies>Hardware>General Hardware,"Saw Stop LLC, Industrial Hardware, ATGP-FA",INDUSTRIAL HARDWARE ATGP-FA,"Saw Stop LLC, ATGP-FA, Industrial Hardware",Saw Stop LLC Industrial Hardware Model ATGP-FA. ,Industrial Hardware,,,,,,,,,,,,,,,,,,,,,,,,,,,Industrial Hardware,Size,,,Material,,,,,,,,,,,,,,,,,,,,,,,,,,,,,,,,,,,,,,,,,,,,,,,,,,,,,,,,,,,,,,,,,,,,,,,,,,,,,,,,,,,,,,,,,,,,,,,,,,,,,,,,,,,,,,,,,,,,,,,,,,,,,,,,,,,,,,,,,,,,,,,,,,,,,,,,,,,,,,,,,,,,,,,,,,,,,,,,,,,,,,,,,,,,,,,,,
,,,,,,,Hardware,General Hardware,Hardware Accessories,,TGI2-FA,TGI2-FA T-Glide Fence Indudtrial,,,,Saw Stop LLC (SAWST),Saw Stop LLC,Saw Stop LLC,,TGI2-FA,,Industrial & Commercial Supplies>Hardware>General Hardware,"Saw Stop LLC, Industrial Hardware, TGI2-FA",INDUSTRIAL HARDWARE TGI2-FA,"Saw Stop LLC, TGI2-FA, Industrial Hardware",Saw Stop LLC Industrial Hardware Model TGI2-FA. ,Industrial Hardware,,,,,,,,,,,,,,,,,,,,,,,,,,,Industrial Hardware,Size,,,Material,,,,,,,,,,,,,,,,,,,,,,,,,,,,,,,,,,,,,,,,,,,,,,,,,,,,,,,,,,,,,,,,,,,,,,,,,,,,,,,,,,,,,,,,,,,,,,,,,,,,,,,,,,,,,,,,,,,,,,,,,,,,,,,,,,,,,,,,,,,,,,,,,,,,,,,,,,,,,,,,,,,,,,,,,,,,,,,,,,,,,,,,,,,,,,,,,
,,,,,,,Hardware,General Hardware,Hardware Accessories,,TGI2-T36A,"TGI2-T36A 36"" Table Assembly Industrial",,,,Saw Stop LLC (SAWST),Saw Stop LLC,Saw Stop LLC,,TGI2-T36A,,Industrial & Commercial Supplies>Hardware>General Hardware,"Saw Stop LLC, Industrial Hardware, TGI2-T36A",INDUSTRIAL HARDWARE TGI2-T36A,"Saw Stop LLC, TGI2-T36A, Industrial Hardware",Saw Stop LLC Industrial Hardware Model TGI2-T36A. ,Industrial Hardware,,,,,,,,,,,,,,,,,,,,,,,,,,,Industrial Hardware,Size,,,Material,,,,,,,,,,,,,,,,,,,,,,,,,,,,,,,,,,,,,,,,,,,,,,,,,,,,,,,,,,,,,,,,,,,,,,,,,,,,,,,,,,,,,,,,,,,,,,,,,,,,,,,,,,,,,,,,,,,,,,,,,,,,,,,,,,,,,,,,,,,,,,,,,,,,,,,,,,,,,,,,,,,,,,,,,,,,,,,,,,,,,,,,,,,,,,,,,
,,,,,,,Hardware,General Hardware,Hardware Accessories,,KPTBPS100A,"KPTBPS100A Kreg 20V Ionic 6-1/2"" Plunge-Cut Track Saw Kit",,,,Kreg Tool Company (KRETO),Kreg Tool Company,Kreg Tool Company,,KPTBPS100A,,Industrial & Commercial Supplies>Hardware>General Hardware,"Kreg Tool Company, Industrial Hardware, KPTBPS100A",INDUSTRIAL HARDWARE KPTBPS100A,"Kreg Tool Company, KPTBPS100A, Industrial Hardware",Kreg Tool Company Industrial Hardware Model KPTBPS100A. ,Industrial Hardware,,,,,,,,,,,,,,,,,,,,,,,,,,,Industrial Hardware,Size,,,Material,,,,,,,,,,,,,,,,,,,,,,,,,,,,,,,,,,,,,,,,,,,,,,,,,,,,,,,,,,,,,,,,,,,,,,,,,,,,,,,,,,,,,,,,,,,,,,,,,,,,,,,,,,,,,,,,,,,,,,,,,,,,,,,,,,,,,,,,,,,,,,,,,,,,,,,,,,,,,,,,,,,,,,,,,,,,,,,,,,,,,,,,,,,,,,,,,
,,,,,,,Hardware,General Hardware,Hardware Accessories,,DCB606C,DCB606C Dewalt Flexvolt Starter Kit,,,,Black & Decker/dewlt (2585),"Freud America, Inc.",Diablo®,,DCB606C,,Industrial & Commercial Supplies>Hardware>General Hardware,"Freud America, Inc., Diablo, Industrial Hardware, DCB606C",INDUSTRIAL HARDWARE DCB606C,"Diablo®, DCB606C, Industrial Hardware",Diablo® Industrial Hardware Model DCB606C. ,Industrial Hardware,,,,,,,,,,,,,,,,,,,,,,,,,,,Industrial Hardware,Size,,,Material,,,,,,,,,,,,,,,,,,,,,,,,,,,,,,,,,,,,,,,,,,,,,,,,,,,,,,,,,,,,,,,,,,,,,,,,,,,,,,,,,,,,,,,,,,,,,,,,,,,,,,,,,,,,,,,,,,,,,,,,,,,,,,,,,,,,,,,,,,,,,,,,,,,,,,,,,,,,,,,,,,,,,,,,,,,,,,,,,,,,,,,,,,,,,,,,,
,,,,,,,Hardware,General Hardware,Hardware Accessories,,BL1850BDC1,BL1850BDC1 Makita Starter Kit,,,,Makita Usa Inc (5142),Makita Usa Inc,Makita Usa Inc,,BL1850BDC1,,Industrial & Commercial Supplies>Hardware>General Hardware,"Makita Usa Inc, Industrial Hardware, BL1850BDC1",INDUSTRIAL HARDWARE BL1850BDC1,"Makita Usa Inc, BL1850BDC1, Industrial Hardware",Makita Usa Inc Industrial Hardware Model BL1850BDC1. ,Industrial Hardware,,,,,,,,,,,,,,,,,,,,,,,,,,,Industrial Hardware,Size,,,Material,,,,,,,,,,,,,,,,,,,,,,,,,,,,,,,,,,,,,,,,,,,,,,,,,,,,,,,,,,,,,,,,,,,,,,,,,,,,,,,,,,,,,,,,,,,,,,,,,,,,,,,,,,,,,,,,,,,,,,,,,,,,,,,,,,,,,,,,,,,,,,,,,,,,,,,,,,,,,,,,,,,,,,,,,,,,,,,,,,,,,,,,,,,,,,,,,
,,,,,,,Hardware,General Hardware,Hardware Accessories,,DCB205C,DCB205C 20V Starter Kit,,,DEWALT,Black & Decker/dewlt (2585),"Freud America, Inc.",Diablo®,,DCB205C,,Industrial & Commercial Supplies>Hardware>General Hardware,"Freud America, Inc., Diablo, Industrial Hardware, DCB205C",INDUSTRIAL HARDWARE DCB205C,"Diablo®, DCB205C, Industrial Hardware",Diablo® Industrial Hardware Model DCB205C. ,Industrial Hardware,,,,,,,,,,,,,,,,,,,,,,,,,,,Industrial Hardware,Size,,,Material,,,,,,,,,,,,,,,,,,,,,,,,,,,,,,,,,,,,,,,,,,,,,,,,,,,,,,,,,,,,,,,,,,,,,,,,,,,,,,,,,,,,,,,,,,,,,,,,,,,,,,,,,,,,,,,,,,,,,,,,,,,,,,,,,,,,,,,,,,,,,,,,,,,,,,,,,,,,,,,,,,,,,,,,,,,,,,,,,,,,,,,,,,,,,,,,,
,,,,,,,Hardware,General Hardware,Hardware Accessories,,DCB2108,DCB2108 Dewalt 20V 8Ah Battery - Max XR Powerpack,,,DEWALT,Black & Decker/dewlt (2585),"Freud America, Inc.",Diablo®,,DCB2108,,Industrial & Commercial Supplies>Hardware>General Hardware,"Freud America, Inc., Diablo, Industrial Hardware, DCB2108",INDUSTRIAL HARDWARE DCB2108,"Diablo®, DCB2108, Industrial Hardware",Diablo® Industrial Hardware Model DCB2108. ,Industrial Hardware,,,,,,,,,,,,,,,,,,,,,,,,,,,Industrial Hardware,Size,,,Material,,,,,,,,,,,,,,,,,,,,,,,,,,,,,,,,,,,,,,,,,,,,,,,,,,,,,,,,,,,,,,,,,,,,,,,,,,,,,,,,,,,,,,,,,,,,,,,,,,,,,,,,,,,,,,,,,,,,,,,,,,,,,,,,,,,,,,,,,,,,,,,,,,,,,,,,,,,,,,,,,,,,,,,,,,,,,,,,,,,,,,,,,,,,,,,,,
,,,,,,,Hardware,General Hardware,Hardware Accessories,,DCB2108-2,DCB2108-2 Dewalt 20V 8Ah 2pk - Battery Max XR Powerpack,,,,Black & Decker/dewlt (2585),"Freud America, Inc.",Diablo®,,DCB2108-2,,Industrial & Commercial Supplies>Hardware>General Hardware,"Freud America, Inc., Diablo, Industrial Hardware, DCB2108-2",INDUSTRIAL HARDWARE DCB2108-2,"Diablo®, DCB2108-2, Industrial Hardware",Diablo® Industrial Hardware Model DCB2108-2. ,Industrial Hardware,,,,,,,,,,,,,,,,,,,,,,,,,,,Industrial Hardware,Size,,,Material,,,,,,,,,,,,,,,,,,,,,,,,,,,,,,,,,,,,,,,,,,,,,,,,,,,,,,,,,,,,,,,,,,,,,,,,,,,,,,,,,,,,,,,,,,,,,,,,,,,,,,,,,,,,,,,,,,,,,,,,,,,,,,,,,,,,,,,,,,,,,,,,,,,,,,,,,,,,,,,,,,,,,,,,,,,,,,,,,,,,,,,,,,,,,,,,,
,,,,,,,Hardware,General Hardware,Hardware Accessories,,VB0212,VB0212 Senco 18V 2.0 AH Lithium Battery,,,,Senco Products Inc (4650),Senco Products Inc,Senco Products Inc,,VB0212,,Industrial & Commercial Supplies>Hardware>General Hardware,"Senco Products Inc, Industrial Hardware, VB0212",INDUSTRIAL HARDWARE VB0212,"Senco Products Inc, VB0212, Industrial Hardware",Senco Products Inc Industrial Hardware Model VB0212. ,Industrial Hardware,,,,,,,,,,,,,,,,,,,,,,,,,,,Industrial Hardware,Size,,,Material,,,,,,,,,,,,,,,,,,,,,,,,,,,,,,,,,,,,,,,,,,,,,,,,,,,,,,,,,,,,,,,,,,,,,,,,,,,,,,,,,,,,,,,,,,,,,,,,,,,,,,,,,,,,,,,,,,,,,,,,,,,,,,,,,,,,,,,,,,,,,,,,,,,,,,,,,,,,,,,,,,,,,,,,,,,,,,,,,,,,,,,,,,,,,,,,,
,,,,,,,Hardware,General Hardware,Hardware Accessories,,BCB2A20A,BCB2A20A Kreg 20V Battery/Charger Starter Kit,,,,Kreg Tool Company (KRETO),Kreg Tool Company,Kreg Tool Company,,BCB2A20A,,Industrial & Commercial Supplies>Hardware>General Hardware,"Kreg Tool Company, Industrial Hardware, BCB2A20A",INDUSTRIAL HARDWARE BCB2A20A,"Kreg Tool Company, BCB2A20A, Industrial Hardware",Kreg Tool Company Industrial Hardware Model BCB2A20A. ,Industrial Hardware,,,,,,,,,,,,,,,,,,,,,,,,,,,Industrial Hardware,Size,,,Material,,,,,,,,,,,,,,,,,,,,,,,,,,,,,,,,,,,,,,,,,,,,,,,,,,,,,,,,,,,,,,,,,,,,,,,,,,,,,,,,,,,,,,,,,,,,,,,,,,,,,,,,,,,,,,,,,,,,,,,,,,,,,,,,,,,,,,,,,,,,,,,,,,,,,,,,,,,,,,,,,,,,,,,,,,,,,,,,,,,,,,,,,,,,,,,,,
,,,,,,,Hardware,General Hardware,Hardware Accessories,,BATT4A,BATT4A Kreg 20V 4ah Battery Pack,,,,Kreg Tool Company (KRETO),Kreg Tool Company,Kreg Tool Company,,BATT4A,,Industrial & Commercial Supplies>Hardware>General Hardware,"Kreg Tool Company, Industrial Hardware, BATT4A",INDUSTRIAL HARDWARE BATT4A,"Kreg Tool Company, BATT4A, Industrial Hardware",Kreg Tool Company Industrial Hardware Model BATT4A. ,Industrial Hardware,,,,,,,,,,,,,,,,,,,,,,,,,,,Industrial Hardware,Size,,,Material,,,,,,,,,,,,,,,,,,,,,,,,,,,,,,,,,,,,,,,,,,,,,,,,,,,,,,,,,,,,,,,,,,,,,,,,,,,,,,,,,,,,,,,,,,,,,,,,,,,,,,,,,,,,,,,,,,,,,,,,,,,,,,,,,,,,,,,,,,,,,,,,,,,,,,,,,,,,,,,,,,,,,,,,,,,,,,,,,,,,,,,,,,,,,,,,,
,,,,,,,Hardware,General Hardware,Hardware Accessories,,BATT2A,BATT2A Kreg 20V 2ah Battery Pack,,,,Kreg Tool Company (KRETO),Kreg Tool Company,Kreg Tool Company,,BATT2A,,Industrial & Commercial Supplies>Hardware>General Hardware,"Kreg Tool Company, Industrial Hardware, BATT2A",INDUSTRIAL HARDWARE BATT2A,"Kreg Tool Company, BATT2A, Industrial Hardware",Kreg Tool Company Industrial Hardware Model BATT2A. ,Industrial Hardware,,,,,,,,,,,,,,,,,,,,,,,,,,,Industrial Hardware,Size,,,Material,,,,,,,,,,,,,,,,,,,,,,,,,,,,,,,,,,,,,,,,,,,,,,,,,,,,,,,,,,,,,,,,,,,,,,,,,,,,,,,,,,,,,,,,,,,,,,,,,,,,,,,,,,,,,,,,,,,,,,,,,,,,,,,,,,,,,,,,,,,,,,,,,,,,,,,,,,,,,,,,,,,,,,,,,,,,,,,,,,,,,,,,,,,,,,,,,
,,,,,,,Hardware,General Hardware,Hardware Accessories,,BL1850BDC2X1,BL1850BDC2X1 Makita Starter Kit,,,,Makita Usa Inc (5142),Makita Usa Inc,Makita Usa Inc,,BL1850BDC2X1,,Industrial & Commercial Supplies>Hardware>General Hardware,"Makita Usa Inc, Industrial Hardware, BL1850BDC2X1",INDUSTRIAL HARDWARE BL1850BDC2X1,"Makita Usa Inc, BL1850BDC2X1, Industrial Hardware",Makita Usa Inc Industrial Hardware Model BL1850BDC2X1. ,Industrial Hardware,,,,,,,,,,,,,,,,,,,,,,,,,,,Industrial Hardware,Size,,,Material,,,,,,,,,,,,,,,,,,,,,,,,,,,,,,,,,,,,,,,,,,,,,,,,,,,,,,,,,,,,,,,,,,,,,,,,,,,,,,,,,,,,,,,,,,,,,,,,,,,,,,,,,,,,,,,,,,,,,,,,,,,,,,,,,,,,,,,,,,,,,,,,,,,,,,,,,,,,,,,,,,,,,,,,,,,,,,,,,,,,,,,,,,,,,,,,,
,,,,,,,Hardware,General Hardware,Hardware Accessories,,48-11-2422,48-11-2422 Milw M12 CP2.0 Battery Two Pack,,,,Milwaukee Accessory (4031),Milwaukee Tool,Milwaukee®,,48-11-2422,,Industrial & Commercial Supplies>Hardware>General Hardware,"Milwaukee Tool, Milwaukee, Industrial Hardware, 48-11-2422",INDUSTRIAL HARDWARE 48-11-2422,"Milwaukee®, 48-11-2422, Industrial Hardware",Milwaukee® Industrial Hardware Model 48-11-2422. ,Industrial Hardware,,,,,,,,,,,,,,,,,,,,,,,,,,,Industrial Hardware,Size,,,Material,,,,,,,,,,,,,,,,,,,,,,,,,,,,,,,,,,,,,,,,,,,,,,,,,,,,,,,,,,,,,,,,,,,,,,,,,,,,,,,,,,,,,,,,,,,,,,,,,,,,,,,,,,,,,,,,,,,,,,,,,,,,,,,,,,,,,,,,,,,,,,,,,,,,,,,,,,,,,,,,,,,,,,,,,,,,,,,,,,,,,,,,,,,,,,,,,
,,,,,,,Hardware,General Hardware,Hardware Accessories,,DCB1104,DCB1104 Dewalt 12V/20V Charger - 4 Amp,,,,Black & Decker/dewlt (2585),"Freud America, Inc.",Diablo®,,DCB1104,,Industrial & Commercial Supplies>Hardware>General Hardware,"Freud America, Inc., Diablo, Industrial Hardware, DCB1104",INDUSTRIAL HARDWARE DCB1104,"Diablo®, DCB1104, Industrial Hardware",Diablo® Industrial Hardware Model DCB1104. ,Industrial Hardware,,,,,,,,,,,,,,,,,,,,,,,,,,,Industrial Hardware,Size,,,Material,,,,,,,,,,,,,,,,,,,,,,,,,,,,,,,,,,,,,,,,,,,,,,,,,,,,,,,,,,,,,,,,,,,,,,,,,,,,,,,,,,,,,,,,,,,,,,,,,,,,,,,,,,,,,,,,,,,,,,,,,,,,,,,,,,,,,,,,,,,,,,,,,,,,,,,,,,,,,,,,,,,,,,,,,,,,,,,,,,,,,,,,,,,,,,,,,
,,,,,,,Hardware,General Hardware,Hardware Accessories,,48-59-1804,48-59-1804 Milw M18 and M12 Rapid Charger,,,,Milwaukee Accessory (4031),Milwaukee Tool,Milwaukee®,,48-59-1804,,Industrial & Commercial Supplies>Hardware>General Hardware,"Milwaukee Tool, Milwaukee, Industrial Hardware, 48-59-1804",INDUSTRIAL HARDWARE 48-59-1804,"Milwaukee®, 48-59-1804, Industrial Hardware",Milwaukee® Industrial Hardware Model 48-59-1804. ,Industrial Hardware,,,,,,,,,,,,,,,,,,,,,,,,,,,Industrial Hardware,Size,,,Material,,,,,,,,,,,,,,,,,,,,,,,,,,,,,,,,,,,,,,,,,,,,,,,,,,,,,,,,,,,,,,,,,,,,,,,,,,,,,,,,,,,,,,,,,,,,,,,,,,,,,,,,,,,,,,,,,,,,,,,,,,,,,,,,,,,,,,,,,,,,,,,,,,,,,,,,,,,,,,,,,,,,,,,,,,,,,,,,,,,,,,,,,,,,,,,,,
,,,,,,,Hardware,General Hardware,Hardware Accessories,,CRGR401A,CRGR401A Kreg 20V Fast Charger,,,,Kreg Tool Company (KRETO),Kreg Tool Company,Kreg Tool Company,,CRGR401A,,Industrial & Commercial Supplies>Hardware>General Hardware,"Kreg Tool Company, Industrial Hardware, CRGR401A",INDUSTRIAL HARDWARE CRGR401A,"Kreg Tool Company, CRGR401A, Industrial Hardware",Kreg Tool Company Industrial Hardware Model CRGR401A. ,Industrial Hardware,,,,,,,,,,,,,,,,,,,,,,,,,,,Industrial Hardware,Size,,,Material,,,,,,,,,,,,,,,,,,,,,,,,,,,,,,,,,,,,,,,,,,,,,,,,,,,,,,,,,,,,,,,,,,,,,,,,,,,,,,,,,,,,,,,,,,,,,,,,,,,,,,,,,,,,,,,,,,,,,,,,,,,,,,,,,,,,,,,,,,,,,,,,,,,,,,,,,,,,,,,,,,,,,,,,,,,,,,,,,,,,,,,,,,,,,,,,,
,,,,,,,Hardware,General Hardware,Hardware Accessories,,48-59-1211,48-59-1211 Milw Power Supply - Charger,,,Milwaukee,Milwaukee Accessory (4031),Milwaukee Tool,Milwaukee®,,48-59-1211,,Industrial & Commercial Supplies>Hardware>General Hardware,"Milwaukee Tool, Milwaukee, Industrial Hardware, 48-59-1211",INDUSTRIAL HARDWARE 48-59-1211,"Milwaukee®, 48-59-1211, Industrial Hardware",Milwaukee® Industrial Hardware Model 48-59-1211. ,Industrial Hardware,,,,,,,,,,,,,,,,,,,,,,,,,,,Industrial Hardware,Size,,,Material,,,,,,,,,,,,,,,,,,,,,,,,,,,,,,,,,,,,,,,,,,,,,,,,,,,,,,,,,,,,,,,,,,,,,,,,,,,,,,,,,,,,,,,,,,,,,,,,,,,,,,,,,,,,,,,,,,,,,,,,,,,,,,,,,,,,,,,,,,,,,,,,,,,,,,,,,,,,,,,,,,,,,,,,,,,,,,,,,,,,,,,,,,,,,,,,,
,,,,,,,Hardware,General Hardware,Hardware Accessories,,2847-20,2847-20 Milw M18 Charger and Power Supply,,,,Milwaukee Accessory (4031),Milwaukee Tool,Milwaukee®,,2847-20,,Industrial & Commercial Supplies>Hardware>General Hardware,"Milwaukee Tool, Milwaukee, Industrial Hardware, 2847-20",INDUSTRIAL HARDWARE 2847-20,"Milwaukee®, 2847-20, Industrial Hardware",Milwaukee® Industrial Hardware Model 2847-20. ,Industrial Hardware,,,,,,,,,,,,,,,,,,,,,,,,,,,Industrial Hardware,Size,,,Material,,,,,,,,,,,,,,,,,,,,,,,,,,,,,,,,,,,,,,,,,,,,,,,,,,,,,,,,,,,,,,,,,,,,,,,,,,,,,,,,,,,,,,,,,,,,,,,,,,,,,,,,,,,,,,,,,,,,,,,,,,,,,,,,,,,,,,,,,,,,,,,,,,,,,,,,,,,,,,,,,,,,,,,,,,,,,,,,,,,,,,,,,,,,,,,,,
,,,,,,,Hardware,General Hardware,Hardware Accessories,,DWV9401,DWV9401 Dewalt Paper Bag - 5pk,,,,Black & Decker/dewlt (2585),Black & Decker/dewlt,Black & Decker/dewlt,,DWV9401,,Industrial & Commercial Supplies>Hardware>General Hardware,"Black & Decker/dewlt, Industrial Hardware, DWV9401",INDUSTRIAL HARDWARE DWV9401,"Black & Decker/dewlt, DWV9401, Industrial Hardware",Black & Decker/dewlt Industrial Hardware Model DWV9401. ,Industrial Hardware,,,,,,,,,,,,,,,,,,,,,,,,,,,Industrial Hardware,Size,,,Material,,,,,,,,,,,,,,,,,,,,,,,,,,,,,,,,,,,,,,,,,,,,,,,,,,,,,,,,,,,,,,,,,,,,,,,,,,,,,,,,,,,,,,,,,,,,,,,,,,,,,,,,,,,,,,,,,,,,,,,,,,,,,,,,,,,,,,,,,,,,,,,,,,,,,,,,,,,,,,,,,,,,,,,,,,,,,,,,,,,,,,,,,,,,,,,,,
,,,,,,,Hardware,General Hardware,Hardware Accessories,,578512,578512 Festool Dust Extractor-CT MIDI I HEPA,,,,Festool USA (FESTO),Festool USA,Festool USA,,578512,,Industrial & Commercial Supplies>Hardware>General Hardware,"Festool USA, Industrial Hardware, 578512",INDUSTRIAL HARDWARE 578512,"Festool USA, 578512, Industrial Hardware",Festool USA Industrial Hardware Model 578512. ,Industrial Hardware,,,,,,,,,,,,,,,,,,,,,,,,,,,Industrial Hardware,Size,,,Material,,,,,,,,,,,,,,,,,,,,,,,,,,,,,,,,,,,,,,,,,,,,,,,,,,,,,,,,,,,,,,,,,,,,,,,,,,,,,,,,,,,,,,,,,,,,,,,,,,,,,,,,,,,,,,,,,,,,,,,,,,,,,,,,,,,,,,,,,,,,,,,,,,,,,,,,,,,,,,,,,,,,,,,,,,,,,,,,,,,,,,,,,,,,,,,,,
,,,,,,,Hardware,General Hardware,Hardware Accessories,,577871,577871 Festool Dust Extractor - CT 26,,,,Festool USA (FESTO),Festool USA,Festool USA,,577871,,Industrial & Commercial Supplies>Hardware>General Hardware,"Festool USA, Industrial Hardware, 577871",INDUSTRIAL HARDWARE 577871,"Festool USA, 577871, Industrial Hardware",Festool USA Industrial Hardware Model 577871. ,Industrial Hardware,,,,,,,,,,,,,,,,,,,,,,,,,,,Industrial Hardware,Size,,,Material,,,,,,,,,,,,,,,,,,,,,,,,,,,,,,,,,,,,,,,,,,,,,,,,,,,,,,,,,,,,,,,,,,,,,,,,,,,,,,,,,,,,,,,,,,,,,,,,,,,,,,,,,,,,,,,,,,,,,,,,,,,,,,,,,,,,,,,,,,,,,,,,,,,,,,,,,,,,,,,,,,,,,,,,,,,,,,,,,,,,,,,,,,,,,,,,,
,,,,,,,Hardware,General Hardware,Hardware Accessories,,577874,577874 Festool Dust Extractor - CT 36,,,,Festool USA (FESTO),Festool USA,Festool USA,,577874,,Industrial & Commercial Supplies>Hardware>General Hardware,"Festool USA, Industrial Hardware, 577874",INDUSTRIAL HARDWARE 577874,"Festool USA, 577874, Industrial Hardware",Festool USA Industrial Hardware Model 577874. ,Industrial Hardware,,,,,,,,,,,,,,,,,,,,,,,,,,,Industrial Hardware,Size,,,Material,,,,,,,,,,,,,,,,,,,,,,,,,,,,,,,,,,,,,,,,,,,,,,,,,,,,,,,,,,,,,,,,,,,,,,,,,,,,,,,,,,,,,,,,,,,,,,,,,,,,,,,,,,,,,,,,,,,,,,,,,,,,,,,,,,,,,,,,,,,,,,,,,,,,,,,,,,,,,,,,,,,,,,,,,,,,,,,,,,,,,,,,,,,,,,,,,
,,,,,,,Hardware,General Hardware,Hardware Accessories,,577876,577876 Festool Dust Extractor - CT 48,,,,Festool USA (FESTO),Festool USA,Festool USA,,577876,,Industrial & Commercial Supplies>Hardware>General Hardware,"Festool USA, Industrial Hardware, 577876",INDUSTRIAL HARDWARE 577876,"Festool USA, 577876, Industrial Hardware",Festool USA Industrial Hardware Model 577876. ,Industrial Hardware,,,,,,,,,,,,,,,,,,,,,,,,,,,Industrial Hardware,Size,,,Material,,,,,,,,,,,,,,,,,,,,,,,,,,,,,,,,,,,,,,,,,,,,,,,,,,,,,,,,,,,,,,,,,,,,,,,,,,,,,,,,,,,,,,,,,,,,,,,,,,,,,,,,,,,,,,,,,,,,,,,,,,,,,,,,,,,,,,,,,,,,,,,,,,,,,,,,,,,,,,,,,,,,,,,,,,,,,,,,,,,,,,,,,,,,,,,,,
,,,,,,,Hardware,General Hardware,Hardware Accessories,,578441,578441 Festool Dust Extractor-CT 15 HEPA,,,,Festool USA (FESTO),Festool USA,Festool USA,,578441,,Industrial & Commercial Supplies>Hardware>General Hardware,"Festool USA, Industrial Hardware, 578441",INDUSTRIAL HARDWARE 578441,"Festool USA, 578441, Industrial Hardware",Festool USA Industrial Hardware Model 578441. ,Industrial Hardware,,,,,,,,,,,,,,,,,,,,,,,,,,,Industrial Hardware,Size,,,Material,,,,,,,,,,,,,,,,,,,,,,,,,,,,,,,,,,,,,,,,,,,,,,,,,,,,,,,,,,,,,,,,,,,,,,,,,,,,,,,,,,,,,,,,,,,,,,,,,,,,,,,,,,,,,,,,,,,,,,,,,,,,,,,,,,,,,,,,,,,,,,,,,,,,,,,,,,,,,,,,,,,,,,,,,,,,,,,,,,,,,,,,,,,,,,,,,
,,,,,,,Hardware,General Hardware,Hardware Accessories,,DCK225D2,DCK225D2 Dewalt Impact/Drill - Kit,,,DEWALT,Black & Decker/dewlt (2585),Black & Decker/dewlt,Black & Decker/dewlt,,DCK225D2,,Industrial & Commercial Supplies>Hardware>General Hardware,"Black & Decker/dewlt, Industrial Hardware, DCK225D2",INDUSTRIAL HARDWARE DCK225D2,"Black & Decker/dewlt, DCK225D2, Industrial Hardware",Black & Decker/dewlt Industrial Hardware Model DCK225D2. ,Industrial Hardware,,,,,,,,,,,,,,,,,,,,,,,,,,,Industrial Hardware,Size,,,Material,,,,,,,,,,,,,,,,,,,,,,,,,,,,,,,,,,,,,,,,,,,,,,,,,,,,,,,,,,,,,,,,,,,,,,,,,,,,,,,,,,,,,,,,,,,,,,,,,,,,,,,,,,,,,,,,,,,,,,,,,,,,,,,,,,,,,,,,,,,,,,,,,,,,,,,,,,,,,,,,,,,,,,,,,,,,,,,,,,,,,,,,,,,,,,,,,
,,,,,,,Hardware,General Hardware,Hardware Accessories,,DCK2101QQ2,Dewalt DCK2101QQ2 20V 2Pc Kit,,,,Black & Decker/dewlt (2585),Black & Decker/dewlt,Black & Decker/dewlt,,DCK2101QQ2,,Industrial & Commercial Supplies>Hardware>General Hardware,"Black & Decker/dewlt, Industrial Hardware, DCK2101QQ2",INDUSTRIAL HARDWARE DCK2101QQ2,"Black & Decker/dewlt, DCK2101QQ2, Industrial Hardware",Black & Decker/dewlt Industrial Hardware Model DCK2101QQ2. ,Industrial Hardware,,,,,,,,,,,,,,,,,,,,,,,,,,,Industrial Hardware,Size,,,Material,,,,,,,,,,,,,,,,,,,,,,,,,,,,,,,,,,,,,,,,,,,,,,,,,,,,,,,,,,,,,,,,,,,,,,,,,,,,,,,,,,,,,,,,,,,,,,,,,,,,,,,,,,,,,,,,,,,,,,,,,,,,,,,,,,,,,,,,,,,,,,,,,,,,,,,,,,,,,,,,,,,,,,,,,,,,,,,,,,,,,,,,,,,,,,,,,
,,,,,,,Hardware,General Hardware,Hardware Accessories,,4000-2/32,4000-2/32 DREMEL ROTARY TOOL,,,Dremel,Robt Bosch Tool Corp (6564),Robt Bosch Tool Corp,Robt Bosch Tool Corp,,4000-2/32,,Industrial & Commercial Supplies>Hardware>General Hardware,"Robt Bosch Tool Corp, Industrial Hardware, 4000-2/32",INDUSTRIAL HARDWARE 4000-2/32,"Robt Bosch Tool Corp, 4000-2/32, Industrial Hardware",Robt Bosch Tool Corp Industrial Hardware Model 4000-2/32. ,Industrial Hardware,,,,,,,,,,,,,,,,,,,,,,,,,,,Industrial Hardware,Size,,,Material,,,,,,,,,,,,,,,,,,,,,,,,,,,,,,,,,,,,,,,,,,,,,,,,,,,,,,,,,,,,,,,,,,,,,,,,,,,,,,,,,,,,,,,,,,,,,,,,,,,,,,,,,,,,,,,,,,,,,,,,,,,,,,,,,,,,,,,,,,,,,,,,,,,,,,,,,,,,,,,,,,,,,,,,,,,,,,,,,,,,,,,,,,,,,,,,,
,,,,,,,Hardware,General Hardware,Hardware Accessories,,3100-1/15,3100-1/15 Dremel Rotary Tool - Kit 15pc,,,Dremel,Robt Bosch Tool Corp (6564),Robt Bosch Tool Corp,Robt Bosch Tool Corp,,3100-1/15,,Industrial & Commercial Supplies>Hardware>General Hardware,"Robt Bosch Tool Corp, Industrial Hardware, 3100-1/15",INDUSTRIAL HARDWARE 3100-1/15,"Robt Bosch Tool Corp, 3100-1/15, Industrial Hardware",Robt Bosch Tool Corp Industrial Hardware Model 3100-1/15. ,Industrial Hardware,,,,,,,,,,,,,,,,,,,,,,,,,,,Industrial Hardware,Size,,,Material,,,,,,,,,,,,,,,,,,,,,,,,,,,,,,,,,,,,,,,,,,,,,,,,,,,,,,,,,,,,,,,,,,,,,,,,,,,,,,,,,,,,,,,,,,,,,,,,,,,,,,,,,,,,,,,,,,,,,,,,,,,,,,,,,,,,,,,,,,,,,,,,,,,,,,,,,,,,,,,,,,,,,,,,,,,,,,,,,,,,,,,,,,,,,,,,,
,,,,,,,Hardware,General Hardware,Hardware Accessories,,T-90043,T-90043 Deep Medium Organizer,,,,Makita Usa Inc (5142),Makita Usa Inc,Makita Usa Inc,,T-90043,,Industrial & Commercial Supplies>Hardware>General Hardware,"Makita Usa Inc, Industrial Hardware, T-90043",INDUSTRIAL HARDWARE T-90043,"Makita Usa Inc, T-90043, Industrial Hardware",Makita Usa Inc Industrial Hardware Model T-90043. ,Industrial Hardware,,,,,,,,,,,,,,,,,,,,,,,,,,,Industrial Hardware,Size,,,Material,,,,,,,,,,,,,,,,,,,,,,,,,,,,,,,,,,,,,,,,,,,,,,,,,,,,,,,,,,,,,,,,,,,,,,,,,,,,,,,,,,,,,,,,,,,,,,,,,,,,,,,,,,,,,,,,,,,,,,,,,,,,,,,,,,,,,,,,,,,,,,,,,,,,,,,,,,,,,,,,,,,,,,,,,,,,,,,,,,,,,,,,,,,,,,,,,
,,,,,,,Hardware,General Hardware,Hardware Accessories,,T-90059,T-90059 Low Profile Medium - Organizer,,,,Makita Usa Inc (5142),Makita Usa Inc,Makita Usa Inc,,T-90059,,Industrial & Commercial Supplies>Hardware>General Hardware,"Makita Usa Inc, Industrial Hardware, T-90059",INDUSTRIAL HARDWARE T-90059,"Makita Usa Inc, T-90059, Industrial Hardware",Makita Usa Inc Industrial Hardware Model T-90059. ,Industrial Hardware,,,,,,,,,,,,,,,,,,,,,,,,,,,Industrial Hardware,Size,,,Material,,,,,,,,,,,,,,,,,,,,,,,,,,,,,,,,,,,,,,,,,,,,,,,,,,,,,,,,,,,,,,,,,,,,,,,,,,,,,,,,,,,,,,,,,,,,,,,,,,,,,,,,,,,,,,,,,,,,,,,,,,,,,,,,,,,,,,,,,,,,,,,,,,,,,,,,,,,,,,,,,,,,,,,,,,,,,,,,,,,,,,,,,,,,,,,,,
,,,,,,,Hardware,General Hardware,Hardware Accessories,,T-90065,T-90065 Deep Compact Organizer,,,,Makita Usa Inc (5142),Makita Usa Inc,Makita Usa Inc,,T-90065,,Industrial & Commercial Supplies>Hardware>General Hardware,"Makita Usa Inc, Industrial Hardware, T-90065",INDUSTRIAL HARDWARE T-90065,"Makita Usa Inc, T-90065, Industrial Hardware",Makita Usa Inc Industrial Hardware Model T-90065. ,Industrial Hardware,,,,,,,,,,,,,,,,,,,,,,,,,,,Industrial Hardware,Size,,,Material,,,,,,,,,,,,,,,,,,,,,,,,,,,,,,,,,,,,,,,,,,,,,,,,,,,,,,,,,,,,,,,,,,,,,,,,,,,,,,,,,,,,,,,,,,,,,,,,,,,,,,,,,,,,,,,,,,,,,,,,,,,,,,,,,,,,,,,,,,,,,,,,,,,,,,,,,,,,,,,,,,,,,,,,,,,,,,,,,,,,,,,,,,,,,,,,,
,,,,,,,Hardware,General Hardware,Hardware Accessories,,10047VS,10047VS Oliver 3HP 230V 1PH Shaper 1-1/4 Spindle,,,,Oliver Machinery Company (OLIMA),Oliver Machinery Company,Oliver Machinery Company,,10047VS,,Industrial & Commercial Supplies>Hardware>General Hardware,"Oliver Machinery Company, Industrial Hardware, 10047VS",INDUSTRIAL HARDWARE 10047VS,"Oliver Machinery Company, 10047VS, Industrial Hardware",Oliver Machinery Company Industrial Hardware Model 10047VS. ,Industrial Hardware,,,,,,,,,,,,,,,,,,,,,,,,,,,Industrial Hardware,Size,,,Material,,,,,,,,,,,,,,,,,,,,,,,,,,,,,,,,,,,,,,,,,,,,,,,,,,,,,,,,,,,,,,,,,,,,,,,,,,,,,,,,,,,,,,,,,,,,,,,,,,,,,,,,,,,,,,,,,,,,,,,,,,,,,,,,,,,,,,,,,,,,,,,,,,,,,,,,,,,,,,,,,,,,,,,,,,,,,,,,,,,,,,,,,,,,,,,,,
,,,,,,,Hardware,General Hardware,Hardware Accessories,,MAG:2044-230-1,2044-230-1 Stock Feeder 4-Roll - Steff,,,,J&G Machinery (JGMAC),J&G Machinery,J&G Machinery,,MAG:2044-230-1,,Industrial & Commercial Supplies>Hardware>General Hardware,"J&G Machinery, Industrial Hardware, MAG:2044-230-1",INDUSTRIAL HARDWARE MAG:2044-230-1,"J&G Machinery, MAG:2044-230-1, Industrial Hardware",J&G Machinery Industrial Hardware Model MAG:2044-230-1. ,Industrial Hardware,,,,,,,,,,,,,,,,,,,,,,,,,,,Industrial Hardware,Size,,,Material,,,,,,,,,,,,,,,,,,,,,,,,,,,,,,,,,,,,,,,,,,,,,,,,,,,,,,,,,,,,,,,,,,,,,,,,,,,,,,,,,,,,,,,,,,,,,,,,,,,,,,,,,,,,,,,,,,,,,,,,,,,,,,,,,,,,,,,,,,,,,,,,,,,,,,,,,,,,,,,,,,,,,,,,,,,,,,,,,,,,,,,,,,,,,,,,,
,,,,,,,Hardware,General Hardware,Hardware Accessories,,XTP242,"42"" XTP XTENDER PRO Fence - XTP242",,,,Bow Products (BOWPR),Bow Products,Bow Products,,XTP242,,Industrial & Commercial Supplies>Hardware>General Hardware,"Bow Products, Industrial Hardware, XTP242",INDUSTRIAL HARDWARE XTP242,"Bow Products, XTP242, Industrial Hardware",Bow Products Industrial Hardware Model XTP242. ,Industrial Hardware,,,,,,,,,,,,,,,,,,,,,,,,,,,Industrial Hardware,Size,,,Material,,,,,,,,,,,,,,,,,,,,,,,,,,,,,,,,,,,,,,,,,,,,,,,,,,,,,,,,,,,,,,,,,,,,,,,,,,,,,,,,,,,,,,,,,,,,,,,,,,,,,,,,,,,,,,,,,,,,,,,,,,,,,,,,,,,,,,,,,,,,,,,,,,,,,,,,,,,,,,,,,,,,,,,,,,,,,,,,,,,,,,,,,,,,,,,,,
,,,,,,,Hardware,General Hardware,Hardware Accessories,,AAS-P,AAS-P Align-A-Saw Plate Only,,,,Woodpeckers Inc (WOODP),Woodpeckers Inc,Woodpeckers Inc,,AAS-P,,Industrial & Commercial Supplies>Hardware>General Hardware,"Woodpeckers Inc, Industrial Hardware, AAS-P",INDUSTRIAL HARDWARE AAS-P,"Woodpeckers Inc, AAS-P, Industrial Hardware",Woodpeckers Inc Industrial Hardware Model AAS-P. ,Industrial Hardware,,,,,,,,,,,,,,,,,,,,,,,,,,,Industrial Hardware,Size,,,Material,,,,,,,,,,,,,,,,,,,,,,,,,,,,,,,,,,,,,,,,,,,,,,,,,,,,,,,,,,,,,,,,,,,,,,,,,,,,,,,,,,,,,,,,,,,,,,,,,,,,,,,,,,,,,,,,,,,,,,,,,,,,,,,,,,,,,,,,,,,,,,,,,,,,,,,,,,,,,,,,,,,,,,,,,,,,,,,,,,,,,,,,,,,,,,,,,
,,,,,,,Hardware,General Hardware,Hardware Accessories,,SSCMS,SSCMS Stealthstop Miter Sled,,,,Woodpeckers Inc (WOODP),Woodpeckers Inc,Woodpeckers Inc,,SSCMS,,Industrial & Commercial Supplies>Hardware>General Hardware,"Woodpeckers Inc, Industrial Hardware, SSCMS",INDUSTRIAL HARDWARE SSCMS,"Woodpeckers Inc, SSCMS, Industrial Hardware",Woodpeckers Inc Industrial Hardware Model SSCMS. ,Industrial Hardware,,,,,,,,,,,,,,,,,,,,,,,,,,,Industrial Hardware,Size,,,Material,,,,,,,,,,,,,,,,,,,,,,,,,,,,,,,,,,,,,,,,,,,,,,,,,,,,,,,,,,,,,,,,,,,,,,,,,,,,,,,,,,,,,,,,,,,,,,,,,,,,,,,,,,,,,,,,,,,,,,,,,,,,,,,,,,,,,,,,,,,,,,,,,,,,,,,,,,,,,,,,,,,,,,,,,,,,,,,,,,,,,,,,,,,,,,,,,
,,,,,,,Hardware,General Hardware,Hardware Accessories,,4225.201,"4225.201 Oliver 6"" HH Jointer Paralleogram",,,,Oliver Machinery Company (OLIMA),Oliver Machinery Company,Oliver Machinery Company,,4225.201,,Industrial & Commercial Supplies>Hardware>General Hardware,"Oliver Machinery Company, Industrial Hardware, 4225.201",INDUSTRIAL HARDWARE 4225.201,"Oliver Machinery Company, 4225.201, Industrial Hardware",Oliver Machinery Company Industrial Hardware Model 4225.201. ,Industrial Hardware,,,,,,,,,,,,,,,,,,,,,,,,,,,Industrial Hardware,Size,,,Material,,,,,,,,,,,,,,,,,,,,,,,,,,,,,,,,,,,,,,,,,,,,,,,,,,,,,,,,,,,,,,,,,,,,,,,,,,,,,,,,,,,,,,,,,,,,,,,,,,,,,,,,,,,,,,,,,,,,,,,,,,,,,,,,,,,,,,,,,,,,,,,,,,,,,,,,,,,,,,,,,,,,,,,,,,,,,,,,,,,,,,,,,,,,,,,,,
,,,,,,,Hardware,General Hardware,Hardware Accessories,,KC-426C,"KC-426C 12"" Portable Planer",,,,King Canada Inc (KINCA),King Canada Inc,King Canada Inc,,KC-426C,,Industrial & Commercial Supplies>Hardware>General Hardware,"King Canada Inc, Industrial Hardware, KC-426C",INDUSTRIAL HARDWARE KC-426C,"King Canada Inc, KC-426C, Industrial Hardware",King Canada Inc Industrial Hardware Model KC-426C. ,Industrial Hardware,,,,,,,,,,,,,,,,,,,,,,,,,,,Industrial Hardware,Size,,,Material,,,,,,,,,,,,,,,,,,,,,,,,,,,,,,,,,,,,,,,,,,,,,,,,,,,,,,,,,,,,,,,,,,,,,,,,,,,,,,,,,,,,,,,,,,,,,,,,,,,,,,,,,,,,,,,,,,,,,,,,,,,,,,,,,,,,,,,,,,,,,,,,,,,,,,,,,,,,,,,,,,,,,,,,,,,,,,,,,,,,,,,,,,,,,,,,,
,,,,,,,Hardware,General Hardware,Hardware Accessories,,10045.201,"10045.201 Oliver 13"" Benchtop Planer 2HP,115V 1Ph",,,,Oliver Machinery Company (OLIMA),Oliver Machinery Company,Oliver Machinery Company,,10045.201,,Industrial & Commercial Supplies>Hardware>General Hardware,"Oliver Machinery Company, Industrial Hardware, 10045.201",INDUSTRIAL HARDWARE 10045.201,"Oliver Machinery Company, 10045.201, Industrial Hardware",Oliver Machinery Company Industrial Hardware Model 10045.201. ,Industrial Hardware,,,,,,,,,,,,,,,,,,,,,,,,,,,Industrial Hardware,Size,,,Material,,,,,,,,,,,,,,,,,,,,,,,,,,,,,,,,,,,,,,,,,,,,,,,,,,,,,,,,,,,,,,,,,,,,,,,,,,,,,,,,,,,,,,,,,,,,,,,,,,,,,,,,,,,,,,,,,,,,,,,,,,,,,,,,,,,,,,,,,,,,,,,,,,,,,,,,,,,,,,,,,,,,,,,,,,,,,,,,,,,,,,,,,,,,,,,,,
,,,,,,,Hardware,General Hardware,Hardware Accessories,,10014.201,"10014.201 Oliver 15"" Planer 3HP 1Ph 220V",,,,Oliver Machinery Company (OLIMA),Oliver Machinery Company,Oliver Machinery Company,,10014.201,,Industrial & Commercial Supplies>Hardware>General Hardware,"Oliver Machinery Company, Industrial Hardware, 10014.201",INDUSTRIAL HARDWARE 10014.201,"Oliver Machinery Company, 10014.201, Industrial Hardware",Oliver Machinery Company Industrial Hardware Model 10014.201. ,Industrial Hardware,,,,,,,,,,,,,,,,,,,,,,,,,,,Industrial Hardware,Size,,,Material,,,,,,,,,,,,,,,,,,,,,,,,,,,,,,,,,,,,,,,,,,,,,,,,,,,,,,,,,,,,,,,,,,,,,,,,,,,,,,,,,,,,,,,,,,,,,,,,,,,,,,,,,,,,,,,,,,,,,,,,,,,,,,,,,,,,,,,,,,,,,,,,,,,,,,,,,,,,,,,,,,,,,,,,,,,,,,,,,,,,,,,,,,,,,,,,,
,,,,,,,Hardware,General Hardware,Hardware Accessories,,4430.201,"4430.201 Oliver 20"" Planer 5HP 1Ph 230V",,,,Oliver Machinery Company (OLIMA),Oliver Machinery Company,Oliver Machinery Company,,4430.201,,Industrial & Commercial Supplies>Hardware>General Hardware,"Oliver Machinery Company, Industrial Hardware, 4430.201",INDUSTRIAL HARDWARE 4430.201,"Oliver Machinery Company, 4430.201, Industrial Hardware",Oliver Machinery Company Industrial Hardware Model 4430.201. ,Industrial Hardware,,,,,,,,,,,,,,,,,,,,,,,,,,,Industrial Hardware,Size,,,Material,,,,,,,,,,,,,,,,,,,,,,,,,,,,,,,,,,,,,,,,,,,,,,,,,,,,,,,,,,,,,,,,,,,,,,,,,,,,,,,,,,,,,,,,,,,,,,,,,,,,,,,,,,,,,,,,,,,,,,,,,,,,,,,,,,,,,,,,,,,,,,,,,,,,,,,,,,,,,,,,,,,,,,,,,,,,,,,,,,,,,,,,,,,,,,,,,
,,,,,,,Hardware,General Hardware,Hardware Accessories,,10055.201,"10055.201 Oliver 15"" Benchtop Planer 2.5HP 1Ph 230V",,,,Oliver Machinery Company (OLIMA),Oliver Machinery Company,Oliver Machinery Company,,10055.201,,Industrial & Commercial Supplies>Hardware>General Hardware,"Oliver Machinery Company, Industrial Hardware, 10055.201",INDUSTRIAL HARDWARE 10055.201,"Oliver Machinery Company, 10055.201, Industrial Hardware",Oliver Machinery Company Industrial Hardware Model 10055.201. ,Industrial Hardware,,,,,,,,,,,,,,,,,,,,,,,,,,,Industrial Hardware,Size,,,Material,,,,,,,,,,,,,,,,,,,,,,,,,,,,,,,,,,,,,,,,,,,,,,,,,,,,,,,,,,,,,,,,,,,,,,,,,,,,,,,,,,,,,,,,,,,,,,,,,,,,,,,,,,,,,,,,,,,,,,,,,,,,,,,,,,,,,,,,,,,,,,,,,,,,,,,,,,,,,,,,,,,,,,,,,,,,,,,,,,,,,,,,,,,,,,,,,
,,,,,,,Hardware,General Hardware,Hardware Accessories,,T27417,T27417 Grizzly OscillatingEdge - Belt and Spindle Sander,,,,Woodstock Intl (3658),Woodstock Intl,Woodstock Intl,,T27417,,Industrial & Commercial Supplies>Hardware>General Hardware,"Woodstock Intl, Industrial Hardware, T27417",INDUSTRIAL HARDWARE ALUMINUM OXIDEA T274,"Woodstock Intl, T27417, Industrial Hardware, 1 Mounting","Woodstock Intl Industrial Hardware Model T27417. Abrasive Material: Aluminum Oxide, Package Quantity: 1 pc","Industrial Hardware, 1 Mounting",,,,,,,,,,,,,,,,,,,,,,,,,,,Industrial Hardware,Grit,,,Outer Diameter,,,Thickness,,,Arbor Size,,,Abrasive Material,Aluminum Oxide,,Package Quantity,1,pc,,,,,,,,,,,,,,,,,,,,,,,,,,,,,,,,,,,,,,,,,,,,,,,,,,,,,,,,,,,,,,,,,,,,,,,,,,,,,,,,,,,,,,,,,,,,,,,,,,,,,,,,,,,,,,,,,,,,,,,,,,,,,,,,,,,,,,,,,,,,,,,,,,,,,,,,,,,,,,,,,,,,,,,,,,,,,,,,,,,
